re im logsig
1.4250000000 -0.6250000000 -3.091050
1.4350000000 -0.6250000000 -3.103390
1.4450000000 -0.6250000000 -3.115530
1.4550000000 -0.6250000000 -3.127470
1.4650000000 -0.6250000000 -3.139190
1.4750000000 -0.6250000000 -3.150650
1.4850000000 -0.6250000000 -3.161850
1.4950000000 -0.6250000000 -3.172770
1.5050000000 -0.6250000000 -3.183380
1.5150000000 -0.6250000000 -3.193650
1.5250000000 -0.6250000000 -3.203570
1.5350000000 -0.6250000000 -3.213110
1.5450000000 -0.6250000000 -3.222240
1.5550000000 -0.6250000000 -3.230940
1.5650000000 -0.6250000000 -3.239180
1.5750000000 -0.6250000000 -3.246930
1.5850000000 -0.6250000000 -3.254180
1.5950000000 -0.6250000000 -3.260890
1.6050000000 -0.6250000000 -3.267030
1.6150000000 -0.6250000000 -3.272590
1.6250000000 -0.6250000000 -3.277540
1.6350000000 -0.6250000000 -3.281860
1.6450000000 -0.6250000000 -3.285520
1.6550000000 -0.6250000000 -3.288520
1.6650000000 -0.6250000000 -3.290830
1.6750000000 -0.6250000000 -3.292440
1.6850000000 -0.6250000000 -3.293350
1.6950000000 -0.6250000000 -3.293540
1.7050000000 -0.6250000000 -3.293030
1.7150000000 -0.6250000000 -3.291990
1.7250000000 -0.6250000000 -3.290240
1.7350000000 -0.6250000000 -3.287780
1.7450000000 -0.6250000000 -3.284630
1.7550000000 -0.6250000000 -3.280810
1.7650000000 -0.6250000000 -3.276340
1.7750000000 -0.6250000000 -3.271240
1.7850000000 -0.6250000000 -3.265540
1.7950000000 -0.6250000000 -3.259270
1.8050000000 -0.6250000000 -3.252450
1.8150000000 -0.6250000000 -3.245140
1.8250000000 -0.6250000000 -3.237340
1.8350000000 -0.6250000000 -3.229110
1.8450000000 -0.6250000000 -3.220470
1.8550000000 -0.6250000000 -3.211460
1.8650000000 -0.6250000000 -3.202110
1.8750000000 -0.6250000000 -3.192460
1.8850000000 -0.6250000000 -3.182530
1.8950000000 -0.6250000000 -3.172350
1.9050000000 -0.6250000000 -3.161960
1.9150000000 -0.6250000000 -3.151380
1.9250000000 -0.6250000000 -3.140640
1.9350000000 -0.6250000000 -3.129750
1.9450000000 -0.6250000000 -3.118760
1.9550000000 -0.6250000000 -3.107660
1.9650000000 -0.6250000000 -3.096500
1.9750000000 -0.6250000000 -3.085270
1.9850000000 -0.6250000000 -3.074010
1.9950000000 -0.6250000000 -3.062720
2.0050000000 -0.6250000000 -3.051420
2.0150000000 -0.6250000000 -3.040120
2.0250000000 -0.6250000000 -3.028830
1.4250000000 -0.6150000000 -3.080200
1.4350000000 -0.6150000000 -3.092700
1.4450000000 -0.6150000000 -3.105030
1.4550000000 -0.6150000000 -3.117160
1.4650000000 -0.6150000000 -3.129080
1.4750000000 -0.6150000000 -3.140780
1.4850000000 -0.6150000000 -3.152230
1.4950000000 -0.6150000000 -3.163410
1.5050000000 -0.6150000000 -3.174290
1.5150000000 -0.6150000000 -3.184860
1.5250000000 -0.6150000000 -3.195090
1.5350000000 -0.6150000000 -3.204950
1.5450000000 -0.6150000000 -3.214420
1.5550000000 -0.6150000000 -3.223480
1.5650000000 -0.6150000000 -3.232080
1.5750000000 -0.6150000000 -3.240210
1.5850000000 -0.6150000000 -3.247840
1.5950000000 -0.6150000000 -3.254930
1.6050000000 -0.6150000000 -3.261460
1.6150000000 -0.6150000000 -3.267410
1.6250000000 -0.6150000000 -3.272750
1.6350000000 -0.6150000000 -3.277440
1.6450000000 -0.6150000000 -3.281470
1.6550000000 -0.6150000000 -3.284830
1.6650000000 -0.6150000000 -3.287470
1.6750000000 -0.6150000000 -3.289410
1.6850000000 -0.6150000000 -3.290610
1.6950000000 -0.6150000000 -3.291080
1.7050000000 -0.6150000000 -3.290810
1.7150000000 -0.6150000000 -3.289830
1.7250000000 -0.6150000000 -3.288260
1.7350000000 -0.6150000000 -3.285960
1.7450000000 -0.6150000000 -3.282940
1.7550000000 -0.6150000000 -3.279220
1.7650000000 -0.6150000000 -3.274810
1.7750000000 -0.6150000000 -3.269760
1.7850000000 -0.6150000000 -3.264080
1.7950000000 -0.6150000000 -3.257800
1.8050000000 -0.6150000000 -3.250970
1.8150000000 -0.6150000000 -3.243610
1.8250000000 -0.6150000000 -3.235760
1.8350000000 -0.6150000000 -3.227450
1.8450000000 -0.6150000000 -3.218730
1.8550000000 -0.6150000000 -3.209630
1.8650000000 -0.6150000000 -3.200180
1.8750000000 -0.6150000000 -3.190420
1.8850000000 -0.6150000000 -3.180380
1.8950000000 -0.6150000000 -3.170100
1.9050000000 -0.6150000000 -3.159600
1.9150000000 -0.6150000000 -3.148910
1.9250000000 -0.6150000000 -3.138060
1.9350000000 -0.6150000000 -3.127070
1.9450000000 -0.6150000000 -3.115980
1.9550000000 -0.6150000000 -3.104790
1.9650000000 -0.6150000000 -3.093530
1.9750000000 -0.6150000000 -3.082220
1.9850000000 -0.6150000000 -3.070880
1.9950000000 -0.6150000000 -3.059520
2.0050000000 -0.6150000000 -3.048150
2.0150000000 -0.6150000000 -3.036780
2.0250000000 -0.6150000000 -3.025440
1.4250000000 -0.6050000000 -3.070040
1.4350000000 -0.6050000000 -3.082720
1.4450000000 -0.6050000000 -3.095240
1.4550000000 -0.6050000000 -3.107590
1.4650000000 -0.6050000000 -3.119740
1.4750000000 -0.6050000000 -3.131680
1.4850000000 -0.6050000000 -3.143400
1.4950000000 -0.6050000000 -3.154860
1.5050000000 -0.6050000000 -3.166040
1.5150000000 -0.6050000000 -3.176930
1.5250000000 -0.6050000000 -3.187490
1.5350000000 -0.6050000000 -3.197710
1.5450000000 -0.6050000000 -3.207540
1.5550000000 -0.6050000000 -3.216970
1.5650000000 -0.6050000000 -3.225960
1.5750000000 -0.6050000000 -3.234500
1.5850000000 -0.6050000000 -3.242530
1.5950000000 -0.6050000000 -3.250040
1.6050000000 -0.6050000000 -3.256990
1.6150000000 -0.6050000000 -3.263350
1.6250000000 -0.6050000000 -3.269090
1.6350000000 -0.6050000000 -3.274180
1.6450000000 -0.6050000000 -3.278610
1.6550000000 -0.6050000000 -3.282330
1.6650000000 -0.6050000000 -3.285330
1.6750000000 -0.6050000000 -3.287590
1.6850000000 -0.6050000000 -3.289100
1.6950000000 -0.6050000000 -3.289850
1.7050000000 -0.6050000000 -3.289820
1.7150000000 -0.6050000000 -3.289020
1.7250000000 -0.6050000000 -3.287490
1.7350000000 -0.6050000000 -3.285330
1.7450000000 -0.6050000000 -3.282420
1.7550000000 -0.6050000000 -3.278770
1.7650000000 -0.6050000000 -3.274410
1.7750000000 -0.6050000000 -3.269370
1.7850000000 -0.6050000000 -3.263670
1.7950000000 -0.6050000000 -3.257360
1.8050000000 -0.6050000000 -3.250460
1.8150000000 -0.6050000000 -3.243020
1.8250000000 -0.6050000000 -3.235070
1.8350000000 -0.6050000000 -3.226650
1.8450000000 -0.6050000000 -3.217810
1.8550000000 -0.6050000000 -3.208570
1.8650000000 -0.6050000000 -3.198990
1.8750000000 -0.6050000000 -3.189080
1.8850000000 -0.6050000000 -3.178900
1.8950000000 -0.6050000000 -3.168480
1.9050000000 -0.6050000000 -3.157830
1.9150000000 -0.6050000000 -3.147010
1.9250000000 -0.6050000000 -3.136020
1.9350000000 -0.6050000000 -3.124910
1.9450000000 -0.6050000000 -3.113690
1.9550000000 -0.6050000000 -3.102390
1.9650000000 -0.6050000000 -3.091020
1.9750000000 -0.6050000000 -3.079600
1.9850000000 -0.6050000000 -3.068160
1.9950000000 -0.6050000000 -3.056700
2.0050000000 -0.6050000000 -3.045250
2.0150000000 -0.6050000000 -3.033800
2.0250000000 -0.6050000000 -3.022380
1.4250000000 -0.5950000000 -3.060560
1.4350000000 -0.5950000000 -3.073430
1.4450000000 -0.5950000000 -3.086160
1.4550000000 -0.5950000000 -3.098730
1.4650000000 -0.5950000000 -3.111130
1.4750000000 -0.5950000000 -3.123340
1.4850000000 -0.5950000000 -3.135340
1.4950000000 -0.5950000000 -3.147100
1.5050000000 -0.5950000000 -3.158610
1.5150000000 -0.5950000000 -3.169830
1.5250000000 -0.5950000000 -3.180760
1.5350000000 -0.5950000000 -3.191350
1.5450000000 -0.5950000000 -3.201570
1.5550000000 -0.5950000000 -3.211410
1.5650000000 -0.5950000000 -3.220820
1.5750000000 -0.5950000000 -3.229780
1.5850000000 -0.5950000000 -3.238250
1.5950000000 -0.5950000000 -3.246200
1.6050000000 -0.5950000000 -3.253600
1.6150000000 -0.5950000000 -3.260400
1.6250000000 -0.5950000000 -3.266570
1.6350000000 -0.5950000000 -3.272100
1.6450000000 -0.5950000000 -3.276930
1.6550000000 -0.5950000000 -3.281040
1.6650000000 -0.5950000000 -3.284410
1.6750000000 -0.5950000000 -3.287020
1.6850000000 -0.5950000000 -3.288830
1.6950000000 -0.5950000000 -3.289860
1.7050000000 -0.5950000000 -3.290070
1.7150000000 -0.5950000000 -3.289480
1.7250000000 -0.5950000000 -3.288080
1.7350000000 -0.5950000000 -3.285920
1.7450000000 -0.5950000000 -3.283090
1.7550000000 -0.5950000000 -3.279490
1.7650000000 -0.5950000000 -3.275140
1.7750000000 -0.5950000000 -3.270080
1.7850000000 -0.5950000000 -3.264330
1.7950000000 -0.5950000000 -3.257940
1.8050000000 -0.5950000000 -3.250940
1.8150000000 -0.5950000000 -3.243370
1.8250000000 -0.5950000000 -3.235280
1.8350000000 -0.5950000000 -3.226710
1.8450000000 -0.5950000000 -3.217700
1.8550000000 -0.5950000000 -3.208290
1.8650000000 -0.5950000000 -3.198520
1.8750000000 -0.5950000000 -3.188440
1.8850000000 -0.5950000000 -3.178080
1.8950000000 -0.5950000000 -3.167480
1.9050000000 -0.5950000000 -3.156660
1.9150000000 -0.5950000000 -3.145670
1.9250000000 -0.5950000000 -3.134520
1.9350000000 -0.5950000000 -3.123250
1.9450000000 -0.5950000000 -3.111880
1.9550000000 -0.5950000000 -3.100430
1.9650000000 -0.5950000000 -3.088930
1.9750000000 -0.5950000000 -3.077380
1.9850000000 -0.5950000000 -3.065820
1.9950000000 -0.5950000000 -3.054250
2.0050000000 -0.5950000000 -3.042700
2.0150000000 -0.5950000000 -3.031160
2.0250000000 -0.5950000000 -3.019650
1.4250000000 -0.5850000000 -3.051730
1.4350000000 -0.5850000000 -3.064810
1.4450000000 -0.5850000000 -3.077760
1.4550000000 -0.5850000000 -3.090580
1.4650000000 -0.5850000000 -3.103240
1.4750000000 -0.5850000000 -3.115730
1.4850000000 -0.5850000000 -3.128030
1.4950000000 -0.5850000000 -3.140120
1.5050000000 -0.5850000000 -3.151970
1.5150000000 -0.5850000000 -3.163560
1.5250000000 -0.5850000000 -3.174870
1.5350000000 -0.5850000000 -3.185860
1.5450000000 -0.5850000000 -3.196500
1.5550000000 -0.5850000000 -3.206770
1.5650000000 -0.5850000000 -3.216640
1.5750000000 -0.5850000000 -3.226060
1.5850000000 -0.5850000000 -3.235000
1.5950000000 -0.5850000000 -3.243420
1.6050000000 -0.5850000000 -3.251290
1.6150000000 -0.5850000000 -3.258560
1.6250000000 -0.5850000000 -3.265210
1.6350000000 -0.5850000000 -3.271180
1.6450000000 -0.5850000000 -3.276450
1.6550000000 -0.5850000000 -3.280980
1.6650000000 -0.5850000000 -3.284740
1.6750000000 -0.5850000000 -3.287700
1.6850000000 -0.5850000000 -3.289840
1.6950000000 -0.5850000000 -3.291140
1.7050000000 -0.5850000000 -3.291600
1.7150000000 -0.5850000000 -3.291200
1.7250000000 -0.5850000000 -3.289960
1.7350000000 -0.5850000000 -3.287860
1.7450000000 -0.5850000000 -3.284990
1.7550000000 -0.5850000000 -3.281410
1.7650000000 -0.5850000000 -3.277040
1.7750000000 -0.5850000000 -3.271910
1.7850000000 -0.5850000000 -3.266070
1.7950000000 -0.5850000000 -3.259560
1.8050000000 -0.5850000000 -3.252410
1.8150000000 -0.5850000000 -3.244670
1.8250000000 -0.5850000000 -3.236390
1.8350000000 -0.5850000000 -3.227620
1.8450000000 -0.5850000000 -3.218400
1.8550000000 -0.5850000000 -3.208770
1.8650000000 -0.5850000000 -3.198790
1.8750000000 -0.5850000000 -3.188490
1.8850000000 -0.5850000000 -3.177910
1.8950000000 -0.5850000000 -3.167090
1.9050000000 -0.5850000000 -3.156060
1.9150000000 -0.5850000000 -3.144860
1.9250000000 -0.5850000000 -3.133520
1.9350000000 -0.5850000000 -3.122060
1.9450000000 -0.5850000000 -3.110510
1.9550000000 -0.5850000000 -3.098900
1.9650000000 -0.5850000000 -3.087240
1.9750000000 -0.5850000000 -3.075550
1.9850000000 -0.5850000000 -3.063850
1.9950000000 -0.5850000000 -3.052150
2.0050000000 -0.5850000000 -3.040480
2.0150000000 -0.5850000000 -3.028830
2.0250000000 -0.5850000000 -3.017220
1.4250000000 -0.5750000000 -3.043550
1.4350000000 -0.5750000000 -3.056840
1.4450000000 -0.5750000000 -3.070030
1.4550000000 -0.5750000000 -3.083110
1.4650000000 -0.5750000000 -3.096050
1.4750000000 -0.5750000000 -3.108840
1.4850000000 -0.5750000000 -3.121460
1.4950000000 -0.5750000000 -3.133890
1.5050000000 -0.5750000000 -3.146100
1.5150000000 -0.5750000000 -3.158080
1.5250000000 -0.5750000000 -3.169800
1.5350000000 -0.5750000000 -3.181210
1.5450000000 -0.5750000000 -3.192310
1.5550000000 -0.5750000000 -3.203050
1.5650000000 -0.5750000000 -3.213400
1.5750000000 -0.5750000000 -3.223310
1.5850000000 -0.5750000000 -3.232750
1.5950000000 -0.5750000000 -3.241690
1.6050000000 -0.5750000000 -3.250070
1.6150000000 -0.5750000000 -3.257850
1.6250000000 -0.5750000000 -3.264990
1.6350000000 -0.5750000000 -3.271450
1.6450000000 -0.5750000000 -3.277190
1.6550000000 -0.5750000000 -3.282160
1.6650000000 -0.5750000000 -3.286330
1.6750000000 -0.5750000000 -3.289660
1.6850000000 -0.5750000000 -3.292140
1.6950000000 -0.5750000000 -3.293730
1.7050000000 -0.5750000000 -3.294430
1.7150000000 -0.5750000000 -3.294230
1.7250000000 -0.5750000000 -3.293120
1.7350000000 -0.5750000000 -3.291120
1.7450000000 -0.5750000000 -3.288240
1.7550000000 -0.5750000000 -3.284550
1.7650000000 -0.5750000000 -3.280120
1.7750000000 -0.5750000000 -3.274900
1.7850000000 -0.5750000000 -3.268920
1.7950000000 -0.5750000000 -3.262230
1.8050000000 -0.5750000000 -3.254880
1.8150000000 -0.5750000000 -3.246920
1.8250000000 -0.5750000000 -3.238410
1.8350000000 -0.5750000000 -3.229380
1.8450000000 -0.5750000000 -3.219900
1.8550000000 -0.5750000000 -3.210010
1.8650000000 -0.5750000000 -3.199760
1.8750000000 -0.5750000000 -3.189200
1.8850000000 -0.5750000000 -3.178360
1.8950000000 -0.5750000000 -3.167280
1.9050000000 -0.5750000000 -3.156010
1.9150000000 -0.5750000000 -3.144570
1.9250000000 -0.5750000000 -3.133000
1.9350000000 -0.5750000000 -3.121330
1.9450000000 -0.5750000000 -3.109580
1.9550000000 -0.5750000000 -3.097770
1.9650000000 -0.5750000000 -3.085930
1.9750000000 -0.5750000000 -3.074070
1.9850000000 -0.5750000000 -3.062210
1.9950000000 -0.5750000000 -3.050370
2.0050000000 -0.5750000000 -3.038560
2.0150000000 -0.5750000000 -3.026790
2.0250000000 -0.5750000000 -3.015070
1.4250000000 -0.5650000000 -3.035980
1.4350000000 -0.5650000000 -3.049500
1.4450000000 -0.5650000000 -3.062940
1.4550000000 -0.5650000000 -3.076290
1.4650000000 -0.5650000000 -3.089520
1.4750000000 -0.5650000000 -3.102620
1.4850000000 -0.5650000000 -3.115590
1.4950000000 -0.5650000000 -3.128380
1.5050000000 -0.5650000000 -3.140990
1.5150000000 -0.5650000000 -3.153380
1.5250000000 -0.5650000000 -3.165520
1.5350000000 -0.5650000000 -3.177400
1.5450000000 -0.5650000000 -3.188980
1.5550000000 -0.5650000000 -3.200210
1.5650000000 -0.5650000000 -3.211070
1.5750000000 -0.5650000000 -3.221520
1.5850000000 -0.5650000000 -3.231500
1.5950000000 -0.5650000000 -3.240990
1.6050000000 -0.5650000000 -3.249920
1.6150000000 -0.5650000000 -3.258250
1.6250000000 -0.5650000000 -3.265930
1.6350000000 -0.5650000000 -3.272920
1.6450000000 -0.5650000000 -3.279150
1.6550000000 -0.5650000000 -3.284600
1.6650000000 -0.5650000000 -3.289210
1.6750000000 -0.5650000000 -3.292950
1.6850000000 -0.5650000000 -3.295770
1.6950000000 -0.5650000000 -3.297670
1.7050000000 -0.5650000000 -3.298610
1.7150000000 -0.5650000000 -3.298590
1.7250000000 -0.5650000000 -3.297610
1.7350000000 -0.5650000000 -3.295680
1.7450000000 -0.5650000000 -3.292810
1.7550000000 -0.5650000000 -3.289030
1.7650000000 -0.5650000000 -3.284420
1.7750000000 -0.5650000000 -3.279050
1.7850000000 -0.5650000000 -3.272880
1.7950000000 -0.5650000000 -3.265970
1.8050000000 -0.5650000000 -3.258370
1.8150000000 -0.5650000000 -3.250140
1.8250000000 -0.5650000000 -3.241330
1.8350000000 -0.5650000000 -3.232000
1.8450000000 -0.5650000000 -3.222210
1.8550000000 -0.5650000000 -3.212000
1.8650000000 -0.5650000000 -3.201430
1.8750000000 -0.5650000000 -3.190550
1.8850000000 -0.5650000000 -3.179410
1.8950000000 -0.5650000000 -3.168040
1.9050000000 -0.5650000000 -3.156480
1.9150000000 -0.5650000000 -3.144770
1.9250000000 -0.5650000000 -3.132940
1.9350000000 -0.5650000000 -3.121020
1.9450000000 -0.5650000000 -3.109040
1.9550000000 -0.5650000000 -3.097010
1.9650000000 -0.5650000000 -3.084970
1.9750000000 -0.5650000000 -3.072920
1.9850000000 -0.5650000000 -3.060890
1.9950000000 -0.5650000000 -3.048890
2.0050000000 -0.5650000000 -3.036930
2.0150000000 -0.5650000000 -3.025020
2.0250000000 -0.5650000000 -3.013170
1.4250000000 -0.5550000000 -3.029010
1.4350000000 -0.5550000000 -3.042770
1.4450000000 -0.5550000000 -3.056470
1.4550000000 -0.5550000000 -3.070090
1.4650000000 -0.5550000000 -3.083630
1.4750000000 -0.5550000000 -3.097070
1.4850000000 -0.5550000000 -3.110390
1.4950000000 -0.5550000000 -3.123570
1.5050000000 -0.5550000000 -3.136580
1.5150000000 -0.5550000000 -3.149410
1.5250000000 -0.5550000000 -3.162020
1.5350000000 -0.5550000000 -3.174380
1.5450000000 -0.5550000000 -3.186470
1.5550000000 -0.5550000000 -3.198240
1.5650000000 -0.5550000000 -3.209650
1.5750000000 -0.5550000000 -3.220670
1.5850000000 -0.5550000000 -3.231240
1.5950000000 -0.5550000000 -3.241310
1.6050000000 -0.5550000000 -3.250840
1.6150000000 -0.5550000000 -3.259760
1.6250000000 -0.5550000000 -3.268030
1.6350000000 -0.5550000000 -3.275590
1.6450000000 -0.5550000000 -3.282370
1.6550000000 -0.5550000000 -3.288330
1.6650000000 -0.5550000000 -3.293420
1.6750000000 -0.5550000000 -3.297580
1.6850000000 -0.5550000000 -3.300780
1.6950000000 -0.5550000000 -3.302990
1.7050000000 -0.5550000000 -3.304180
1.7150000000 -0.5550000000 -3.304350
1.7250000000 -0.5550000000 -3.303480
1.7350000000 -0.5550000000 -3.301590
1.7450000000 -0.5550000000 -3.298700
1.7550000000 -0.5550000000 -3.294840
1.7650000000 -0.5550000000 -3.290050
1.7750000000 -0.5550000000 -3.284410
1.7850000000 -0.5550000000 -3.278000
1.7950000000 -0.5550000000 -3.270810
1.8050000000 -0.5550000000 -3.262890
1.8150000000 -0.5550000000 -3.254320
1.8250000000 -0.5550000000 -3.245160
1.8350000000 -0.5550000000 -3.235460
1.8450000000 -0.5550000000 -3.225290
1.8550000000 -0.5550000000 -3.214710
1.8650000000 -0.5550000000 -3.203780
1.8750000000 -0.5550000000 -3.192540
1.8850000000 -0.5550000000 -3.181040
1.8950000000 -0.5550000000 -3.169330
1.9050000000 -0.5550000000 -3.157450
1.9150000000 -0.5550000000 -3.145430
1.9250000000 -0.5550000000 -3.133310
1.9350000000 -0.5550000000 -3.121110
1.9450000000 -0.5550000000 -3.108870
1.9550000000 -0.5550000000 -3.096600
1.9650000000 -0.5550000000 -3.084330
1.9750000000 -0.5550000000 -3.072080
1.9850000000 -0.5550000000 -3.059850
1.9950000000 -0.5550000000 -3.047670
2.0050000000 -0.5550000000 -3.035540
2.0150000000 -0.5550000000 -3.023490
2.0250000000 -0.5550000000 -3.011500
1.4250000000 -0.5450000000 -3.022610
1.4350000000 -0.5450000000 -3.036610
1.4450000000 -0.5450000000 -3.050580
1.4550000000 -0.5450000000 -3.064500
1.4650000000 -0.5450000000 -3.078360
1.4750000000 -0.5450000000 -3.092140
1.4850000000 -0.5450000000 -3.105840
1.4950000000 -0.5450000000 -3.119410
1.5050000000 -0.5450000000 -3.132860
1.5150000000 -0.5450000000 -3.146140
1.5250000000 -0.5450000000 -3.159240
1.5350000000 -0.5450000000 -3.172130
1.5450000000 -0.5450000000 -3.184750
1.5550000000 -0.5450000000 -3.197090
1.5650000000 -0.5450000000 -3.209100
1.5750000000 -0.5450000000 -3.220730
1.5850000000 -0.5450000000 -3.231930
1.5950000000 -0.5450000000 -3.242640
1.6050000000 -0.5450000000 -3.252820
1.6150000000 -0.5450000000 -3.262390
1.6250000000 -0.5450000000 -3.271300
1.6350000000 -0.5450000000 -3.279470
1.6450000000 -0.5450000000 -3.286860
1.6550000000 -0.5450000000 -3.293380
1.6650000000 -0.5450000000 -3.298980
1.6750000000 -0.5450000000 -3.303610
1.6850000000 -0.5450000000 -3.307210
1.6950000000 -0.5450000000 -3.309760
1.7050000000 -0.5450000000 -3.311210
1.7150000000 -0.5450000000 -3.311550
1.7250000000 -0.5450000000 -3.310790
1.7350000000 -0.5450000000 -3.308920
1.7450000000 -0.5450000000 -3.305980
1.7550000000 -0.5450000000 -3.301990
1.7650000000 -0.5450000000 -3.297000
1.7750000000 -0.5450000000 -3.291060
1.7850000000 -0.5450000000 -3.284280
1.7950000000 -0.5450000000 -3.276740
1.8050000000 -0.5450000000 -3.268450
1.8150000000 -0.5450000000 -3.259470
1.8250000000 -0.5450000000 -3.249880
1.8350000000 -0.5450000000 -3.239750
1.8450000000 -0.5450000000 -3.229150
1.8550000000 -0.5450000000 -3.218140
1.8650000000 -0.5450000000 -3.206780
1.8750000000 -0.5450000000 -3.195120
1.8850000000 -0.5450000000 -3.183230
1.8950000000 -0.5450000000 -3.171130
1.9050000000 -0.5450000000 -3.158890
1.9150000000 -0.5450000000 -3.146520
1.9250000000 -0.5450000000 -3.134070
1.9350000000 -0.5450000000 -3.121570
1.9450000000 -0.5450000000 -3.109040
1.9550000000 -0.5450000000 -3.096510
1.9650000000 -0.5450000000 -3.083990
1.9750000000 -0.5450000000 -3.071510
1.9850000000 -0.5450000000 -3.059070
1.9950000000 -0.5450000000 -3.046690
2.0050000000 -0.5450000000 -3.034390
2.0150000000 -0.5450000000 -3.022170
2.0250000000 -0.5450000000 -3.010030
1.4250000000 -0.5350000000 -3.016750
1.4350000000 -0.5350000000 -3.031000
1.4450000000 -0.5350000000 -3.045240
1.4550000000 -0.5350000000 -3.059460
1.4650000000 -0.5350000000 -3.073660
1.4750000000 -0.5350000000 -3.087800
1.4850000000 -0.5350000000 -3.101880
1.4950000000 -0.5350000000 -3.115880
1.5050000000 -0.5350000000 -3.129780
1.5150000000 -0.5350000000 -3.143550
1.5250000000 -0.5350000000 -3.157160
1.5350000000 -0.5350000000 -3.170590
1.5450000000 -0.5350000000 -3.183800
1.5550000000 -0.5350000000 -3.196740
1.5650000000 -0.5350000000 -3.209390
1.5750000000 -0.5350000000 -3.221680
1.5850000000 -0.5350000000 -3.233560
1.5950000000 -0.5350000000 -3.244970
1.6050000000 -0.5350000000 -3.255850
1.6150000000 -0.5350000000 -3.266130
1.6250000000 -0.5350000000 -3.275730
1.6350000000 -0.5350000000 -3.284590
1.6450000000 -0.5350000000 -3.292630
1.6550000000 -0.5350000000 -3.299770
1.6650000000 -0.5350000000 -3.305940
1.6750000000 -0.5350000000 -3.311080
1.6850000000 -0.5350000000 -3.315120
1.6950000000 -0.5350000000 -3.318020
1.7050000000 -0.5350000000 -3.319750
1.7150000000 -0.5350000000 -3.320280
1.7250000000 -0.5350000000 -3.319600
1.7350000000 -0.5350000000 -3.317730
1.7450000000 -0.5350000000 -3.314690
1.7550000000 -0.5350000000 -3.310520
1.7650000000 -0.5350000000 -3.305270
1.7750000000 -0.5350000000 -3.299020
1.7850000000 -0.5350000000 -3.291820
1.7950000000 -0.5350000000 -3.283800
1.8050000000 -0.5350000000 -3.275050
1.8150000000 -0.5350000000 -3.265580
1.8250000000 -0.5350000000 -3.255500
1.8350000000 -0.5350000000 -3.244860
1.8450000000 -0.5350000000 -3.233760
1.8550000000 -0.5350000000 -3.222250
1.8650000000 -0.5350000000 -3.210400
1.8750000000 -0.5350000000 -3.198280
1.8850000000 -0.5350000000 -3.185930
1.8950000000 -0.5350000000 -3.173410
1.9050000000 -0.5350000000 -3.160760
1.9150000000 -0.5350000000 -3.148010
1.9250000000 -0.5350000000 -3.135200
1.9350000000 -0.5350000000 -3.122360
1.9450000000 -0.5350000000 -3.109520
1.9550000000 -0.5350000000 -3.096700
1.9650000000 -0.5350000000 -3.083910
1.9750000000 -0.5350000000 -3.071180
1.9850000000 -0.5350000000 -3.058510
1.9950000000 -0.5350000000 -3.045930
2.0050000000 -0.5350000000 -3.033430
2.0150000000 -0.5350000000 -3.021030
2.0250000000 -0.5350000000 -3.008740
1.4250000000 -0.5250000000 -3.011390
1.4350000000 -0.5250000000 -3.025890
1.4450000000 -0.5250000000 -3.040420
1.4550000000 -0.5250000000 -3.054950
1.4650000000 -0.5250000000 -3.069490
1.4750000000 -0.5250000000 -3.084000
1.4850000000 -0.5250000000 -3.098490
1.4950000000 -0.5250000000 -3.112930
1.5050000000 -0.5250000000 -3.127300
1.5150000000 -0.5250000000 -3.141570
1.5250000000 -0.5250000000 -3.155730
1.5350000000 -0.5250000000 -3.169740
1.5450000000 -0.5250000000 -3.183560
1.5550000000 -0.5250000000 -3.197160
1.5650000000 -0.5250000000 -3.210480
1.5750000000 -0.5250000000 -3.223480
1.5850000000 -0.5250000000 -3.236090
1.5950000000 -0.5250000000 -3.248260
1.6050000000 -0.5250000000 -3.259910
1.6150000000 -0.5250000000 -3.270970
1.6250000000 -0.5250000000 -3.281340
1.6350000000 -0.5250000000 -3.290960
1.6450000000 -0.5250000000 -3.299720
1.6550000000 -0.5250000000 -3.307550
1.6650000000 -0.5250000000 -3.314360
1.6750000000 -0.5250000000 -3.320060
1.6850000000 -0.5250000000 -3.324580
1.6950000000 -0.5250000000 -3.327870
1.7050000000 -0.5250000000 -3.329890
1.7150000000 -0.5250000000 -3.330590
1.7250000000 -0.5250000000 -3.329990
1.7350000000 -0.5250000000 -3.328080
1.7450000000 -0.5250000000 -3.324900
1.7550000000 -0.5250000000 -3.320500
1.7650000000 -0.5250000000 -3.314930
1.7750000000 -0.5250000000 -3.308270
1.7850000000 -0.5250000000 -3.300620
1.7950000000 -0.5250000000 -3.292050
1.8050000000 -0.5250000000 -3.282700
1.8150000000 -0.5250000000 -3.272670
1.8250000000 -0.5250000000 -3.262000
1.8350000000 -0.5250000000 -3.250780
1.8450000000 -0.5250000000 -3.239100
1.8550000000 -0.5250000000 -3.227020
1.8650000000 -0.5250000000 -3.214630
1.8750000000 -0.5250000000 -3.201980
1.8850000000 -0.5250000000 -3.189130
1.8950000000 -0.5250000000 -3.176130
1.9050000000 -0.5250000000 -3.163030
1.9150000000 -0.5250000000 -3.149860
1.9250000000 -0.5250000000 -3.136660
1.9350000000 -0.5250000000 -3.123450
1.9450000000 -0.5250000000 -3.110270
1.9550000000 -0.5250000000 -3.097130
1.9650000000 -0.5250000000 -3.084060
1.9750000000 -0.5250000000 -3.071060
1.9850000000 -0.5250000000 -3.058150
1.9950000000 -0.5250000000 -3.045340
2.0050000000 -0.5250000000 -3.032640
2.0150000000 -0.5250000000 -3.020050
2.0250000000 -0.5250000000 -3.007590
1.4250000000 -0.5150000000 -3.006490
1.4350000000 -0.5150000000 -3.021260
1.4450000000 -0.5150000000 -3.036070
1.4550000000 -0.5150000000 -3.050930
1.4650000000 -0.5150000000 -3.065810
1.4750000000 -0.5150000000 -3.080710
1.4850000000 -0.5150000000 -3.095610
1.4950000000 -0.5150000000 -3.110510
1.5050000000 -0.5150000000 -3.125370
1.5150000000 -0.5150000000 -3.140170
1.5250000000 -0.5150000000 -3.154900
1.5350000000 -0.5150000000 -3.169520
1.5450000000 -0.5150000000 -3.183990
1.5550000000 -0.5150000000 -3.198280
1.5650000000 -0.5150000000 -3.212330
1.5750000000 -0.5150000000 -3.226090
1.5850000000 -0.5150000000 -3.239510
1.5950000000 -0.5150000000 -3.252500
1.6050000000 -0.5150000000 -3.264990
1.6150000000 -0.5150000000 -3.276900
1.6250000000 -0.5150000000 -3.288130
1.6350000000 -0.5150000000 -3.298590
1.6450000000 -0.5150000000 -3.308170
1.6550000000 -0.5150000000 -3.316760
1.6650000000 -0.5150000000 -3.324270
1.6750000000 -0.5150000000 -3.330600
1.6850000000 -0.5150000000 -3.335660
1.6950000000 -0.5150000000 -3.339380
1.7050000000 -0.5150000000 -3.341710
1.7150000000 -0.5150000000 -3.342600
1.7250000000 -0.5150000000 -3.342050
1.7350000000 -0.5150000000 -3.340070
1.7450000000 -0.5150000000 -3.336700
1.7550000000 -0.5150000000 -3.331990
1.7650000000 -0.5150000000 -3.326020
1.7750000000 -0.5150000000 -3.318880
1.7850000000 -0.5150000000 -3.310670
1.7950000000 -0.5150000000 -3.301490
1.8050000000 -0.5150000000 -3.291460
1.8150000000 -0.5150000000 -3.280720
1.8250000000 -0.5150000000 -3.269380
1.8350000000 -0.5150000000 -3.257490
1.8450000000 -0.5150000000 -3.245150
1.8550000000 -0.5150000000 -3.232430
1.8650000000 -0.5150000000 -3.219420
1.8750000000 -0.5150000000 -3.206180
1.8850000000 -0.5150000000 -3.192770
1.8950000000 -0.5150000000 -3.179250
1.9050000000 -0.5150000000 -3.165660
1.9150000000 -0.5150000000 -3.152030
1.9250000000 -0.5150000000 -3.138400
1.9350000000 -0.5150000000 -3.124800
1.9450000000 -0.5150000000 -3.111250
1.9550000000 -0.5150000000 -3.097780
1.9650000000 -0.5150000000 -3.084400
1.9750000000 -0.5150000000 -3.071110
1.9850000000 -0.5150000000 -3.057940
1.9950000000 -0.5150000000 -3.044900
2.0050000000 -0.5150000000 -3.031980
2.0150000000 -0.5150000000 -3.019210
2.0250000000 -0.5150000000 -3.006570
1.4250000000 -0.5050000000 -3.002020
1.4350000000 -0.5050000000 -3.017050
1.4450000000 -0.5050000000 -3.032160
1.4550000000 -0.5050000000 -3.047340
1.4650000000 -0.5050000000 -3.062580
1.4750000000 -0.5050000000 -3.077870
1.4850000000 -0.5050000000 -3.093200
1.4950000000 -0.5050000000 -3.108570
1.5050000000 -0.5050000000 -3.123940
1.5150000000 -0.5050000000 -3.139300
1.5250000000 -0.5050000000 -3.154620
1.5350000000 -0.5050000000 -3.169880
1.5450000000 -0.5050000000 -3.185040
1.5550000000 -0.5050000000 -3.200060
1.5650000000 -0.5050000000 -3.214900
1.5750000000 -0.5050000000 -3.229480
1.5850000000 -0.5050000000 -3.243760
1.5950000000 -0.5050000000 -3.257650
1.6050000000 -0.5050000000 -3.271070
1.6150000000 -0.5050000000 -3.283920
1.6250000000 -0.5050000000 -3.296100
1.6350000000 -0.5050000000 -3.307490
1.6450000000 -0.5050000000 -3.317980
1.6550000000 -0.5050000000 -3.327440
1.6650000000 -0.5050000000 -3.335750
1.6750000000 -0.5050000000 -3.342790
1.6850000000 -0.5050000000 -3.348460
1.6950000000 -0.5050000000 -3.352660
1.7050000000 -0.5050000000 -3.355330
1.7150000000 -0.5050000000 -3.356410
1.7250000000 -0.5050000000 -3.355900
1.7350000000 -0.5050000000 -3.353810
1.7450000000 -0.5050000000 -3.350180
1.7550000000 -0.5050000000 -3.345090
1.7650000000 -0.5050000000 -3.338620
1.7750000000 -0.5050000000 -3.330880
1.7850000000 -0.5050000000 -3.322000
1.7950000000 -0.5050000000 -3.312110
1.8050000000 -0.5050000000 -3.301320
1.8150000000 -0.5050000000 -3.289780
1.8250000000 -0.5050000000 -3.277610
1.8350000000 -0.5050000000 -3.264960
1.8450000000 -0.5050000000 -3.251870
1.8550000000 -0.5050000000 -3.238430
1.8650000000 -0.5050000000 -3.224730
1.8750000000 -0.5050000000 -3.210840
1.8850000000 -0.5050000000 -3.196820
1.8950000000 -0.5050000000 -3.182720
1.9050000000 -0.5050000000 -3.168590
1.9150000000 -0.5050000000 -3.154470
1.9250000000 -0.5050000000 -3.140380
1.9350000000 -0.5050000000 -3.126360
1.9450000000 -0.5050000000 -3.112430
1.9550000000 -0.5050000000 -3.098600
1.9650000000 -0.5050000000 -3.084890
1.9750000000 -0.5050000000 -3.071310
1.9850000000 -0.5050000000 -3.057870
1.9950000000 -0.5050000000 -3.044580
2.0050000000 -0.5050000000 -3.031440
2.0150000000 -0.5050000000 -3.018460
2.0250000000 -0.5050000000 -3.005640
1.4250000000 -0.4950000000 -2.997930
1.4350000000 -0.4950000000 -3.013230
1.4450000000 -0.4950000000 -3.028630
1.4550000000 -0.4950000000 -3.044140
1.4650000000 -0.4950000000 -3.059740
1.4750000000 -0.4950000000 -3.075440
1.4850000000 -0.4950000000 -3.091210
1.4950000000 -0.4950000000 -3.107050
1.5050000000 -0.4950000000 -3.122950
1.5150000000 -0.4950000000 -3.138880
1.5250000000 -0.4950000000 -3.154830
1.5350000000 -0.4950000000 -3.170770
1.5450000000 -0.4950000000 -3.186660
1.5550000000 -0.4950000000 -3.202460
1.5650000000 -0.4950000000 -3.218120
1.5750000000 -0.4950000000 -3.233590
1.5850000000 -0.4950000000 -3.248800
1.5950000000 -0.4950000000 -3.263670
1.6050000000 -0.4950000000 -3.278100
1.6150000000 -0.4950000000 -3.292000
1.6250000000 -0.4950000000 -3.305230
1.6350000000 -0.4950000000 -3.317680
1.6450000000 -0.4950000000 -3.329190
1.6550000000 -0.4950000000 -3.339640
1.6650000000 -0.4950000000 -3.348870
1.6750000000 -0.4950000000 -3.356730
1.6850000000 -0.4950000000 -3.363090
1.6950000000 -0.4950000000 -3.367840
1.7050000000 -0.4950000000 -3.370880
1.7150000000 -0.4950000000 -3.372170
1.7250000000 -0.4950000000 -3.371680
1.7350000000 -0.4950000000 -3.369430
1.7450000000 -0.4950000000 -3.365470
1.7550000000 -0.4950000000 -3.359890
1.7650000000 -0.4950000000 -3.352810
1.7750000000 -0.4950000000 -3.344350
1.7850000000 -0.4950000000 -3.334670
1.7950000000 -0.4950000000 -3.323920
1.8050000000 -0.4950000000 -3.312250
1.8150000000 -0.4950000000 -3.299810
1.8250000000 -0.4950000000 -3.286730
1.8350000000 -0.4950000000 -3.273150
1.8450000000 -0.4950000000 -3.259220
1.8550000000 -0.4950000000 -3.244980
1.8650000000 -0.4950000000 -3.230520
1.8750000000 -0.4950000000 -3.215910
1.8850000000 -0.4950000000 -3.201220
1.8950000000 -0.4950000000 -3.186500
1.9050000000 -0.4950000000 -3.171790
1.9150000000 -0.4950000000 -3.157130
1.9250000000 -0.4950000000 -3.142560
1.9350000000 -0.4950000000 -3.128090
1.9450000000 -0.4950000000 -3.113740
1.9550000000 -0.4950000000 -3.099540
1.9650000000 -0.4950000000 -3.085490
1.9750000000 -0.4950000000 -3.071600
1.9850000000 -0.4950000000 -3.057880
1.9950000000 -0.4950000000 -3.044330
2.0050000000 -0.4950000000 -3.030970
2.0150000000 -0.4950000000 -3.017780
2.0250000000 -0.4950000000 -3.004770
1.4250000000 -0.4850000000 -2.994190
1.4350000000 -0.4850000000 -3.009750
1.4450000000 -0.4850000000 -3.025450
1.4550000000 -0.4850000000 -3.041280
1.4650000000 -0.4850000000 -3.057250
1.4750000000 -0.4850000000 -3.073350
1.4850000000 -0.4850000000 -3.089580
1.4950000000 -0.4850000000 -3.105910
1.5050000000 -0.4850000000 -3.122350
1.5150000000 -0.4850000000 -3.138870
1.5250000000 -0.4850000000 -3.155470
1.5350000000 -0.4850000000 -3.172110
1.5450000000 -0.4850000000 -3.188760
1.5550000000 -0.4850000000 -3.205380
1.5650000000 -0.4850000000 -3.221930
1.5750000000 -0.4850000000 -3.238350
1.5850000000 -0.4850000000 -3.254570
1.5950000000 -0.4850000000 -3.270500
1.6050000000 -0.4850000000 -3.286050
1.6150000000 -0.4850000000 -3.301100
1.6250000000 -0.4850000000 -3.315520
1.6350000000 -0.4850000000 -3.329150
1.6450000000 -0.4850000000 -3.341850
1.6550000000 -0.4850000000 -3.353420
1.6650000000 -0.4850000000 -3.363700
1.6750000000 -0.4850000000 -3.372510
1.6850000000 -0.4850000000 -3.379670
1.6950000000 -0.4850000000 -3.385060
1.7050000000 -0.4850000000 -3.388540
1.7150000000 -0.4850000000 -3.390050
1.7250000000 -0.4850000000 -3.389550
1.7350000000 -0.4850000000 -3.387080
1.7450000000 -0.4850000000 -3.382700
1.7550000000 -0.4850000000 -3.376520
1.7650000000 -0.4850000000 -3.368680
1.7750000000 -0.4850000000 -3.359350
1.7850000000 -0.4850000000 -3.348710
1.7950000000 -0.4850000000 -3.336950
1.8050000000 -0.4850000000 -3.324240
1.8150000000 -0.4850000000 -3.310760
1.8250000000 -0.4850000000 -3.296660
1.8350000000 -0.4850000000 -3.282080
1.8450000000 -0.4850000000 -3.267150
1.8550000000 -0.4850000000 -3.252010
1.8650000000 -0.4850000000 -3.236710
1.8750000000 -0.4850000000 -3.221320
1.8850000000 -0.4850000000 -3.205900
1.8950000000 -0.4850000000 -3.190510
1.9050000000 -0.4850000000 -3.175190
1.9150000000 -0.4850000000 -3.159970
1.9250000000 -0.4850000000 -3.144880
1.9350000000 -0.4850000000 -3.129940
1.9450000000 -0.4850000000 -3.115160
1.9550000000 -0.4850000000 -3.100570
1.9650000000 -0.4850000000 -3.086170
1.9750000000 -0.4850000000 -3.071960
1.9850000000 -0.4850000000 -3.057950
1.9950000000 -0.4850000000 -3.044140
2.0050000000 -0.4850000000 -3.030530
2.0150000000 -0.4850000000 -3.017130
2.0250000000 -0.4850000000 -3.003930
1.4250000000 -0.4750000000 -2.990740
1.4350000000 -0.4750000000 -3.006570
1.4450000000 -0.4750000000 -3.022560
1.4550000000 -0.4750000000 -3.038720
1.4650000000 -0.4750000000 -3.055060
1.4750000000 -0.4750000000 -3.071570
1.4850000000 -0.4750000000 -3.088240
1.4950000000 -0.4750000000 -3.105080
1.5050000000 -0.4750000000 -3.122060
1.5150000000 -0.4750000000 -3.139200
1.5250000000 -0.4750000000 -3.156460
1.5350000000 -0.4750000000 -3.173820
1.5450000000 -0.4750000000 -3.191270
1.5550000000 -0.4750000000 -3.208760
1.5650000000 -0.4750000000 -3.226250
1.5750000000 -0.4750000000 -3.243690
1.5850000000 -0.4750000000 -3.260990
1.5950000000 -0.4750000000 -3.278090
1.6050000000 -0.4750000000 -3.294860
1.6150000000 -0.4750000000 -3.311200
1.6250000000 -0.4750000000 -3.326940
1.6350000000 -0.4750000000 -3.341920
1.6450000000 -0.4750000000 -3.355960
1.6550000000 -0.4750000000 -3.368840
1.6650000000 -0.4750000000 -3.380350
1.6750000000 -0.4750000000 -3.390270
1.6850000000 -0.4750000000 -3.398380
1.6950000000 -0.4750000000 -3.404510
1.7050000000 -0.4750000000 -3.408490
1.7150000000 -0.4750000000 -3.410240
1.7250000000 -0.4750000000 -3.409720
1.7350000000 -0.4750000000 -3.406960
1.7450000000 -0.4750000000 -3.402040
1.7550000000 -0.4750000000 -3.395100
1.7650000000 -0.4750000000 -3.386340
1.7750000000 -0.4750000000 -3.375950
1.7850000000 -0.4750000000 -3.364160
1.7950000000 -0.4750000000 -3.351200
1.8050000000 -0.4750000000 -3.337290
1.8150000000 -0.4750000000 -3.322600
1.8250000000 -0.4750000000 -3.307340
1.8350000000 -0.4750000000 -3.291640
1.8450000000 -0.4750000000 -3.275650
1.8550000000 -0.4750000000 -3.259480
1.8650000000 -0.4750000000 -3.243250
1.8750000000 -0.4750000000 -3.227010
1.8850000000 -0.4750000000 -3.210810
1.8950000000 -0.4750000000 -3.194700
1.9050000000 -0.4750000000 -3.178730
1.9150000000 -0.4750000000 -3.162910
1.9250000000 -0.4750000000 -3.147280
1.9350000000 -0.4750000000 -3.131850
1.9450000000 -0.4750000000 -3.116630
1.9550000000 -0.4750000000 -3.101640
1.9650000000 -0.4750000000 -3.086870
1.9750000000 -0.4750000000 -3.072330
1.9850000000 -0.4750000000 -3.058020
1.9950000000 -0.4750000000 -3.043950
2.0050000000 -0.4750000000 -3.030100
2.0150000000 -0.4750000000 -3.016480
2.0250000000 -0.4750000000 -3.003090
1.4250000000 -0.4650000000 -2.987560
1.4350000000 -0.4650000000 -3.003630
1.4450000000 -0.4650000000 -3.019910
1.4550000000 -0.4650000000 -3.036400
1.4650000000 -0.4650000000 -3.053100
1.4750000000 -0.4650000000 -3.070020
1.4850000000 -0.4650000000 -3.087140
1.4950000000 -0.4650000000 -3.104480
1.5050000000 -0.4650000000 -3.122030
1.5150000000 -0.4650000000 -3.139780
1.5250000000 -0.4650000000 -3.157720
1.5350000000 -0.4650000000 -3.175830
1.5450000000 -0.4650000000 -3.194110
1.5550000000 -0.4650000000 -3.212510
1.5650000000 -0.4650000000 -3.230990
1.5750000000 -0.4650000000 -3.249500
1.5850000000 -0.4650000000 -3.267980
1.5950000000 -0.4650000000 -3.286340
1.6050000000 -0.4650000000 -3.304460
1.6150000000 -0.4650000000 -3.322220
1.6250000000 -0.4650000000 -3.339450
1.6350000000 -0.4650000000 -3.355970
1.6450000000 -0.4650000000 -3.371560
1.6550000000 -0.4650000000 -3.385960
1.6650000000 -0.4650000000 -3.398920
1.6750000000 -0.4650000000 -3.410150
1.6850000000 -0.4650000000 -3.419400
1.6950000000 -0.4650000000 -3.426410
1.7050000000 -0.4650000000 -3.431000
1.7150000000 -0.4650000000 -3.433030
1.7250000000 -0.4650000000 -3.432450
1.7350000000 -0.4650000000 -3.429300
1.7450000000 -0.4650000000 -3.423690
1.7550000000 -0.4650000000 -3.415810
1.7650000000 -0.4650000000 -3.405900
1.7750000000 -0.4650000000 -3.394220
1.7850000000 -0.4650000000 -3.381060
1.7950000000 -0.4650000000 -3.366690
1.8050000000 -0.4650000000 -3.351350
1.8150000000 -0.4650000000 -3.335290
1.8250000000 -0.4650000000 -3.318700
1.8350000000 -0.4650000000 -3.301750
1.8450000000 -0.4650000000 -3.284590
1.8550000000 -0.4650000000 -3.267320
1.8650000000 -0.4650000000 -3.250060
1.8750000000 -0.4650000000 -3.232900
1.8850000000 -0.4650000000 -3.215860
1.8950000000 -0.4650000000 -3.199000
1.9050000000 -0.4650000000 -3.182330
1.9150000000 -0.4650000000 -3.165900
1.9250000000 -0.4650000000 -3.149700
1.9350000000 -0.4650000000 -3.133770
1.9450000000 -0.4650000000 -3.118090
1.9550000000 -0.4650000000 -3.102690
1.9650000000 -0.4650000000 -3.087550
1.9750000000 -0.4650000000 -3.072680
1.9850000000 -0.4650000000 -3.058070
1.9950000000 -0.4650000000 -3.043730
2.0050000000 -0.4650000000 -3.029640
2.0150000000 -0.4650000000 -3.015810
2.0250000000 -0.4650000000 -3.002220
1.4250000000 -0.4550000000 -2.984570
1.4350000000 -0.4550000000 -3.000890
1.4450000000 -0.4550000000 -3.017460
1.4550000000 -0.4550000000 -3.034260
1.4650000000 -0.4550000000 -3.051320
1.4750000000 -0.4550000000 -3.068630
1.4850000000 -0.4550000000 -3.086210
1.4950000000 -0.4550000000 -3.104050
1.5050000000 -0.4550000000 -3.122160
1.5150000000 -0.4550000000 -3.140530
1.5250000000 -0.4550000000 -3.159160
1.5350000000 -0.4550000000 -3.178050
1.5450000000 -0.4550000000 -3.197180
1.5550000000 -0.4550000000 -3.216520
1.5650000000 -0.4550000000 -3.236040
1.5750000000 -0.4550000000 -3.255700
1.5850000000 -0.4550000000 -3.275430
1.5950000000 -0.4550000000 -3.295150
1.6050000000 -0.4550000000 -3.314750
1.6150000000 -0.4550000000 -3.334100
1.6250000000 -0.4550000000 -3.353010
1.6350000000 -0.4550000000 -3.371280
1.6450000000 -0.4550000000 -3.388650
1.6550000000 -0.4550000000 -3.404840
1.6650000000 -0.4550000000 -3.419510
1.6750000000 -0.4550000000 -3.432340
1.6850000000 -0.4550000000 -3.442960
1.6950000000 -0.4550000000 -3.451060
1.7050000000 -0.4550000000 -3.456370
1.7150000000 -0.4550000000 -3.458730
1.7250000000 -0.4550000000 -3.458050
1.7350000000 -0.4550000000 -3.454390
1.7450000000 -0.4550000000 -3.447900
1.7550000000 -0.4550000000 -3.438830
1.7650000000 -0.4550000000 -3.427500
1.7750000000 -0.4550000000 -3.414250
1.7850000000 -0.4550000000 -3.399430
1.7950000000 -0.4550000000 -3.383380
1.8050000000 -0.4550000000 -3.366400
1.8150000000 -0.4550000000 -3.348750
1.8250000000 -0.4550000000 -3.330660
1.8350000000 -0.4550000000 -3.312320
1.8450000000 -0.4550000000 -3.293860
1.8550000000 -0.4550000000 -3.275410
1.8650000000 -0.4550000000 -3.257070
1.8750000000 -0.4550000000 -3.238890
1.8850000000 -0.4550000000 -3.220980
1.8950000000 -0.4550000000 -3.203310
1.9050000000 -0.4550000000 -3.185930
1.9150000000 -0.4550000000 -3.168850
1.9250000000 -0.4550000000 -3.152080
1.9350000000 -0.4550000000 -3.135630
1.9450000000 -0.4550000000 -3.119490
1.9550000000 -0.4550000000 -3.103670
1.9650000000 -0.4550000000 -3.088160
1.9750000000 -0.4550000000 -3.072960
1.9850000000 -0.4550000000 -3.058050
1.9950000000 -0.4550000000 -3.043450
2.0050000000 -0.4550000000 -3.029120
2.0150000000 -0.4550000000 -3.015070
2.0250000000 -0.4550000000 -3.001300
1.4250000000 -0.4450000000 -2.981740
1.4350000000 -0.4450000000 -2.998300
1.4450000000 -0.4450000000 -3.015130
1.4550000000 -0.4450000000 -3.032250
1.4650000000 -0.4450000000 -3.049650
1.4750000000 -0.4450000000 -3.067360
1.4850000000 -0.4450000000 -3.085380
1.4950000000 -0.4450000000 -3.103710
1.5050000000 -0.4450000000 -3.122370
1.5150000000 -0.4450000000 -3.141370
1.5250000000 -0.4450000000 -3.160700
1.5350000000 -0.4450000000 -3.180370
1.5450000000 -0.4450000000 -3.200370
1.5550000000 -0.4450000000 -3.220680
1.5650000000 -0.4450000000 -3.241290
1.5750000000 -0.4450000000 -3.262150
1.5850000000 -0.4450000000 -3.283220
1.5950000000 -0.4450000000 -3.304410
1.6050000000 -0.4450000000 -3.325620
1.6150000000 -0.4450000000 -3.346710
1.6250000000 -0.4450000000 -3.367510
1.6350000000 -0.4450000000 -3.387770
1.6450000000 -0.4450000000 -3.407230
1.6550000000 -0.4450000000 -3.425520
1.6650000000 -0.4450000000 -3.442260
1.6750000000 -0.4450000000 -3.457020
1.6850000000 -0.4450000000 -3.469330
1.6950000000 -0.4450000000 -3.478780
1.7050000000 -0.4450000000 -3.485010
1.7150000000 -0.4450000000 -3.487750
1.7250000000 -0.4450000000 -3.486920
1.7350000000 -0.4450000000 -3.482590
1.7450000000 -0.4450000000 -3.474960
1.7550000000 -0.4450000000 -3.464380
1.7650000000 -0.4450000000 -3.451270
1.7750000000 -0.4450000000 -3.436090
1.7850000000 -0.4450000000 -3.419280
1.7950000000 -0.4450000000 -3.401240
1.8050000000 -0.4450000000 -3.382350
1.8150000000 -0.4450000000 -3.362890
1.8250000000 -0.4450000000 -3.343110
1.8350000000 -0.4450000000 -3.323220
1.8450000000 -0.4450000000 -3.303350
1.8550000000 -0.4450000000 -3.283630
1.8650000000 -0.4450000000 -3.264140
1.8750000000 -0.4450000000 -3.244930
1.8850000000 -0.4450000000 -3.226050
1.8950000000 -0.4450000000 -3.207560
1.9050000000 -0.4450000000 -3.189440
1.9150000000 -0.4450000000 -3.171710
1.9250000000 -0.4450000000 -3.154350
1.9350000000 -0.4450000000 -3.137370
1.9450000000 -0.4450000000 -3.120770
1.9550000000 -0.4450000000 -3.104530
1.9650000000 -0.4450000000 -3.088650
1.9750000000 -0.4450000000 -3.073120
1.9850000000 -0.4450000000 -3.057930
1.9950000000 -0.4450000000 -3.043060
2.0050000000 -0.4450000000 -3.028500
2.0150000000 -0.4450000000 -3.014240
2.0250000000 -0.4450000000 -3.000280
1.4250000000 -0.4350000000 -2.979020
1.4350000000 -0.4350000000 -2.995810
1.4450000000 -0.4350000000 -3.012900
1.4550000000 -0.4350000000 -3.030300
1.4650000000 -0.4350000000 -3.048040
1.4750000000 -0.4350000000 -3.066130
1.4850000000 -0.4350000000 -3.084570
1.4950000000 -0.4350000000 -3.103390
1.5050000000 -0.4350000000 -3.122600
1.5150000000 -0.4350000000 -3.142210
1.5250000000 -0.4350000000 -3.162240
1.5350000000 -0.4350000000 -3.182690
1.5450000000 -0.4350000000 -3.203570
1.5550000000 -0.4350000000 -3.224880
1.5650000000 -0.4350000000 -3.246600
1.5750000000 -0.4350000000 -3.268710
1.5850000000 -0.4350000000 -3.291180
1.5950000000 -0.4350000000 -3.313940
1.6050000000 -0.4350000000 -3.336900
1.6150000000 -0.4350000000 -3.359920
1.6250000000 -0.4350000000 -3.382820
1.6350000000 -0.4350000000 -3.405370
1.6450000000 -0.4350000000 -3.427240
1.6550000000 -0.4350000000 -3.448040
1.6650000000 -0.4350000000 -3.467280
1.6750000000 -0.4350000000 -3.484420
1.6850000000 -0.4350000000 -3.498860
1.6950000000 -0.4350000000 -3.510030
1.7050000000 -0.4350000000 -3.517410
1.7150000000 -0.4350000000 -3.520640
1.7250000000 -0.4350000000 -3.519590
1.7350000000 -0.4350000000 -3.514350
1.7450000000 -0.4350000000 -3.505230
1.7550000000 -0.4350000000 -3.492710
1.7650000000 -0.4350000000 -3.477370
1.7750000000 -0.4350000000 -3.459800
1.7850000000 -0.4350000000 -3.440580
1.7950000000 -0.4350000000 -3.420200
1.8050000000 -0.4350000000 -3.399080
1.8150000000 -0.4350000000 -3.377560
1.8250000000 -0.4350000000 -3.355900
1.8350000000 -0.4350000000 -3.334310
1.8450000000 -0.4350000000 -3.312920
1.8550000000 -0.4350000000 -3.291830
1.8650000000 -0.4350000000 -3.271120
1.8750000000 -0.4350000000 -3.250840
1.8850000000 -0.4350000000 -3.231010
1.8950000000 -0.4350000000 -3.211640
1.9050000000 -0.4350000000 -3.192770
1.9150000000 -0.4350000000 -3.174370
1.9250000000 -0.4350000000 -3.156430
1.9350000000 -0.4350000000 -3.138930
1.9450000000 -0.4350000000 -3.121870
1.9550000000 -0.4350000000 -3.105220
1.9650000000 -0.4350000000 -3.088980
1.9750000000 -0.4350000000 -3.073130
1.9850000000 -0.4350000000 -3.057650
1.9950000000 -0.4350000000 -3.042520
2.0050000000 -0.4350000000 -3.027740
2.0150000000 -0.4350000000 -3.013290
2.0250000000 -0.4350000000 -2.999150
1.4250000000 -0.4250000000 -2.976370
1.4350000000 -0.4250000000 -2.993360
1.4450000000 -0.4250000000 -3.010690
1.4550000000 -0.4250000000 -3.028370
1.4650000000 -0.4250000000 -3.046420
1.4750000000 -0.4250000000 -3.064870
1.4850000000 -0.4250000000 -3.083720
1.4950000000 -0.4250000000 -3.103010
1.5050000000 -0.4250000000 -3.122750
1.5150000000 -0.4250000000 -3.142960
1.5250000000 -0.4250000000 -3.163670
1.5350000000 -0.4250000000 -3.184900
1.5450000000 -0.4250000000 -3.206660
1.5550000000 -0.4250000000 -3.228960
1.5650000000 -0.4250000000 -3.251810
1.5750000000 -0.4250000000 -3.275220
1.5850000000 -0.4250000000 -3.299150
1.5950000000 -0.4250000000 -3.323560
1.6050000000 -0.4250000000 -3.348390
1.6150000000 -0.4250000000 -3.373520
1.6250000000 -0.4250000000 -3.398770
1.6350000000 -0.4250000000 -3.423910
1.6450000000 -0.4250000000 -3.448590
1.6550000000 -0.4250000000 -3.472370
1.6650000000 -0.4250000000 -3.494670
1.6750000000 -0.4250000000 -3.514790
1.6850000000 -0.4250000000 -3.531950
1.6950000000 -0.4250000000 -3.545350
1.7050000000 -0.4250000000 -3.554240
1.7150000000 -0.4250000000 -3.558110
1.7250000000 -0.4250000000 -3.556740
1.7350000000 -0.4250000000 -3.550270
1.7450000000 -0.4250000000 -3.539160
1.7550000000 -0.4250000000 -3.524110
1.7650000000 -0.4250000000 -3.505920
1.7750000000 -0.4250000000 -3.485390
1.7850000000 -0.4250000000 -3.463250
1.7950000000 -0.4250000000 -3.440100
1.8050000000 -0.4250000000 -3.416420
1.8150000000 -0.4250000000 -3.392580
1.8250000000 -0.4250000000 -3.368840
1.8350000000 -0.4250000000 -3.345400
1.8450000000 -0.4250000000 -3.322370
1.8550000000 -0.4250000000 -3.299850
1.8650000000 -0.4250000000 -3.277880
1.8750000000 -0.4250000000 -3.256490
1.8850000000 -0.4250000000 -3.235690
1.8950000000 -0.4250000000 -3.215470
1.9050000000 -0.4250000000 -3.195830
1.9150000000 -0.4250000000 -3.176760
1.9250000000 -0.4250000000 -3.158240
1.9350000000 -0.4250000000 -3.140240
1.9450000000 -0.4250000000 -3.122720
1.9550000000 -0.4250000000 -3.105680
1.9650000000 -0.4250000000 -3.089090
1.9750000000 -0.4250000000 -3.072930
1.9850000000 -0.4250000000 -3.057180
1.9950000000 -0.4250000000 -3.041810
2.0050000000 -0.4250000000 -3.026820
2.0150000000 -0.4250000000 -3.012180
2.0250000000 -0.4250000000 -2.997880
1.4250000000 -0.4150000000 -2.973730
1.4350000000 -0.4150000000 -2.990910
1.4450000000 -0.4150000000 -3.008450
1.4550000000 -0.4150000000 -3.026390
1.4650000000 -0.4150000000 -3.044740
1.4750000000 -0.4150000000 -3.063520
1.4850000000 -0.4150000000 -3.082770
1.4950000000 -0.4150000000 -3.102490
1.5050000000 -0.4150000000 -3.122730
1.5150000000 -0.4150000000 -3.143530
1.5250000000 -0.4150000000 -3.164890
1.5350000000 -0.4150000000 -3.186870
1.5450000000 -0.4150000000 -3.209490
1.5550000000 -0.4150000000 -3.232780
1.5650000000 -0.4150000000 -3.256770
1.5750000000 -0.4150000000 -3.281480
1.5850000000 -0.4150000000 -3.306910
1.5950000000 -0.4150000000 -3.333050
1.6050000000 -0.4150000000 -3.359860
1.6150000000 -0.4150000000 -3.387250
1.6250000000 -0.4150000000 -3.415090
1.6350000000 -0.4150000000 -3.443150
1.6450000000 -0.4150000000 -3.471090
1.6550000000 -0.4150000000 -3.498420
1.6650000000 -0.4150000000 -3.524460
1.6750000000 -0.4150000000 -3.548360
1.6850000000 -0.4150000000 -3.569070
1.6950000000 -0.4150000000 -3.585440
1.7050000000 -0.4150000000 -3.596400
1.7150000000 -0.4150000000 -3.601130
1.7250000000 -0.4150000000 -3.599290
1.7350000000 -0.4150000000 -3.591100
1.7450000000 -0.4150000000 -3.577280
1.7550000000 -0.4150000000 -3.558870
1.7650000000 -0.4150000000 -3.537020
1.7750000000 -0.4150000000 -3.512790
1.7850000000 -0.4150000000 -3.487120
1.7950000000 -0.4150000000 -3.460720
1.8050000000 -0.4150000000 -3.434120
1.8150000000 -0.4150000000 -3.407680
1.8250000000 -0.4150000000 -3.381680
1.8350000000 -0.4150000000 -3.356250
1.8450000000 -0.4150000000 -3.331510
1.8550000000 -0.4150000000 -3.307500
1.8650000000 -0.4150000000 -3.284250
1.8750000000 -0.4150000000 -3.261740
1.8850000000 -0.4150000000 -3.239970
1.8950000000 -0.4150000000 -3.218910
1.9050000000 -0.4150000000 -3.198530
1.9150000000 -0.4150000000 -3.178810
1.9250000000 -0.4150000000 -3.159710
1.9350000000 -0.4150000000 -3.141220
1.9450000000 -0.4150000000 -3.123280
1.9550000000 -0.4150000000 -3.105860
1.9650000000 -0.4150000000 -3.088940
1.9750000000 -0.4150000000 -3.072490
1.9850000000 -0.4150000000 -3.056480
1.9950000000 -0.4150000000 -3.040890
2.0050000000 -0.4150000000 -3.025700
2.0150000000 -0.4150000000 -3.010880
2.0250000000 -0.4150000000 -2.996430
1.4250000000 -0.4050000000 -2.971060
1.4350000000 -0.4050000000 -2.988410
1.4450000000 -0.4050000000 -3.006150
1.4550000000 -0.4050000000 -3.024320
1.4650000000 -0.4050000000 -3.042940
1.4750000000 -0.4050000000 -3.062030
1.4850000000 -0.4050000000 -3.081620
1.4950000000 -0.4050000000 -3.101760
1.5050000000 -0.4050000000 -3.122470
1.5150000000 -0.4050000000 -3.143800
1.5250000000 -0.4050000000 -3.165790
1.5350000000 -0.4050000000 -3.188490
1.5450000000 -0.4050000000 -3.211940
1.5550000000 -0.4050000000 -3.236190
1.5650000000 -0.4050000000 -3.261290
1.5750000000 -0.4050000000 -3.287290
1.5850000000 -0.4050000000 -3.314230
1.5950000000 -0.4050000000 -3.342120
1.6050000000 -0.4050000000 -3.370990
1.6150000000 -0.4050000000 -3.400790
1.6250000000 -0.4050000000 -3.431440
1.6350000000 -0.4050000000 -3.462750
1.6450000000 -0.4050000000 -3.494420
1.6550000000 -0.4050000000 -3.525960
1.6650000000 -0.4050000000 -3.556620
1.6750000000 -0.4050000000 -3.585350
1.6850000000 -0.4050000000 -3.610770
1.6950000000 -0.4050000000 -3.631230
1.7050000000 -0.4050000000 -3.645090
1.7150000000 -0.4050000000 -3.651040
1.7250000000 -0.4050000000 -3.648500
1.7350000000 -0.4050000000 -3.637840
1.7450000000 -0.4050000000 -3.620230
1.7550000000 -0.4050000000 -3.597280
1.7650000000 -0.4050000000 -3.570660
1.7750000000 -0.4050000000 -3.541820
1.7850000000 -0.4050000000 -3.511910
1.7950000000 -0.4050000000 -3.481720
1.8050000000 -0.4050000000 -3.451820
1.8150000000 -0.4050000000 -3.422550
1.8250000000 -0.4050000000 -3.394110
1.8350000000 -0.4050000000 -3.366610
1.8450000000 -0.4050000000 -3.340110
1.8550000000 -0.4050000000 -3.314590
1.8650000000 -0.4050000000 -3.290040
1.8750000000 -0.4050000000 -3.266430
1.8850000000 -0.4050000000 -3.243710
1.8950000000 -0.4050000000 -3.221830
1.9050000000 -0.4050000000 -3.200750
1.9150000000 -0.4050000000 -3.180420
1.9250000000 -0.4050000000 -3.160780
1.9350000000 -0.4050000000 -3.141810
1.9450000000 -0.4050000000 -3.123460
1.9550000000 -0.4050000000 -3.105700
1.9650000000 -0.4050000000 -3.088470
1.9750000000 -0.4050000000 -3.071750
1.9850000000 -0.4050000000 -3.055510
1.9950000000 -0.4050000000 -3.039710
2.0050000000 -0.4050000000 -3.024340
2.0150000000 -0.4050000000 -3.009370
2.0250000000 -0.4050000000 -2.994780
1.4250000000 -0.3950000000 -2.968330
1.4350000000 -0.3950000000 -2.985820
1.4450000000 -0.3950000000 -3.003740
1.4550000000 -0.3950000000 -3.022100
1.4650000000 -0.3950000000 -3.040950
1.4750000000 -0.3950000000 -3.060320
1.4850000000 -0.3950000000 -3.080230
1.4950000000 -0.3950000000 -3.100730
1.5050000000 -0.3950000000 -3.121880
1.5150000000 -0.3950000000 -3.143700
1.5250000000 -0.3950000000 -3.166270
1.5350000000 -0.3950000000 -3.189630
1.5450000000 -0.3950000000 -3.213850
1.5550000000 -0.3950000000 -3.239010
1.5650000000 -0.3950000000 -3.265180
1.5750000000 -0.3950000000 -3.292430
1.5850000000 -0.3950000000 -3.320840
1.5950000000 -0.3950000000 -3.350480
1.6050000000 -0.3950000000 -3.381430
1.6150000000 -0.3950000000 -3.413720
1.6250000000 -0.3950000000 -3.447330
1.6350000000 -0.3950000000 -3.482190
1.6450000000 -0.3950000000 -3.518080
1.6550000000 -0.3950000000 -3.554570
1.6650000000 -0.3950000000 -3.590890
1.6750000000 -0.3950000000 -3.625850
1.6850000000 -0.3950000000 -3.657640
1.6950000000 -0.3950000000 -3.683920
1.7050000000 -0.3950000000 -3.702060
1.7150000000 -0.3950000000 -3.709820
1.7250000000 -0.3950000000 -3.706190
1.7350000000 -0.3950000000 -3.691820
1.7450000000 -0.3950000000 -3.668730
1.7550000000 -0.3950000000 -3.639520
1.7650000000 -0.3950000000 -3.606660
1.7750000000 -0.3950000000 -3.572080
1.7850000000 -0.3950000000 -3.537110
1.7950000000 -0.3950000000 -3.502600
1.8050000000 -0.3950000000 -3.469060
1.8150000000 -0.3950000000 -3.436750
1.8250000000 -0.3950000000 -3.405770
1.8350000000 -0.3950000000 -3.376160
1.8450000000 -0.3950000000 -3.347880
1.8550000000 -0.3950000000 -3.320870
1.8650000000 -0.3950000000 -3.295080
1.8750000000 -0.3950000000 -3.270400
1.8850000000 -0.3950000000 -3.246780
1.8950000000 -0.3950000000 -3.224130
1.9050000000 -0.3950000000 -3.202390
1.9150000000 -0.3950000000 -3.181480
1.9250000000 -0.3950000000 -3.161360
1.9350000000 -0.3950000000 -3.141960
1.9450000000 -0.3950000000 -3.123230
1.9550000000 -0.3950000000 -3.105150
1.9650000000 -0.3950000000 -3.087640
1.9750000000 -0.3950000000 -3.070680
1.9850000000 -0.3950000000 -3.054230
1.9950000000 -0.3950000000 -3.038260
2.0050000000 -0.3950000000 -3.022730
2.0150000000 -0.3950000000 -3.007620
2.0250000000 -0.3950000000 -2.992910
1.4250000000 -0.3850000000 -2.965490
1.4350000000 -0.3850000000 -2.983100
1.4450000000 -0.3850000000 -3.001150
1.4550000000 -0.3850000000 -3.019690
1.4650000000 -0.3850000000 -3.038740
1.4750000000 -0.3850000000 -3.058330
1.4850000000 -0.3850000000 -3.078520
1.4950000000 -0.3850000000 -3.099350
1.5050000000 -0.3850000000 -3.120870
1.5150000000 -0.3850000000 -3.143130
1.5250000000 -0.3850000000 -3.166210
1.5350000000 -0.3850000000 -3.190170
1.5450000000 -0.3850000000 -3.215100
1.5550000000 -0.3850000000 -3.241080
1.5650000000 -0.3850000000 -3.268230
1.5750000000 -0.3850000000 -3.296640
1.5850000000 -0.3850000000 -3.326450
1.5950000000 -0.3850000000 -3.357780
1.6050000000 -0.3850000000 -3.390770
1.6150000000 -0.3850000000 -3.425530
1.6250000000 -0.3850000000 -3.462200
1.6350000000 -0.3850000000 -3.500820
1.6450000000 -0.3850000000 -3.541330
1.6550000000 -0.3850000000 -3.583490
1.6650000000 -0.3850000000 -3.626660
1.6750000000 -0.3850000000 -3.669620
1.6850000000 -0.3850000000 -3.710180
1.6950000000 -0.3850000000 -3.745010
1.7050000000 -0.3850000000 -3.769810
1.7150000000 -0.3850000000 -3.780500
1.7250000000 -0.3850000000 -3.775080
1.7350000000 -0.3850000000 -3.754820
1.7450000000 -0.3850000000 -3.723510
1.7550000000 -0.3850000000 -3.685520
1.7650000000 -0.3850000000 -3.644480
1.7750000000 -0.3850000000 -3.602820
1.7850000000 -0.3850000000 -3.561970
1.7950000000 -0.3850000000 -3.522660
1.8050000000 -0.3850000000 -3.485230
1.8150000000 -0.3850000000 -3.449770
1.8250000000 -0.3850000000 -3.416240
1.8350000000 -0.3850000000 -3.384540
1.8450000000 -0.3850000000 -3.354540
1.8550000000 -0.3850000000 -3.326120
1.8650000000 -0.3850000000 -3.299140
1.8750000000 -0.3850000000 -3.273480
1.8850000000 -0.3850000000 -3.249030
1.8950000000 -0.3850000000 -3.225680
1.9050000000 -0.3850000000 -3.203340
1.9150000000 -0.3850000000 -3.181930
1.9250000000 -0.3850000000 -3.161370
1.9350000000 -0.3850000000 -3.141590
1.9450000000 -0.3850000000 -3.122540
1.9550000000 -0.3850000000 -3.104160
1.9650000000 -0.3850000000 -3.086420
1.9750000000 -0.3850000000 -3.069250
1.9850000000 -0.3850000000 -3.052620
1.9950000000 -0.3850000000 -3.036490
2.0050000000 -0.3850000000 -3.020830
2.0150000000 -0.3850000000 -3.005610
2.0250000000 -0.3850000000 -2.990800
1.4250000000 -0.3750000000 -2.962520
1.4350000000 -0.3750000000 -2.980210
1.4450000000 -0.3750000000 -2.998370
1.4550000000 -0.3750000000 -3.017030
1.4650000000 -0.3750000000 -3.036240
1.4750000000 -0.3750000000 -3.056030
1.4850000000 -0.3750000000 -3.076440
1.4950000000 -0.3750000000 -3.097530
1.5050000000 -0.3750000000 -3.119360
1.5150000000 -0.3750000000 -3.142000
1.5250000000 -0.3750000000 -3.165510
1.5350000000 -0.3750000000 -3.189990
1.5450000000 -0.3750000000 -3.215530
1.5550000000 -0.3750000000 -3.242240
1.5650000000 -0.3750000000 -3.270250
1.5750000000 -0.3750000000 -3.299710
1.5850000000 -0.3750000000 -3.330780
1.5950000000 -0.3750000000 -3.363660
1.6050000000 -0.3750000000 -3.398540
1.6150000000 -0.3750000000 -3.435680
1.6250000000 -0.3750000000 -3.475320
1.6350000000 -0.3750000000 -3.517730
1.6450000000 -0.3750000000 -3.563090
1.6550000000 -0.3750000000 -3.611500
1.6650000000 -0.3750000000 -3.662700
1.6750000000 -0.3750000000 -3.715780
1.6850000000 -0.3750000000 -3.768480
1.6950000000 -0.3750000000 -3.816340
1.7050000000 -0.3750000000 -3.852260
1.7150000000 -0.3750000000 -3.868100
1.7250000000 -0.3750000000 -3.859440
1.7350000000 -0.3750000000 -3.829150
1.7450000000 -0.3750000000 -3.784970
1.7550000000 -0.3750000000 -3.734540
1.7650000000 -0.3750000000 -3.682930
1.7750000000 -0.3750000000 -3.632830
1.7850000000 -0.3750000000 -3.585390
1.7950000000 -0.3750000000 -3.540980
1.8050000000 -0.3750000000 -3.499590
1.8150000000 -0.3750000000 -3.461030
1.8250000000 -0.3750000000 -3.425040
1.8350000000 -0.3750000000 -3.391380
1.8450000000 -0.3750000000 -3.359800
1.8550000000 -0.3750000000 -3.330090
1.8650000000 -0.3750000000 -3.302060
1.8750000000 -0.3750000000 -3.275520
1.8850000000 -0.3750000000 -3.250340
1.8950000000 -0.3750000000 -3.226370
1.9050000000 -0.3750000000 -3.203520
1.9150000000 -0.3750000000 -3.181670
1.9250000000 -0.3750000000 -3.160740
1.9350000000 -0.3750000000 -3.140640
1.9450000000 -0.3750000000 -3.121320
1.9550000000 -0.3750000000 -3.102710
1.9650000000 -0.3750000000 -3.084750
1.9750000000 -0.3750000000 -3.067410
1.9850000000 -0.3750000000 -3.050640
1.9950000000 -0.3750000000 -3.034380
2.0050000000 -0.3750000000 -3.018620
2.0150000000 -0.3750000000 -3.003310
2.0250000000 -0.3750000000 -2.988420
1.4250000000 -0.3650000000 -2.959360
1.4350000000 -0.3650000000 -2.977110
1.4450000000 -0.3650000000 -2.995340
1.4550000000 -0.3650000000 -3.014100
1.4650000000 -0.3650000000 -3.033420
1.4750000000 -0.3650000000 -3.053350
1.4850000000 -0.3650000000 -3.073930
1.4950000000 -0.3650000000 -3.095230
1.5050000000 -0.3650000000 -3.117300
1.5150000000 -0.3650000000 -3.140230
1.5250000000 -0.3650000000 -3.164090
1.5350000000 -0.3650000000 -3.188990
1.5450000000 -0.3650000000 -3.215020
1.5550000000 -0.3650000000 -3.242330
1.5650000000 -0.3650000000 -3.271070
1.5750000000 -0.3650000000 -3.301400
1.5850000000 -0.3650000000 -3.333540
1.5950000000 -0.3650000000 -3.367740
1.6050000000 -0.3650000000 -3.404290
1.6150000000 -0.3650000000 -3.443540
1.6250000000 -0.3650000000 -3.485900
1.6350000000 -0.3650000000 -3.531860
1.6450000000 -0.3650000000 -3.581970
1.6550000000 -0.3650000000 -3.636820
1.6650000000 -0.3650000000 -3.696870
1.6750000000 -0.3650000000 -3.762150
1.6850000000 -0.3650000000 -3.831290
1.6950000000 -0.3650000000 -3.899540
1.7050000000 -0.3650000000 -3.955600
1.7150000000 -0.3650000000 -3.981830
1.7250000000 -0.3650000000 -3.966520
1.7350000000 -0.3650000000 -3.917420
1.7450000000 -0.3650000000 -3.852380
1.7550000000 -0.3650000000 -3.784520
1.7650000000 -0.3650000000 -3.719820
1.7750000000 -0.3650000000 -3.660210
1.7850000000 -0.3650000000 -3.605890
1.7950000000 -0.3650000000 -3.556440
1.8050000000 -0.3650000000 -3.511280
1.8150000000 -0.3650000000 -3.469870
1.8250000000 -0.3650000000 -3.431680
1.8350000000 -0.3650000000 -3.396300
1.8450000000 -0.3650000000 -3.363360
1.8550000000 -0.3650000000 -3.332550
1.8650000000 -0.3650000000 -3.303620
1.8750000000 -0.3650000000 -3.276350
1.8850000000 -0.3650000000 -3.250570
1.8950000000 -0.3650000000 -3.226100
1.9050000000 -0.3650000000 -3.202830
1.9150000000 -0.3650000000 -3.180630
1.9250000000 -0.3650000000 -3.159400
1.9350000000 -0.3650000000 -3.139060
1.9450000000 -0.3650000000 -3.119520
1.9550000000 -0.3650000000 -3.100730
1.9650000000 -0.3650000000 -3.082620
1.9750000000 -0.3650000000 -3.065140
1.9850000000 -0.3650000000 -3.048250
1.9950000000 -0.3650000000 -3.031910
2.0050000000 -0.3650000000 -3.016070
2.0150000000 -0.3650000000 -3.000690
2.0250000000 -0.3650000000 -2.985760
1.4250000000 -0.3550000000 -2.956010
1.4350000000 -0.3550000000 -2.973770
1.4450000000 -0.3550000000 -2.992040
1.4550000000 -0.3550000000 -3.010840
1.4650000000 -0.3550000000 -3.030230
1.4750000000 -0.3550000000 -3.050250
1.4850000000 -0.3550000000 -3.070950
1.4950000000 -0.3550000000 -3.092380
1.5050000000 -0.3550000000 -3.114630
1.5150000000 -0.3550000000 -3.137760
1.5250000000 -0.3550000000 -3.161880
1.5350000000 -0.3550000000 -3.187070
1.5450000000 -0.3550000000 -3.213480
1.5550000000 -0.3550000000 -3.241230
1.5650000000 -0.3550000000 -3.270510
1.5750000000 -0.3550000000 -3.301510
1.5850000000 -0.3550000000 -3.334470
1.5950000000 -0.3550000000 -3.369700
1.6050000000 -0.3550000000 -3.407560
1.6150000000 -0.3550000000 -3.448500
1.6250000000 -0.3550000000 -3.493090
1.6350000000 -0.3550000000 -3.542050
1.6450000000 -0.3550000000 -3.596310
1.6550000000 -0.3550000000 -3.657050
1.6650000000 -0.3550000000 -3.725810
1.6750000000 -0.3550000000 -3.804330
1.6850000000 -0.3550000000 -3.894070
1.6950000000 -0.3550000000 -3.993610
1.7050000000 -0.3550000000 -4.089670
1.7150000000 -0.3550000000 -4.141630
1.7250000000 -0.3550000000 -4.109310
1.7350000000 -0.3550000000 -4.020480
1.7450000000 -0.3550000000 -3.921510
1.7550000000 -0.3550000000 -3.830850
1.7650000000 -0.3550000000 -3.751530
1.7750000000 -0.3550000000 -3.682400
1.7850000000 -0.3550000000 -3.621660
1.7950000000 -0.3550000000 -3.567760
1.8050000000 -0.3550000000 -3.519410
1.8150000000 -0.3550000000 -3.475640
1.8250000000 -0.3550000000 -3.435680
1.8350000000 -0.3550000000 -3.398930
1.8450000000 -0.3550000000 -3.364930
1.8550000000 -0.3550000000 -3.333270
1.8650000000 -0.3550000000 -3.303670
1.8750000000 -0.3550000000 -3.275850
1.8850000000 -0.3550000000 -3.249620
1.8950000000 -0.3550000000 -3.224780
1.9050000000 -0.3550000000 -3.201200
1.9150000000 -0.3550000000 -3.178750
1.9250000000 -0.3550000000 -3.157310
1.9350000000 -0.3550000000 -3.136790
1.9450000000 -0.3550000000 -3.117110
1.9550000000 -0.3550000000 -3.098200
1.9650000000 -0.3550000000 -3.079990
1.9750000000 -0.3550000000 -3.062420
1.9850000000 -0.3550000000 -3.045460
1.9950000000 -0.3550000000 -3.029050
2.0050000000 -0.3550000000 -3.013160
2.0150000000 -0.3550000000 -2.997750
2.0250000000 -0.3550000000 -2.982790
1.4250000000 -0.3450000000 -2.952430
1.4350000000 -0.3450000000 -2.970170
1.4450000000 -0.3450000000 -2.988440
1.4550000000 -0.3450000000 -3.007250
1.4650000000 -0.3450000000 -3.026660
1.4750000000 -0.3450000000 -3.046710
1.4850000000 -0.3450000000 -3.067460
1.4950000000 -0.3450000000 -3.088970
1.5050000000 -0.3450000000 -3.111300
1.5150000000 -0.3450000000 -3.134550
1.5250000000 -0.3450000000 -3.158800
1.5350000000 -0.3450000000 -3.184180
1.5450000000 -0.3450000000 -3.210800
1.5550000000 -0.3450000000 -3.238820
1.5650000000 -0.3450000000 -3.268440
1.5750000000 -0.3450000000 -3.299850
1.5850000000 -0.3450000000 -3.333350
1.5950000000 -0.3450000000 -3.369250
1.6050000000 -0.3450000000 -3.407970
1.6150000000 -0.3450000000 -3.450040
1.6250000000 -0.3450000000 -3.496140
1.6350000000 -0.3450000000 -3.547180
1.6450000000 -0.3450000000 -3.604390
1.6550000000 -0.3450000000 -3.669530
1.6650000000 -0.3450000000 -3.745150
1.6750000000 -0.3450000000 -3.835140
1.6850000000 -0.3450000000 -3.945650
1.6950000000 -0.3450000000 -4.086160
1.7050000000 -0.3450000000 -4.263660
1.7150000000 -0.3450000000 -4.405920
1.7250000000 -0.3450000000 -4.308720
1.7350000000 -0.3450000000 -4.127630
1.7450000000 -0.3450000000 -3.980310
1.7550000000 -0.3450000000 -3.865530
1.7650000000 -0.3450000000 -3.773170
1.7750000000 -0.3450000000 -3.696370
1.7850000000 -0.3450000000 -3.630820
1.7950000000 -0.3450000000 -3.573710
1.8050000000 -0.3450000000 -3.523140
1.8150000000 -0.3450000000 -3.477770
1.8250000000 -0.3450000000 -3.436630
1.8350000000 -0.3450000000 -3.398990
1.8450000000 -0.3450000000 -3.364290
1.8550000000 -0.3450000000 -3.332100
1.8650000000 -0.3450000000 -3.302060
1.8750000000 -0.3450000000 -3.273910
1.8850000000 -0.3450000000 -3.247400
1.8950000000 -0.3450000000 -3.222340
1.9050000000 -0.3450000000 -3.198580
1.9150000000 -0.3450000000 -3.175980
1.9250000000 -0.3450000000 -3.154420
1.9350000000 -0.3450000000 -3.133810
1.9450000000 -0.3450000000 -3.114050
1.9550000000 -0.3450000000 -3.095080
1.9650000000 -0.3450000000 -3.076820
1.9750000000 -0.3450000000 -3.059220
1.9850000000 -0.3450000000 -3.042230
1.9950000000 -0.3450000000 -3.025800
2.0050000000 -0.3450000000 -3.009890
2.0150000000 -0.3450000000 -2.994480
2.0250000000 -0.3450000000 -2.979510
1.4250000000 -0.3350000000 -2.948600
1.4350000000 -0.3350000000 -2.966300
1.4450000000 -0.3350000000 -2.984520
1.4550000000 -0.3350000000 -3.003300
1.4650000000 -0.3350000000 -3.022680
1.4750000000 -0.3350000000 -3.042700
1.4850000000 -0.3350000000 -3.063430
1.4950000000 -0.3350000000 -3.084930
1.5050000000 -0.3350000000 -3.107270
1.5150000000 -0.3350000000 -3.130530
1.5250000000 -0.3350000000 -3.154820
1.5350000000 -0.3350000000 -3.180240
1.5450000000 -0.3350000000 -3.206920
1.5550000000 -0.3350000000 -3.235040
1.5650000000 -0.3350000000 -3.264760
1.5750000000 -0.3350000000 -3.296330
1.5850000000 -0.3350000000 -3.330030
1.5950000000 -0.3350000000 -3.366180
1.6050000000 -0.3350000000 -3.405250
1.6150000000 -0.3350000000 -3.447770
1.6250000000 -0.3350000000 -3.494490
1.6350000000 -0.3350000000 -3.546390
1.6450000000 -0.3350000000 -3.604860
1.6550000000 -0.3350000000 -3.671920
1.6650000000 -0.3350000000 -3.750650
1.6750000000 -0.3350000000 -3.846180
1.6850000000 -0.3350000000 -3.967940
1.6950000000 -0.3350000000 -4.136440
1.7050000000 -0.3350000000 -4.412260
1.7150000000 -0.3350000000 -5.180230
1.7250000000 -0.3350000000 -4.513280
1.7350000000 -0.3350000000 -4.190340
1.7450000000 -0.3350000000 -4.006940
1.7550000000 -0.3350000000 -3.878580
1.7650000000 -0.3350000000 -3.779790
1.7750000000 -0.3350000000 -3.699490
1.7850000000 -0.3350000000 -3.631830
1.7950000000 -0.3350000000 -3.573360
1.8050000000 -0.3350000000 -3.521870
1.8150000000 -0.3350000000 -3.475850
1.8250000000 -0.3350000000 -3.434240
1.8350000000 -0.3350000000 -3.396250
1.8450000000 -0.3350000000 -3.361290
1.8550000000 -0.3350000000 -3.328900
1.8650000000 -0.3350000000 -3.298720
1.8750000000 -0.3350000000 -3.270450
1.8850000000 -0.3350000000 -3.243850
1.8950000000 -0.3350000000 -3.218730
1.9050000000 -0.3350000000 -3.194920
1.9150000000 -0.3350000000 -3.172290
1.9250000000 -0.3350000000 -3.150710
1.9350000000 -0.3350000000 -3.130080
1.9450000000 -0.3350000000 -3.110320
1.9550000000 -0.3350000000 -3.091350
1.9650000000 -0.3350000000 -3.073100
1.9750000000 -0.3350000000 -3.055510
1.9850000000 -0.3350000000 -3.038540
1.9950000000 -0.3350000000 -3.022130
2.0050000000 -0.3350000000 -3.006250
2.0150000000 -0.3350000000 -2.990850
2.0250000000 -0.3350000000 -2.975910
1.4250000000 -0.3250000000 -2.944510
1.4350000000 -0.3250000000 -2.962130
1.4450000000 -0.3250000000 -2.980260
1.4550000000 -0.3250000000 -2.998960
1.4650000000 -0.3250000000 -3.018250
1.4750000000 -0.3250000000 -3.038200
1.4850000000 -0.3250000000 -3.058850
1.4950000000 -0.3250000000 -3.080260
1.5050000000 -0.3250000000 -3.102520
1.5150000000 -0.3250000000 -3.125700
1.5250000000 -0.3250000000 -3.149900
1.5350000000 -0.3250000000 -3.175230
1.5450000000 -0.3250000000 -3.201820
1.5550000000 -0.3250000000 -3.229830
1.5650000000 -0.3250000000 -3.259450
1.5750000000 -0.3250000000 -3.290890
1.5850000000 -0.3250000000 -3.324430
1.5950000000 -0.3250000000 -3.360420
1.6050000000 -0.3250000000 -3.399270
1.6150000000 -0.3250000000 -3.441520
1.6250000000 -0.3250000000 -3.487880
1.6350000000 -0.3250000000 -3.539300
1.6450000000 -0.3250000000 -3.597090
1.6550000000 -0.3250000000 -3.663100
1.6650000000 -0.3250000000 -3.740140
1.6750000000 -0.3250000000 -3.832650
1.6850000000 -0.3250000000 -3.948170
1.6950000000 -0.3250000000 -4.100520
1.7050000000 -0.3250000000 -4.312890
1.7150000000 -0.3250000000 -4.528590
1.7250000000 -0.3250000000 -4.373520
1.7350000000 -0.3250000000 -4.147040
1.7450000000 -0.3250000000 -3.984830
1.7550000000 -0.3250000000 -3.864080
1.7650000000 -0.3250000000 -3.768840
1.7750000000 -0.3250000000 -3.690470
1.7850000000 -0.3250000000 -3.623990
1.7950000000 -0.3250000000 -3.566290
1.8050000000 -0.3250000000 -3.515330
1.8150000000 -0.3250000000 -3.469700
1.8250000000 -0.3250000000 -3.428390
1.8350000000 -0.3250000000 -3.390640
1.8450000000 -0.3250000000 -3.355870
1.8550000000 -0.3250000000 -3.323640
1.8650000000 -0.3250000000 -3.293600
1.8750000000 -0.3250000000 -3.265440
1.8850000000 -0.3250000000 -3.238950
1.8950000000 -0.3250000000 -3.213930
1.9050000000 -0.3250000000 -3.190210
1.9150000000 -0.3250000000 -3.167660
1.9250000000 -0.3250000000 -3.146160
1.9350000000 -0.3250000000 -3.125600
1.9450000000 -0.3250000000 -3.105910
1.9550000000 -0.3250000000 -3.087010
1.9650000000 -0.3250000000 -3.068820
1.9750000000 -0.3250000000 -3.051300
1.9850000000 -0.3250000000 -3.034390
1.9950000000 -0.3250000000 -3.018040
2.0050000000 -0.3250000000 -3.002210
2.0150000000 -0.3250000000 -2.986870
2.0250000000 -0.3250000000 -2.971990
1.4250000000 -0.3150000000 -2.940150
1.4350000000 -0.3150000000 -2.957640
1.4450000000 -0.3150000000 -2.975650
1.4550000000 -0.3150000000 -2.994220
1.4650000000 -0.3150000000 -3.013380
1.4750000000 -0.3150000000 -3.033190
1.4850000000 -0.3150000000 -3.053690
1.4950000000 -0.3150000000 -3.074950
1.5050000000 -0.3150000000 -3.097040
1.5150000000 -0.3150000000 -3.120040
1.5250000000 -0.3150000000 -3.144040
1.5350000000 -0.3150000000 -3.169140
1.5450000000 -0.3150000000 -3.195480
1.5550000000 -0.3150000000 -3.223200
1.5650000000 -0.3150000000 -3.252480
1.5750000000 -0.3150000000 -3.283520
1.5850000000 -0.3150000000 -3.316590
1.5950000000 -0.3150000000 -3.351970
1.6050000000 -0.3150000000 -3.390070
1.6150000000 -0.3150000000 -3.431360
1.6250000000 -0.3150000000 -3.476440
1.6350000000 -0.3150000000 -3.526110
1.6450000000 -0.3150000000 -3.581390
1.6550000000 -0.3150000000 -3.643670
1.6650000000 -0.3150000000 -3.714810
1.6750000000 -0.3150000000 -3.797210
1.6850000000 -0.3150000000 -3.893670
1.6950000000 -0.3150000000 -4.005220
1.7050000000 -0.3150000000 -4.120730
1.7150000000 -0.3150000000 -4.188460
1.7250000000 -0.3150000000 -4.145440
1.7350000000 -0.3150000000 -4.036150
1.7450000000 -0.3150000000 -3.923580
1.7550000000 -0.3150000000 -3.825330
1.7650000000 -0.3150000000 -3.741700
1.7750000000 -0.3150000000 -3.669990
1.7850000000 -0.3150000000 -3.607650
1.7950000000 -0.3150000000 -3.552690
1.8050000000 -0.3150000000 -3.503650
1.8150000000 -0.3150000000 -3.459400
1.8250000000 -0.3150000000 -3.419130
1.8350000000 -0.3150000000 -3.382180
1.8450000000 -0.3150000000 -3.348050
1.8550000000 -0.3150000000 -3.316330
1.8650000000 -0.3150000000 -3.286700
1.8750000000 -0.3150000000 -3.258900
1.8850000000 -0.3150000000 -3.232710
1.8950000000 -0.3150000000 -3.207940
1.9050000000 -0.3150000000 -3.184440
1.9150000000 -0.3150000000 -3.162090
1.9250000000 -0.3150000000 -3.140760
1.9350000000 -0.3150000000 -3.120370
1.9450000000 -0.3150000000 -3.100820
1.9550000000 -0.3150000000 -3.082050
1.9650000000 -0.3150000000 -3.063980
1.9750000000 -0.3150000000 -3.046570
1.9850000000 -0.3150000000 -3.029760
1.9950000000 -0.3150000000 -3.013510
2.0050000000 -0.3150000000 -2.997780
2.0150000000 -0.3150000000 -2.982530
2.0250000000 -0.3150000000 -2.967730
1.4250000000 -0.3050000000 -2.935500
1.4350000000 -0.3050000000 -2.952830
1.4450000000 -0.3050000000 -2.970680
1.4550000000 -0.3050000000 -2.989070
1.4650000000 -0.3050000000 -3.008050
1.4750000000 -0.3050000000 -3.027670
1.4850000000 -0.3050000000 -3.047960
1.4950000000 -0.3050000000 -3.068990
1.5050000000 -0.3050000000 -3.090830
1.5150000000 -0.3050000000 -3.113560
1.5250000000 -0.3050000000 -3.137240
1.5350000000 -0.3050000000 -3.162000
1.5450000000 -0.3050000000 -3.187940
1.5550000000 -0.3050000000 -3.215200
1.5650000000 -0.3050000000 -3.243930
1.5750000000 -0.3050000000 -3.274320
1.5850000000 -0.3050000000 -3.306590
1.5950000000 -0.3050000000 -3.341000
1.6050000000 -0.3050000000 -3.377880
1.6150000000 -0.3050000000 -3.417590
1.6250000000 -0.3050000000 -3.460610
1.6350000000 -0.3050000000 -3.507500
1.6450000000 -0.3050000000 -3.558920
1.6550000000 -0.3050000000 -3.615640
1.6650000000 -0.3050000000 -3.678430
1.6750000000 -0.3050000000 -3.747750
1.6850000000 -0.3050000000 -3.822870
1.6950000000 -0.3050000000 -3.899440
1.7050000000 -0.3050000000 -3.964940
1.7150000000 -0.3050000000 -3.996590
1.7250000000 -0.3050000000 -3.977860
1.7350000000 -0.3050000000 -3.919800
1.7450000000 -0.3050000000 -3.846090
1.7550000000 -0.3050000000 -3.771850
1.7650000000 -0.3050000000 -3.702850
1.7750000000 -0.3050000000 -3.640380
1.7850000000 -0.3050000000 -3.584130
1.7950000000 -0.3050000000 -3.533380
1.8050000000 -0.3050000000 -3.487330
1.8150000000 -0.3050000000 -3.445290
1.8250000000 -0.3050000000 -3.406690
1.8350000000 -0.3050000000 -3.371040
1.8450000000 -0.3050000000 -3.337930
1.8550000000 -0.3050000000 -3.307040
1.8650000000 -0.3050000000 -3.278100
1.8750000000 -0.3050000000 -3.250860
1.8850000000 -0.3050000000 -3.225150
1.8950000000 -0.3050000000 -3.200790
1.9050000000 -0.3050000000 -3.177640
1.9150000000 -0.3050000000 -3.155590
1.9250000000 -0.3050000000 -3.134540
1.9350000000 -0.3050000000 -3.114380
1.9450000000 -0.3050000000 -3.095050
1.9550000000 -0.3050000000 -3.076470
1.9650000000 -0.3050000000 -3.058580
1.9750000000 -0.3050000000 -3.041330
1.9850000000 -0.3050000000 -3.024680
1.9950000000 -0.3050000000 -3.008560
2.0050000000 -0.3050000000 -2.992960
2.0150000000 -0.3050000000 -2.977830
2.0250000000 -0.3050000000 -2.963140
1.4250000000 -0.2950000000 -2.930560
1.4350000000 -0.2950000000 -2.947700
1.4450000000 -0.2950000000 -2.965350
1.4550000000 -0.2950000000 -2.983530
1.4650000000 -0.2950000000 -3.002280
1.4750000000 -0.2950000000 -3.021640
1.4850000000 -0.2950000000 -3.041670
1.4950000000 -0.2950000000 -3.062410
1.5050000000 -0.2950000000 -3.083920
1.5150000000 -0.2950000000 -3.106280
1.5250000000 -0.2950000000 -3.129550
1.5350000000 -0.2950000000 -3.153840
1.5450000000 -0.2950000000 -3.179250
1.5550000000 -0.2950000000 -3.205880
1.5650000000 -0.2950000000 -3.233880
1.5750000000 -0.2950000000 -3.263390
1.5850000000 -0.2950000000 -3.294610
1.5950000000 -0.2950000000 -3.327730
1.6050000000 -0.2950000000 -3.363000
1.6150000000 -0.2950000000 -3.400680
1.6250000000 -0.2950000000 -3.441080
1.6350000000 -0.2950000000 -3.484520
1.6450000000 -0.2950000000 -3.531310
1.6550000000 -0.2950000000 -3.581660
1.6650000000 -0.2950000000 -3.635500
1.6750000000 -0.2950000000 -3.692110
1.6850000000 -0.2950000000 -3.749390
1.6950000000 -0.2950000000 -3.802600
1.7050000000 -0.2950000000 -3.843470
1.7150000000 -0.2950000000 -3.861780
1.7250000000 -0.2950000000 -3.851700
1.7350000000 -0.2950000000 -3.817020
1.7450000000 -0.2950000000 -3.767630
1.7550000000 -0.2950000000 -3.712580
1.7650000000 -0.2950000000 -3.657370
1.7750000000 -0.2950000000 -3.604610
1.7850000000 -0.2950000000 -3.555250
1.7950000000 -0.2950000000 -3.509480
1.8050000000 -0.2950000000 -3.467120
1.8150000000 -0.2950000000 -3.427880
1.8250000000 -0.2950000000 -3.391430
1.8350000000 -0.2950000000 -3.357470
1.8450000000 -0.2950000000 -3.325720
1.8550000000 -0.2950000000 -3.295930
1.8650000000 -0.2950000000 -3.267890
1.8750000000 -0.2950000000 -3.241410
1.8850000000 -0.2950000000 -3.216330
1.8950000000 -0.2950000000 -3.192520
1.9050000000 -0.2950000000 -3.169850
1.9150000000 -0.2950000000 -3.148210
1.9250000000 -0.2950000000 -3.127510
1.9350000000 -0.2950000000 -3.107670
1.9450000000 -0.2950000000 -3.088620
1.9550000000 -0.2950000000 -3.070300
1.9650000000 -0.2950000000 -3.052640
1.9750000000 -0.2950000000 -3.035600
1.9850000000 -0.2950000000 -3.019130
1.9950000000 -0.2950000000 -3.003190
2.0050000000 -0.2950000000 -2.987750
2.0150000000 -0.2950000000 -2.972770
2.0250000000 -0.2950000000 -2.958220
1.4250000000 -0.2850000000 -2.925330
1.4350000000 -0.2850000000 -2.942250
1.4450000000 -0.2850000000 -2.959660
1.4550000000 -0.2850000000 -2.977580
1.4650000000 -0.2850000000 -2.996060
1.4750000000 -0.2850000000 -3.015130
1.4850000000 -0.2850000000 -3.034830
1.4950000000 -0.2850000000 -3.055210
1.5050000000 -0.2850000000 -3.076320
1.5150000000 -0.2850000000 -3.098240
1.5250000000 -0.2850000000 -3.121020
1.5350000000 -0.2850000000 -3.144730
1.5450000000 -0.2850000000 -3.169480
1.5550000000 -0.2850000000 -3.195350
1.5650000000 -0.2850000000 -3.222460
1.5750000000 -0.2850000000 -3.250920
1.5850000000 -0.2850000000 -3.280880
1.5950000000 -0.2850000000 -3.312470
1.6050000000 -0.2850000000 -3.345860
1.6150000000 -0.2850000000 -3.381200
1.6250000000 -0.2850000000 -3.418660
1.6350000000 -0.2850000000 -3.458330
1.6450000000 -0.2850000000 -3.500240
1.6550000000 -0.2850000000 -3.544210
1.6650000000 -0.2850000000 -3.589700
1.6750000000 -0.2850000000 -3.635520
1.6850000000 -0.2850000000 -3.679430
1.6950000000 -0.2850000000 -3.717730
1.7050000000 -0.2850000000 -3.745400
1.7150000000 -0.2850000000 -3.757450
1.7250000000 -0.2850000000 -3.751370
1.7350000000 -0.2850000000 -3.728750
1.7450000000 -0.2850000000 -3.694270
1.7550000000 -0.2850000000 -3.653110
1.7650000000 -0.2850000000 -3.609310
1.7750000000 -0.2850000000 -3.565420
1.7850000000 -0.2850000000 -3.522860
1.7950000000 -0.2850000000 -3.482280
1.8050000000 -0.2850000000 -3.443910
1.8150000000 -0.2850000000 -3.407780
1.8250000000 -0.2850000000 -3.373800
1.8350000000 -0.2850000000 -3.341810
1.8450000000 -0.2850000000 -3.311650
1.8550000000 -0.2850000000 -3.283180
1.8650000000 -0.2850000000 -3.256230
1.8750000000 -0.2850000000 -3.230660
1.8850000000 -0.2850000000 -3.206360
1.8950000000 -0.2850000000 -3.183220
1.9050000000 -0.2850000000 -3.161120
1.9150000000 -0.2850000000 -3.139980
1.9250000000 -0.2850000000 -3.119720
1.9350000000 -0.2850000000 -3.100270
1.9450000000 -0.2850000000 -3.081560
1.9550000000 -0.2850000000 -3.063550
1.9650000000 -0.2850000000 -3.046170
1.9750000000 -0.2850000000 -3.029380
1.9850000000 -0.2850000000 -3.013140
1.9950000000 -0.2850000000 -2.997410
2.0050000000 -0.2850000000 -2.982160
2.0150000000 -0.2850000000 -2.967360
2.0250000000 -0.2850000000 -2.952970
1.4250000000 -0.2750000000 -2.919810
1.4350000000 -0.2750000000 -2.936480
1.4450000000 -0.2750000000 -2.953620
1.4550000000 -0.2750000000 -2.971250
1.4650000000 -0.2750000000 -2.989420
1.4750000000 -0.2750000000 -3.008140
1.4850000000 -0.2750000000 -3.027470
1.4950000000 -0.2750000000 -3.047430
1.5050000000 -0.2750000000 -3.068090
1.5150000000 -0.2750000000 -3.089490
1.5250000000 -0.2750000000 -3.111690
1.5350000000 -0.2750000000 -3.134750
1.5450000000 -0.2750000000 -3.158740
1.5550000000 -0.2750000000 -3.183740
1.5650000000 -0.2750000000 -3.209840
1.5750000000 -0.2750000000 -3.237110
1.5850000000 -0.2750000000 -3.265650
1.5950000000 -0.2750000000 -3.295550
1.6050000000 -0.2750000000 -3.326900
1.6150000000 -0.2750000000 -3.359750
1.6250000000 -0.2750000000 -3.394130
1.6350000000 -0.2750000000 -3.430000
1.6450000000 -0.2750000000 -3.467170
1.6550000000 -0.2750000000 -3.505260
1.6650000000 -0.2750000000 -3.543530
1.6750000000 -0.2750000000 -3.580730
1.6850000000 -0.2750000000 -3.614960
1.6950000000 -0.2750000000 -3.643570
1.7050000000 -0.2750000000 -3.663530
1.7150000000 -0.2750000000 -3.672160
1.7250000000 -0.2750000000 -3.668240
1.7350000000 -0.2750000000 -3.652530
1.7450000000 -0.2750000000 -3.627480
1.7550000000 -0.2750000000 -3.596130
1.7650000000 -0.2750000000 -3.561240
1.7750000000 -0.2750000000 -3.524910
1.7850000000 -0.2750000000 -3.488530
1.7950000000 -0.2750000000 -3.452920
1.8050000000 -0.2750000000 -3.418550
1.8150000000 -0.2750000000 -3.385650
1.8250000000 -0.2750000000 -3.354270
1.8350000000 -0.2750000000 -3.324410
1.8450000000 -0.2750000000 -3.296010
1.8550000000 -0.2750000000 -3.269000
1.8650000000 -0.2750000000 -3.243280
1.8750000000 -0.2750000000 -3.218750
1.8850000000 -0.2750000000 -3.195340
1.8950000000 -0.2750000000 -3.172950
1.9050000000 -0.2750000000 -3.151520
1.9150000000 -0.2750000000 -3.130950
1.9250000000 -0.2750000000 -3.111200
1.9350000000 -0.2750000000 -3.092200
1.9450000000 -0.2750000000 -3.073900
1.9550000000 -0.2750000000 -3.056240
1.9650000000 -0.2750000000 -3.039180
1.9750000000 -0.2750000000 -3.022690
1.9850000000 -0.2750000000 -3.006710
1.9950000000 -0.2750000000 -2.991230
2.0050000000 -0.2750000000 -2.976200
2.0150000000 -0.2750000000 -2.961600
2.0250000000 -0.2750000000 -2.947410
1.4250000000 -0.2650000000 -2.914020
1.4350000000 -0.2650000000 -2.930410
1.4450000000 -0.2650000000 -2.947250
1.4550000000 -0.2650000000 -2.964560
1.4650000000 -0.2650000000 -2.982370
1.4750000000 -0.2650000000 -3.000710
1.4850000000 -0.2650000000 -3.019620
1.4950000000 -0.2650000000 -3.039120
1.5050000000 -0.2650000000 -3.059270
1.5150000000 -0.2650000000 -3.080090
1.5250000000 -0.2650000000 -3.101650
1.5350000000 -0.2650000000 -3.123980
1.5450000000 -0.2650000000 -3.147140
1.5550000000 -0.2650000000 -3.171190
1.5650000000 -0.2650000000 -3.196180
1.5750000000 -0.2650000000 -3.222160
1.5850000000 -0.2650000000 -3.249200
1.5950000000 -0.2650000000 -3.277320
1.6050000000 -0.2650000000 -3.306550
1.6150000000 -0.2650000000 -3.336880
1.6250000000 -0.2650000000 -3.368230
1.6350000000 -0.2650000000 -3.400460
1.6450000000 -0.2650000000 -3.433270
1.6550000000 -0.2650000000 -3.466180
1.6650000000 -0.2650000000 -3.498430
1.6750000000 -0.2650000000 -3.528910
1.6850000000 -0.2650000000 -3.556120
1.6950000000 -0.2650000000 -3.578240
1.7050000000 -0.2650000000 -3.593350
1.7150000000 -0.2650000000 -3.599920
1.7250000000 -0.2650000000 -3.597290
1.7350000000 -0.2650000000 -3.585870
1.7450000000 -0.2650000000 -3.567040
1.7550000000 -0.2650000000 -3.542660
1.7650000000 -0.2650000000 -3.514610
1.7750000000 -0.2650000000 -3.484470
1.7850000000 -0.2650000000 -3.453460
1.7950000000 -0.2650000000 -3.422390
1.8050000000 -0.2650000000 -3.391820
1.8150000000 -0.2650000000 -3.362060
1.8250000000 -0.2650000000 -3.333310
1.8350000000 -0.2650000000 -3.305640
1.8450000000 -0.2650000000 -3.279080
1.8550000000 -0.2650000000 -3.253620
1.8650000000 -0.2650000000 -3.229220
1.8750000000 -0.2650000000 -3.205820
1.8850000000 -0.2650000000 -3.183380
1.8950000000 -0.2650000000 -3.161830
1.9050000000 -0.2650000000 -3.141130
1.9150000000 -0.2650000000 -3.121210
1.9250000000 -0.2650000000 -3.102030
1.9350000000 -0.2650000000 -3.083530
1.9450000000 -0.2650000000 -3.065670
1.9550000000 -0.2650000000 -3.048420
1.9650000000 -0.2650000000 -3.031720
1.9750000000 -0.2650000000 -3.015560
1.9850000000 -0.2650000000 -2.999880
1.9950000000 -0.2650000000 -2.984670
2.0050000000 -0.2650000000 -2.969890
2.0150000000 -0.2650000000 -2.955520
2.0250000000 -0.2650000000 -2.941540
1.4250000000 -0.2550000000 -2.907960
1.4350000000 -0.2550000000 -2.924040
1.4450000000 -0.2550000000 -2.940550
1.4550000000 -0.2550000000 -2.957510
1.4650000000 -0.2550000000 -2.974940
1.4750000000 -0.2550000000 -2.992870
1.4850000000 -0.2550000000 -3.011310
1.4950000000 -0.2550000000 -3.030310
1.5050000000 -0.2550000000 -3.049900
1.5150000000 -0.2550000000 -3.070100
1.5250000000 -0.2550000000 -3.090960
1.5350000000 -0.2550000000 -3.112510
1.5450000000 -0.2550000000 -3.134780
1.5550000000 -0.2550000000 -3.157820
1.5650000000 -0.2550000000 -3.181650
1.5750000000 -0.2550000000 -3.206300
1.5850000000 -0.2550000000 -3.231780
1.5950000000 -0.2550000000 -3.258100
1.6050000000 -0.2550000000 -3.285230
1.6150000000 -0.2550000000 -3.313090
1.6250000000 -0.2550000000 -3.341560
1.6350000000 -0.2550000000 -3.370420
1.6450000000 -0.2550000000 -3.399330
1.6550000000 -0.2550000000 -3.427810
1.6650000000 -0.2550000000 -3.455150
1.6750000000 -0.2550000000 -3.480420
1.6850000000 -0.2550000000 -3.502490
1.6950000000 -0.2550000000 -3.520080
1.7050000000 -0.2550000000 -3.531960
1.7150000000 -0.2550000000 -3.537200
1.7250000000 -0.2550000000 -3.535400
1.7350000000 -0.2550000000 -3.526800
1.7450000000 -0.2550000000 -3.512250
1.7550000000 -0.2550000000 -3.492920
1.7650000000 -0.2550000000 -3.470090
1.7750000000 -0.2550000000 -3.444950
1.7850000000 -0.2550000000 -3.418480
1.7950000000 -0.2550000000 -3.391430
1.8050000000 -0.2550000000 -3.364330
1.8150000000 -0.2550000000 -3.337560
1.8250000000 -0.2550000000 -3.311350
1.8350000000 -0.2550000000 -3.285850
1.8450000000 -0.2550000000 -3.261150
1.8550000000 -0.2550000000 -3.237280
1.8650000000 -0.2550000000 -3.214240
1.8750000000 -0.2550000000 -3.192020
1.8850000000 -0.2550000000 -3.170610
1.8950000000 -0.2550000000 -3.149960
1.9050000000 -0.2550000000 -3.130040
1.9150000000 -0.2550000000 -3.110810
1.9250000000 -0.2550000000 -3.092240
1.9350000000 -0.2550000000 -3.074290
1.9450000000 -0.2550000000 -3.056930
1.9550000000 -0.2550000000 -3.040110
1.9650000000 -0.2550000000 -3.023810
1.9750000000 -0.2550000000 -3.008000
1.9850000000 -0.2550000000 -2.992660
1.9950000000 -0.2550000000 -2.977740
2.0050000000 -0.2550000000 -2.963240
2.0150000000 -0.2550000000 -2.949120
2.0250000000 -0.2550000000 -2.935370
1.4250000000 -0.2450000000 -2.901640
1.4350000000 -0.2450000000 -2.917400
1.4450000000 -0.2450000000 -2.933560
1.4550000000 -0.2450000000 -2.950140
1.4650000000 -0.2450000000 -2.967160
1.4750000000 -0.2450000000 -2.984640
1.4850000000 -0.2450000000 -3.002600
1.4950000000 -0.2450000000 -3.021060
1.5050000000 -0.2450000000 -3.040050
1.5150000000 -0.2450000000 -3.059600
1.5250000000 -0.2450000000 -3.079720
1.5350000000 -0.2450000000 -3.100440
1.5450000000 -0.2450000000 -3.121790
1.5550000000 -0.2450000000 -3.143780
1.5650000000 -0.2450000000 -3.166420
1.5750000000 -0.2450000000 -3.189720
1.5850000000 -0.2450000000 -3.213650
1.5950000000 -0.2450000000 -3.238200
1.6050000000 -0.2450000000 -3.263280
1.6150000000 -0.2450000000 -3.288810
1.6250000000 -0.2450000000 -3.314600
1.6350000000 -0.2450000000 -3.340420
1.6450000000 -0.2450000000 -3.365930
1.6550000000 -0.2450000000 -3.390660
1.6650000000 -0.2450000000 -3.414000
1.6750000000 -0.2450000000 -3.435220
1.6850000000 -0.2450000000 -3.453440
1.6950000000 -0.2450000000 -3.467780
1.7050000000 -0.2450000000 -3.477410
1.7150000000 -0.2450000000 -3.481740
1.7250000000 -0.2450000000 -3.480500
1.7350000000 -0.2450000000 -3.473860
1.7450000000 -0.2450000000 -3.462350
1.7550000000 -0.2450000000 -3.446750
1.7650000000 -0.2450000000 -3.427950
1.7750000000 -0.2450000000 -3.406820
1.7850000000 -0.2450000000 -3.384160
1.7950000000 -0.2450000000 -3.360580
1.8050000000 -0.2450000000 -3.336590
1.8150000000 -0.2450000000 -3.312560
1.8250000000 -0.2450000000 -3.288760
1.8350000000 -0.2450000000 -3.265350
1.8450000000 -0.2450000000 -3.242470
1.8550000000 -0.2450000000 -3.220180
1.8650000000 -0.2450000000 -3.198520
1.8750000000 -0.2450000000 -3.177510
1.8850000000 -0.2450000000 -3.157150
1.8950000000 -0.2450000000 -3.137430
1.9050000000 -0.2450000000 -3.118330
1.9150000000 -0.2450000000 -3.099840
1.9250000000 -0.2450000000 -3.081920
1.9350000000 -0.2450000000 -3.064550
1.9450000000 -0.2450000000 -3.047700
1.9550000000 -0.2450000000 -3.031360
1.9650000000 -0.2450000000 -3.015490
1.9750000000 -0.2450000000 -3.000060
1.9850000000 -0.2450000000 -2.985070
1.9950000000 -0.2450000000 -2.970470
2.0050000000 -0.2450000000 -2.956270
2.0150000000 -0.2450000000 -2.942420
2.0250000000 -0.2450000000 -2.928920
1.4250000000 -0.2350000000 -2.895090
1.4350000000 -0.2350000000 -2.910500
1.4450000000 -0.2350000000 -2.926290
1.4550000000 -0.2350000000 -2.942470
1.4650000000 -0.2350000000 -2.959050
1.4750000000 -0.2350000000 -2.976060
1.4850000000 -0.2350000000 -2.993510
1.4950000000 -0.2350000000 -3.011410
1.5050000000 -0.2350000000 -3.029780
1.5150000000 -0.2350000000 -3.048640
1.5250000000 -0.2350000000 -3.068000
1.5350000000 -0.2350000000 -3.087880
1.5450000000 -0.2350000000 -3.108290
1.5550000000 -0.2350000000 -3.129210
1.5650000000 -0.2350000000 -3.150660
1.5750000000 -0.2350000000 -3.172610
1.5850000000 -0.2350000000 -3.195030
1.5950000000 -0.2350000000 -3.217860
1.6050000000 -0.2350000000 -3.241010
1.6150000000 -0.2350000000 -3.264350
1.6250000000 -0.2350000000 -3.287700
1.6350000000 -0.2350000000 -3.310820
1.6450000000 -0.2350000000 -3.333390
1.6550000000 -0.2350000000 -3.354970
1.6650000000 -0.2350000000 -3.375070
1.6750000000 -0.2350000000 -3.393100
1.6850000000 -0.2350000000 -3.408400
1.6950000000 -0.2350000000 -3.420340
1.7050000000 -0.2350000000 -3.428340
1.7150000000 -0.2350000000 -3.432000
1.7250000000 -0.2350000000 -3.431160
1.7350000000 -0.2350000000 -3.425930
1.7450000000 -0.2350000000 -3.416650
1.7550000000 -0.2350000000 -3.403860
1.7650000000 -0.2350000000 -3.388200
1.7750000000 -0.2350000000 -3.370300
1.7850000000 -0.2350000000 -3.350800
1.7950000000 -0.2350000000 -3.330210
1.8050000000 -0.2350000000 -3.308960
1.8150000000 -0.2350000000 -3.287420
1.8250000000 -0.2350000000 -3.265840
1.8350000000 -0.2350000000 -3.244400
1.8450000000 -0.2350000000 -3.223270
1.8550000000 -0.2350000000 -3.202520
1.8650000000 -0.2350000000 -3.182220
1.8750000000 -0.2350000000 -3.162420
1.8850000000 -0.2350000000 -3.143130
1.8950000000 -0.2350000000 -3.124350
1.9050000000 -0.2350000000 -3.106100
1.9150000000 -0.2350000000 -3.088360
1.9250000000 -0.2350000000 -3.071110
1.9350000000 -0.2350000000 -3.054350
1.9450000000 -0.2350000000 -3.038050
1.9550000000 -0.2350000000 -3.022200
1.9650000000 -0.2350000000 -3.006780
1.9750000000 -0.2350000000 -2.991760
1.9850000000 -0.2350000000 -2.977140
1.9950000000 -0.2350000000 -2.962890
2.0050000000 -0.2350000000 -2.948990
2.0150000000 -0.2350000000 -2.935440
2.0250000000 -0.2350000000 -2.922210
1.4250000000 -0.2250000000 -2.888310
1.4350000000 -0.2250000000 -2.903360
1.4450000000 -0.2250000000 -2.918760
1.4550000000 -0.2250000000 -2.934520
1.4650000000 -0.2250000000 -2.950660
1.4750000000 -0.2250000000 -2.967180
1.4850000000 -0.2250000000 -2.984090
1.4950000000 -0.2250000000 -3.001410
1.5050000000 -0.2250000000 -3.019140
1.5150000000 -0.2250000000 -3.037300
1.5250000000 -0.2250000000 -3.055890
1.5350000000 -0.2250000000 -3.074910
1.5450000000 -0.2250000000 -3.094370
1.5550000000 -0.2250000000 -3.114240
1.5650000000 -0.2250000000 -3.134510
1.5750000000 -0.2250000000 -3.155150
1.5850000000 -0.2250000000 -3.176100
1.5950000000 -0.2250000000 -3.197300
1.6050000000 -0.2250000000 -3.218640
1.6150000000 -0.2250000000 -3.239980
1.6250000000 -0.2250000000 -3.261140
1.6350000000 -0.2250000000 -3.281880
1.6450000000 -0.2250000000 -3.301900
1.6550000000 -0.2250000000 -3.320860
1.6650000000 -0.2250000000 -3.338310
1.6750000000 -0.2250000000 -3.353800
1.6850000000 -0.2250000000 -3.366840
1.6950000000 -0.2250000000 -3.376950
1.7050000000 -0.2250000000 -3.383730
1.7150000000 -0.2250000000 -3.386910
1.7250000000 -0.2250000000 -3.386360
1.7350000000 -0.2250000000 -3.382170
1.7450000000 -0.2250000000 -3.374570
1.7550000000 -0.2250000000 -3.363950
1.7650000000 -0.2250000000 -3.350750
1.7750000000 -0.2250000000 -3.335470
1.7850000000 -0.2250000000 -3.318600
1.7950000000 -0.2250000000 -3.300550
1.8050000000 -0.2250000000 -3.281710
1.8150000000 -0.2250000000 -3.262390
1.8250000000 -0.2250000000 -3.242830
1.8350000000 -0.2250000000 -3.223230
1.8450000000 -0.2250000000 -3.203750
1.8550000000 -0.2250000000 -3.184480
1.8650000000 -0.2250000000 -3.165510
1.8750000000 -0.2250000000 -3.146890
1.8850000000 -0.2250000000 -3.128650
1.8950000000 -0.2250000000 -3.110830
1.9050000000 -0.2250000000 -3.093430
1.9150000000 -0.2250000000 -3.076450
1.9250000000 -0.2250000000 -3.059890
1.9350000000 -0.2250000000 -3.043750
1.9450000000 -0.2250000000 -3.028020
1.9550000000 -0.2250000000 -3.012680
1.9650000000 -0.2250000000 -2.997720
1.9750000000 -0.2250000000 -2.983130
1.9850000000 -0.2250000000 -2.968900
1.9950000000 -0.2250000000 -2.955010
2.0050000000 -0.2250000000 -2.941440
2.0150000000 -0.2250000000 -2.928190
2.0250000000 -0.2250000000 -2.915240
1.4250000000 -0.2150000000 -2.881320
1.4350000000 -0.2150000000 -2.896000
1.4450000000 -0.2150000000 -2.911000
1.4550000000 -0.2150000000 -2.926330
1.4650000000 -0.2150000000 -2.942000
1.4750000000 -0.2150000000 -2.958010
1.4850000000 -0.2150000000 -2.974380
1.4950000000 -0.2150000000 -2.991110
1.5050000000 -0.2150000000 -3.008190
1.5150000000 -0.2150000000 -3.025640
1.5250000000 -0.2150000000 -3.043460
1.5350000000 -0.2150000000 -3.061630
1.5450000000 -0.2150000000 -3.080140
1.5550000000 -0.2150000000 -3.098970
1.5650000000 -0.2150000000 -3.118100
1.5750000000 -0.2150000000 -3.137470
1.5850000000 -0.2150000000 -3.157030
1.5950000000 -0.2150000000 -3.176700
1.6050000000 -0.2150000000 -3.196360
1.6150000000 -0.2150000000 -3.215880
1.6250000000 -0.2150000000 -3.235070
1.6350000000 -0.2150000000 -3.253730
1.6450000000 -0.2150000000 -3.271580
1.6550000000 -0.2150000000 -3.288320
1.6650000000 -0.2150000000 -3.303600
1.6750000000 -0.2150000000 -3.317060
1.6850000000 -0.2150000000 -3.328310
1.6950000000 -0.2150000000 -3.337000
1.7050000000 -0.2150000000 -3.342850
1.7150000000 -0.2150000000 -3.345650
1.7250000000 -0.2150000000 -3.345320
1.7350000000 -0.2150000000 -3.341920
1.7450000000 -0.2150000000 -3.335620
1.7550000000 -0.2150000000 -3.326690
1.7650000000 -0.2150000000 -3.315460
1.7750000000 -0.2150000000 -3.302320
1.7850000000 -0.2150000000 -3.287630
1.7950000000 -0.2150000000 -3.271750
1.8050000000 -0.2150000000 -3.255000
1.8150000000 -0.2150000000 -3.237650
1.8250000000 -0.2150000000 -3.219930
1.8350000000 -0.2150000000 -3.202020
1.8450000000 -0.2150000000 -3.184080
1.8550000000 -0.2150000000 -3.166210
1.8650000000 -0.2150000000 -3.148510
1.8750000000 -0.2150000000 -3.131040
1.8850000000 -0.2150000000 -3.113840
1.8950000000 -0.2150000000 -3.096960
1.9050000000 -0.2150000000 -3.080400
1.9150000000 -0.2150000000 -3.064190
1.9250000000 -0.2150000000 -3.048330
1.9350000000 -0.2150000000 -3.032820
1.9450000000 -0.2150000000 -3.017660
1.9550000000 -0.2150000000 -3.002840
1.9650000000 -0.2150000000 -2.988360
1.9750000000 -0.2150000000 -2.974210
1.9850000000 -0.2150000000 -2.960380
1.9950000000 -0.2150000000 -2.946860
2.0050000000 -0.2150000000 -2.933640
2.0150000000 -0.2150000000 -2.920700
2.0250000000 -0.2150000000 -2.908040
1.4250000000 -0.2050000000 -2.874140
1.4350000000 -0.2050000000 -2.888430
1.4450000000 -0.2050000000 -2.903020
1.4550000000 -0.2050000000 -2.917920
1.4650000000 -0.2050000000 -2.933110
1.4750000000 -0.2050000000 -2.948620
1.4850000000 -0.2050000000 -2.964430
1.4950000000 -0.2050000000 -2.980560
1.5050000000 -0.2050000000 -2.996990
1.5150000000 -0.2050000000 -3.013740
1.5250000000 -0.2050000000 -3.030780
1.5350000000 -0.2050000000 -3.048100
1.5450000000 -0.2050000000 -3.065690
1.5550000000 -0.2050000000 -3.083520
1.5650000000 -0.2050000000 -3.101540
1.5750000000 -0.2050000000 -3.119710
1.5850000000 -0.2050000000 -3.137960
1.5950000000 -0.2050000000 -3.156200
1.6050000000 -0.2050000000 -3.174320
1.6150000000 -0.2050000000 -3.192190
1.6250000000 -0.2050000000 -3.209640
1.6350000000 -0.2050000000 -3.226470
1.6450000000 -0.2050000000 -3.242450
1.6550000000 -0.2050000000 -3.257330
1.6650000000 -0.2050000000 -3.270820
1.6750000000 -0.2050000000 -3.282610
1.6850000000 -0.2050000000 -3.292430
1.6950000000 -0.2050000000 -3.300000
1.7050000000 -0.2050000000 -3.305120
1.7150000000 -0.2050000000 -3.307620
1.7250000000 -0.2050000000 -3.307460
1.7350000000 -0.2050000000 -3.304680
1.7450000000 -0.2050000000 -3.299390
1.7550000000 -0.2050000000 -3.291810
1.7650000000 -0.2050000000 -3.282170
1.7750000000 -0.2050000000 -3.270780
1.7850000000 -0.2050000000 -3.257930
1.7950000000 -0.2050000000 -3.243900
1.8050000000 -0.2050000000 -3.228960
1.8150000000 -0.2050000000 -3.213360
1.8250000000 -0.2050000000 -3.197280
1.8350000000 -0.2050000000 -3.180920
1.8450000000 -0.2050000000 -3.164400
1.8550000000 -0.2050000000 -3.147850
1.8650000000 -0.2050000000 -3.131350
1.8750000000 -0.2050000000 -3.114980
1.8850000000 -0.2050000000 -3.098780
1.8950000000 -0.2050000000 -3.082810
1.9050000000 -0.2050000000 -3.067090
1.9150000000 -0.2050000000 -3.051640
1.9250000000 -0.2050000000 -3.036470
1.9350000000 -0.2050000000 -3.021590
1.9450000000 -0.2050000000 -3.007010
1.9550000000 -0.2050000000 -2.992720
1.9650000000 -0.2050000000 -2.978730
1.9750000000 -0.2050000000 -2.965030
1.9850000000 -0.2050000000 -2.951610
1.9950000000 -0.2050000000 -2.938470
2.0050000000 -0.2050000000 -2.925600
2.0150000000 -0.2050000000 -2.912990
2.0250000000 -0.2050000000 -2.900630
1.4250000000 -0.1950000000 -2.866790
1.4350000000 -0.1950000000 -2.880690
1.4450000000 -0.1950000000 -2.894870
1.4550000000 -0.1950000000 -2.909310
1.4650000000 -0.1950000000 -2.924030
1.4750000000 -0.1950000000 -2.939020
1.4850000000 -0.1950000000 -2.954280
1.4950000000 -0.1950000000 -2.969800
1.5050000000 -0.1950000000 -2.985590
1.5150000000 -0.1950000000 -3.001630
1.5250000000 -0.1950000000 -3.017910
1.5350000000 -0.1950000000 -3.034410
1.5450000000 -0.1950000000 -3.051100
1.5550000000 -0.1950000000 -3.067960
1.5650000000 -0.1950000000 -3.084930
1.5750000000 -0.1950000000 -3.101960
1.5850000000 -0.1950000000 -3.118980
1.5950000000 -0.1950000000 -3.135900
1.6050000000 -0.1950000000 -3.152620
1.6150000000 -0.1950000000 -3.169000
1.6250000000 -0.1950000000 -3.184900
1.6350000000 -0.1950000000 -3.200140
1.6450000000 -0.1950000000 -3.214520
1.6550000000 -0.1950000000 -3.227820
1.6650000000 -0.1950000000 -3.239800
1.6750000000 -0.1950000000 -3.250230
1.6850000000 -0.1950000000 -3.258890
1.6950000000 -0.1950000000 -3.265560
1.7050000000 -0.1950000000 -3.270090
1.7150000000 -0.1950000000 -3.272360
1.7250000000 -0.1950000000 -3.272330
1.7350000000 -0.1950000000 -3.270030
1.7450000000 -0.1950000000 -3.265550
1.7550000000 -0.1950000000 -3.259050
1.7650000000 -0.1950000000 -3.250720
1.7750000000 -0.1950000000 -3.240780
1.7850000000 -0.1950000000 -3.229470
1.7950000000 -0.1950000000 -3.217020
1.8050000000 -0.1950000000 -3.203660
1.8150000000 -0.1950000000 -3.189590
1.8250000000 -0.1950000000 -3.175000
1.8350000000 -0.1950000000 -3.160030
1.8450000000 -0.1950000000 -3.144820
1.8550000000 -0.1950000000 -3.129490
1.8650000000 -0.1950000000 -3.114130
1.8750000000 -0.1950000000 -3.098800
1.8850000000 -0.1950000000 -3.083570
1.8950000000 -0.1950000000 -3.068480
1.9050000000 -0.1950000000 -3.053570
1.9150000000 -0.1950000000 -3.038860
1.9250000000 -0.1950000000 -3.024380
1.9350000000 -0.1950000000 -3.010130
1.9450000000 -0.1950000000 -2.996130
1.9550000000 -0.1950000000 -2.982370
1.9650000000 -0.1950000000 -2.968870
1.9750000000 -0.1950000000 -2.955620
1.9850000000 -0.1950000000 -2.942610
1.9950000000 -0.1950000000 -2.929860
2.0050000000 -0.1950000000 -2.917350
2.0150000000 -0.1950000000 -2.905070
2.0250000000 -0.1950000000 -2.893030
1.4250000000 -0.1850000000 -2.859290
1.4350000000 -0.1850000000 -2.872800
1.4450000000 -0.1850000000 -2.886550
1.4550000000 -0.1850000000 -2.900550
1.4650000000 -0.1850000000 -2.914780
1.4750000000 -0.1850000000 -2.929260
1.4850000000 -0.1850000000 -2.943960
1.4950000000 -0.1850000000 -2.958890
1.5050000000 -0.1850000000 -2.974040
1.5150000000 -0.1850000000 -2.989390
1.5250000000 -0.1850000000 -3.004920
1.5350000000 -0.1850000000 -3.020620
1.5450000000 -0.1850000000 -3.036450
1.5550000000 -0.1850000000 -3.052370
1.5650000000 -0.1850000000 -3.068340
1.5750000000 -0.1850000000 -3.084300
1.5850000000 -0.1850000000 -3.100180
1.5950000000 -0.1850000000 -3.115890
1.6050000000 -0.1850000000 -3.131330
1.6150000000 -0.1850000000 -3.146380
1.6250000000 -0.1850000000 -3.160910
1.6350000000 -0.1850000000 -3.174760
1.6450000000 -0.1850000000 -3.187750
1.6550000000 -0.1850000000 -3.199700
1.6650000000 -0.1850000000 -3.210420
1.6750000000 -0.1850000000 -3.219720
1.6850000000 -0.1850000000 -3.227420
1.6950000000 -0.1850000000 -3.233350
1.7050000000 -0.1850000000 -3.237400
1.7150000000 -0.1850000000 -3.239480
1.7250000000 -0.1850000000 -3.239550
1.7350000000 -0.1850000000 -3.237640
1.7450000000 -0.1850000000 -3.233820
1.7550000000 -0.1850000000 -3.228200
1.7650000000 -0.1850000000 -3.220950
1.7750000000 -0.1850000000 -3.212220
1.7850000000 -0.1850000000 -3.202210
1.7950000000 -0.1850000000 -3.191120
1.8050000000 -0.1850000000 -3.179130
1.8150000000 -0.1850000000 -3.166420
1.8250000000 -0.1850000000 -3.153140
1.8350000000 -0.1850000000 -3.139440
1.8450000000 -0.1850000000 -3.125430
1.8550000000 -0.1850000000 -3.111230
1.8650000000 -0.1850000000 -3.096930
1.8750000000 -0.1850000000 -3.082590
1.8850000000 -0.1850000000 -3.068270
1.8950000000 -0.1850000000 -3.054030
1.9050000000 -0.1850000000 -3.039910
1.9150000000 -0.1850000000 -3.025920
1.9250000000 -0.1850000000 -3.012110
1.9350000000 -0.1850000000 -2.998480
1.9450000000 -0.1850000000 -2.985050
1.9550000000 -0.1850000000 -2.971820
1.9650000000 -0.1850000000 -2.958810
1.9750000000 -0.1850000000 -2.946010
1.9850000000 -0.1850000000 -2.933430
1.9950000000 -0.1850000000 -2.921060
2.0050000000 -0.1850000000 -2.908910
2.0150000000 -0.1850000000 -2.896970
2.0250000000 -0.1850000000 -2.885240
1.4250000000 -0.1750000000 -2.851660
1.4350000000 -0.1750000000 -2.864770
1.4450000000 -0.1750000000 -2.878100
1.4550000000 -0.1750000000 -2.891650
1.4650000000 -0.1750000000 -2.905400
1.4750000000 -0.1750000000 -2.919360
1.4850000000 -0.1750000000 -2.933520
1.4950000000 -0.1750000000 -2.947860
1.5050000000 -0.1750000000 -2.962380
1.5150000000 -0.1750000000 -2.977050
1.5250000000 -0.1750000000 -2.991870
1.5350000000 -0.1750000000 -3.006790
1.5450000000 -0.1750000000 -3.021790
1.5550000000 -0.1750000000 -3.036830
1.5650000000 -0.1750000000 -3.051860
1.5750000000 -0.1750000000 -3.066810
1.5850000000 -0.1750000000 -3.081630
1.5950000000 -0.1750000000 -3.096230
1.6050000000 -0.1750000000 -3.110520
1.6150000000 -0.1750000000 -3.124370
1.6250000000 -0.1750000000 -3.137680
1.6350000000 -0.1750000000 -3.150300
1.6450000000 -0.1750000000 -3.162090
1.6550000000 -0.1750000000 -3.172890
1.6650000000 -0.1750000000 -3.182540
1.6750000000 -0.1750000000 -3.190890
1.6850000000 -0.1750000000 -3.197790
1.6950000000 -0.1750000000 -3.203110
1.7050000000 -0.1750000000 -3.206770
1.7150000000 -0.1750000000 -3.208680
1.7250000000 -0.1750000000 -3.208840
1.7350000000 -0.1750000000 -3.207240
1.7450000000 -0.1750000000 -3.203960
1.7550000000 -0.1750000000 -3.199080
1.7650000000 -0.1750000000 -3.192710
1.7750000000 -0.1750000000 -3.185000
1.7850000000 -0.1750000000 -3.176110
1.7950000000 -0.1750000000 -3.166190
1.8050000000 -0.1750000000 -3.155390
1.8150000000 -0.1750000000 -3.143870
1.8250000000 -0.1750000000 -3.131770
1.8350000000 -0.1750000000 -3.119200
1.8450000000 -0.1750000000 -3.106300
1.8550000000 -0.1750000000 -3.093140
1.8650000000 -0.1750000000 -3.079820
1.8750000000 -0.1750000000 -3.066400
1.8850000000 -0.1750000000 -3.052960
1.8950000000 -0.1750000000 -3.039530
1.9050000000 -0.1750000000 -3.026150
1.9150000000 -0.1750000000 -3.012870
1.9250000000 -0.1750000000 -2.999710
1.9350000000 -0.1750000000 -2.986680
1.9450000000 -0.1750000000 -2.973810
1.9550000000 -0.1750000000 -2.961110
1.9650000000 -0.1750000000 -2.948580
1.9750000000 -0.1750000000 -2.936230
1.9850000000 -0.1750000000 -2.924070
1.9950000000 -0.1750000000 -2.912100
2.0050000000 -0.1750000000 -2.900310
2.0150000000 -0.1750000000 -2.888710
2.0250000000 -0.1750000000 -2.877300
1.4250000000 -0.1650000000 -2.843910
1.4350000000 -0.1650000000 -2.856630
1.4450000000 -0.1650000000 -2.869540
1.4550000000 -0.1650000000 -2.882630
1.4650000000 -0.1650000000 -2.895910
1.4750000000 -0.1650000000 -2.909360
1.4850000000 -0.1650000000 -2.922980
1.4950000000 -0.1650000000 -2.936740
1.5050000000 -0.1650000000 -2.950650
1.5150000000 -0.1650000000 -2.964670
1.5250000000 -0.1650000000 -2.978790
1.5350000000 -0.1650000000 -2.992970
1.5450000000 -0.1650000000 -3.007180
1.5550000000 -0.1650000000 -3.021380
1.5650000000 -0.1650000000 -3.035520
1.5750000000 -0.1650000000 -3.049550
1.5850000000 -0.1650000000 -3.063390
1.5950000000 -0.1650000000 -3.076970
1.6050000000 -0.1650000000 -3.090210
1.6150000000 -0.1650000000 -3.102990
1.6250000000 -0.1650000000 -3.115220
1.6350000000 -0.1650000000 -3.126760
1.6450000000 -0.1650000000 -3.137500
1.6550000000 -0.1650000000 -3.147310
1.6650000000 -0.1650000000 -3.156050
1.6750000000 -0.1650000000 -3.163590
1.6850000000 -0.1650000000 -3.169810
1.6950000000 -0.1650000000 -3.174620
1.7050000000 -0.1650000000 -3.177950
1.7150000000 -0.1650000000 -3.179730
1.7250000000 -0.1650000000 -3.179940
1.7350000000 -0.1650000000 -3.178610
1.7450000000 -0.1650000000 -3.175770
1.7550000000 -0.1650000000 -3.171500
1.7650000000 -0.1650000000 -3.165880
1.7750000000 -0.1650000000 -3.159040
1.7850000000 -0.1650000000 -3.151100
1.7950000000 -0.1650000000 -3.142190
1.8050000000 -0.1650000000 -3.132430
1.8150000000 -0.1650000000 -3.121970
1.8250000000 -0.1650000000 -3.110910
1.8350000000 -0.1650000000 -3.099380
1.8450000000 -0.1650000000 -3.087460
1.8550000000 -0.1650000000 -3.075260
1.8650000000 -0.1650000000 -3.062860
1.8750000000 -0.1650000000 -3.050310
1.8850000000 -0.1650000000 -3.037680
1.8950000000 -0.1650000000 -3.025010
1.9050000000 -0.1650000000 -3.012360
1.9150000000 -0.1650000000 -2.999760
1.9250000000 -0.1650000000 -2.987220
1.9350000000 -0.1650000000 -2.974790
1.9450000000 -0.1650000000 -2.962460
1.9550000000 -0.1650000000 -2.950270
1.9650000000 -0.1650000000 -2.938220
1.9750000000 -0.1650000000 -2.926320
1.9850000000 -0.1650000000 -2.914580
1.9950000000 -0.1650000000 -2.902990
2.0050000000 -0.1650000000 -2.891570
2.0150000000 -0.1650000000 -2.880310
2.0250000000 -0.1650000000 -2.869220
1.4250000000 -0.1550000000 -2.836070
1.4350000000 -0.1550000000 -2.848390
1.4450000000 -0.1550000000 -2.860880
1.4550000000 -0.1550000000 -2.873530
1.4650000000 -0.1550000000 -2.886340
1.4750000000 -0.1550000000 -2.899290
1.4850000000 -0.1550000000 -2.912380
1.4950000000 -0.1550000000 -2.925580
1.5050000000 -0.1550000000 -2.938890
1.5150000000 -0.1550000000 -2.952280
1.5250000000 -0.1550000000 -2.965720
1.5350000000 -0.1550000000 -2.979190
1.5450000000 -0.1550000000 -2.992660
1.5550000000 -0.1550000000 -3.006070
1.5650000000 -0.1550000000 -3.019380
1.5750000000 -0.1550000000 -3.032540
1.5850000000 -0.1550000000 -3.045480
1.5950000000 -0.1550000000 -3.058140
1.6050000000 -0.1550000000 -3.070420
1.6150000000 -0.1550000000 -3.082240
1.6250000000 -0.1550000000 -3.093500
1.6350000000 -0.1550000000 -3.104100
1.6450000000 -0.1550000000 -3.113920
1.6550000000 -0.1550000000 -3.122870
1.6650000000 -0.1550000000 -3.130820
1.6750000000 -0.1550000000 -3.137670
1.6850000000 -0.1550000000 -3.143320
1.6950000000 -0.1550000000 -3.147700
1.7050000000 -0.1550000000 -3.150740
1.7150000000 -0.1550000000 -3.152400
1.7250000000 -0.1550000000 -3.152670
1.7350000000 -0.1550000000 -3.151560
1.7450000000 -0.1550000000 -3.149090
1.7550000000 -0.1550000000 -3.145330
1.7650000000 -0.1550000000 -3.140350
1.7750000000 -0.1550000000 -3.134250
1.7850000000 -0.1550000000 -3.127120
1.7950000000 -0.1550000000 -3.119090
1.8050000000 -0.1550000000 -3.110250
1.8150000000 -0.1550000000 -3.100710
1.8250000000 -0.1550000000 -3.090590
1.8350000000 -0.1550000000 -3.079980
1.8450000000 -0.1550000000 -3.068980
1.8550000000 -0.1550000000 -3.057650
1.8650000000 -0.1550000000 -3.046090
1.8750000000 -0.1550000000 -3.034340
1.8850000000 -0.1550000000 -3.022480
1.8950000000 -0.1550000000 -3.010540
1.9050000000 -0.1550000000 -2.998580
1.9150000000 -0.1550000000 -2.986620
1.9250000000 -0.1550000000 -2.974690
1.9350000000 -0.1550000000 -2.962820
1.9450000000 -0.1550000000 -2.951030
1.9550000000 -0.1550000000 -2.939340
1.9650000000 -0.1550000000 -2.927760
1.9750000000 -0.1550000000 -2.916300
1.9850000000 -0.1550000000 -2.904970
1.9950000000 -0.1550000000 -2.893770
2.0050000000 -0.1550000000 -2.882710
2.0150000000 -0.1550000000 -2.871790
2.0250000000 -0.1550000000 -2.861020
1.4250000000 -0.1450000000 -2.828150
1.4350000000 -0.1450000000 -2.840070
1.4450000000 -0.1450000000 -2.852150
1.4550000000 -0.1450000000 -2.864360
1.4650000000 -0.1450000000 -2.876710
1.4750000000 -0.1450000000 -2.889170
1.4850000000 -0.1450000000 -2.901740
1.4950000000 -0.1450000000 -2.914400
1.5050000000 -0.1450000000 -2.927130
1.5150000000 -0.1450000000 -2.939910
1.5250000000 -0.1450000000 -2.952710
1.5350000000 -0.1450000000 -2.965510
1.5450000000 -0.1450000000 -2.978260
1.5550000000 -0.1450000000 -2.990930
1.5650000000 -0.1450000000 -3.003470
1.5750000000 -0.1450000000 -3.015830
1.5850000000 -0.1450000000 -3.027940
1.5950000000 -0.1450000000 -3.039740
1.6050000000 -0.1450000000 -3.051160
1.6150000000 -0.1450000000 -3.062120
1.6250000000 -0.1450000000 -3.072520
1.6350000000 -0.1450000000 -3.082280
1.6450000000 -0.1450000000 -3.091300
1.6550000000 -0.1450000000 -3.099490
1.6650000000 -0.1450000000 -3.106760
1.6750000000 -0.1450000000 -3.113010
1.6850000000 -0.1450000000 -3.118180
1.6950000000 -0.1450000000 -3.122180
1.7050000000 -0.1450000000 -3.124990
1.7150000000 -0.1450000000 -3.126550
1.7250000000 -0.1450000000 -3.126850
1.7350000000 -0.1450000000 -3.125920
1.7450000000 -0.1450000000 -3.123760
1.7550000000 -0.1450000000 -3.120440
1.7650000000 -0.1450000000 -3.116000
1.7750000000 -0.1450000000 -3.110540
1.7850000000 -0.1450000000 -3.104120
1.7950000000 -0.1450000000 -3.096850
1.8050000000 -0.1450000000 -3.088810
1.8150000000 -0.1450000000 -3.080100
1.8250000000 -0.1450000000 -3.070820
1.8350000000 -0.1450000000 -3.061040
1.8450000000 -0.1450000000 -3.050860
1.8550000000 -0.1450000000 -3.040340
1.8650000000 -0.1450000000 -3.029550
1.8750000000 -0.1450000000 -3.018550
1.8850000000 -0.1450000000 -3.007410
1.8950000000 -0.1450000000 -2.996150
1.9050000000 -0.1450000000 -2.984840
1.9150000000 -0.1450000000 -2.973490
1.9250000000 -0.1450000000 -2.962140
1.9350000000 -0.1450000000 -2.950820
1.9450000000 -0.1450000000 -2.939550
1.9550000000 -0.1450000000 -2.928350
1.9650000000 -0.1450000000 -2.917220
1.9750000000 -0.1450000000 -2.906190
1.9850000000 -0.1450000000 -2.895270
1.9950000000 -0.1450000000 -2.884450
2.0050000000 -0.1450000000 -2.873750
2.0150000000 -0.1450000000 -2.863170
2.0250000000 -0.1450000000 -2.852720
1.4250000000 -0.1350000000 -2.820160
1.4350000000 -0.1350000000 -2.831700
1.4450000000 -0.1350000000 -2.843370
1.4550000000 -0.1350000000 -2.855150
1.4650000000 -0.1350000000 -2.867040
1.4750000000 -0.1350000000 -2.879030
1.4850000000 -0.1350000000 -2.891100
1.4950000000 -0.1350000000 -2.903230
1.5050000000 -0.1350000000 -2.915400
1.5150000000 -0.1350000000 -2.927600
1.5250000000 -0.1350000000 -2.939790
1.5350000000 -0.1350000000 -2.951950
1.5450000000 -0.1350000000 -2.964030
1.5550000000 -0.1350000000 -2.976000
1.5650000000 -0.1350000000 -2.987820
1.5750000000 -0.1350000000 -2.999430
1.5850000000 -0.1350000000 -3.010780
1.5950000000 -0.1350000000 -3.021810
1.6050000000 -0.1350000000 -3.032440
1.6150000000 -0.1350000000 -3.042610
1.6250000000 -0.1350000000 -3.052250
1.6350000000 -0.1350000000 -3.061260
1.6450000000 -0.1350000000 -3.069570
1.6550000000 -0.1350000000 -3.077100
1.6650000000 -0.1350000000 -3.083780
1.6750000000 -0.1350000000 -3.089510
1.6850000000 -0.1350000000 -3.094250
1.6950000000 -0.1350000000 -3.097940
1.7050000000 -0.1350000000 -3.100530
1.7150000000 -0.1350000000 -3.102010
1.7250000000 -0.1350000000 -3.102350
1.7350000000 -0.1350000000 -3.101560
1.7450000000 -0.1350000000 -3.099670
1.7550000000 -0.1350000000 -3.096720
1.7650000000 -0.1350000000 -3.092750
1.7750000000 -0.1350000000 -3.087830
1.7850000000 -0.1350000000 -3.082030
1.7950000000 -0.1350000000 -3.075420
1.8050000000 -0.1350000000 -3.068090
1.8150000000 -0.1350000000 -3.060120
1.8250000000 -0.1350000000 -3.051580
1.8350000000 -0.1350000000 -3.042560
1.8450000000 -0.1350000000 -3.033120
1.8550000000 -0.1350000000 -3.023330
1.8650000000 -0.1350000000 -3.013260
1.8750000000 -0.1350000000 -3.002960
1.8850000000 -0.1350000000 -2.992480
1.8950000000 -0.1350000000 -2.981870
1.9050000000 -0.1350000000 -2.971170
1.9150000000 -0.1350000000 -2.960410
1.9250000000 -0.1350000000 -2.949620
1.9350000000 -0.1350000000 -2.938820
1.9450000000 -0.1350000000 -2.928050
1.9550000000 -0.1350000000 -2.917320
1.9650000000 -0.1350000000 -2.906640
1.9750000000 -0.1350000000 -2.896030
1.9850000000 -0.1350000000 -2.885500
1.9950000000 -0.1350000000 -2.875050
2.0050000000 -0.1350000000 -2.864710
2.0150000000 -0.1350000000 -2.854460
2.0250000000 -0.1350000000 -2.844320
1.4250000000 -0.1250000000 -2.812130
1.4350000000 -0.1250000000 -2.823290
1.4450000000 -0.1250000000 -2.834550
1.4550000000 -0.1250000000 -2.845910
1.4650000000 -0.1250000000 -2.857360
1.4750000000 -0.1250000000 -2.868890
1.4850000000 -0.1250000000 -2.880470
1.4950000000 -0.1250000000 -2.892090
1.5050000000 -0.1250000000 -2.903730
1.5150000000 -0.1250000000 -2.915370
1.5250000000 -0.1250000000 -2.926980
1.5350000000 -0.1250000000 -2.938520
1.5450000000 -0.1250000000 -2.949980
1.5550000000 -0.1250000000 -2.961300
1.5650000000 -0.1250000000 -2.972440
1.5750000000 -0.1250000000 -2.983360
1.5850000000 -0.1250000000 -2.994010
1.5950000000 -0.1250000000 -3.004330
1.6050000000 -0.1250000000 -3.014250
1.6150000000 -0.1250000000 -3.023720
1.6250000000 -0.1250000000 -3.032660
1.6350000000 -0.1250000000 -3.041010
1.6450000000 -0.1250000000 -3.048690
1.6550000000 -0.1250000000 -3.055640
1.6650000000 -0.1250000000 -3.061790
1.6750000000 -0.1250000000 -3.067080
1.6850000000 -0.1250000000 -3.071450
1.6950000000 -0.1250000000 -3.074860
1.7050000000 -0.1250000000 -3.077270
1.7150000000 -0.1250000000 -3.078660
1.7250000000 -0.1250000000 -3.079020
1.7350000000 -0.1250000000 -3.078370
1.7450000000 -0.1250000000 -3.076700
1.7550000000 -0.1250000000 -3.074070
1.7650000000 -0.1250000000 -3.070500
1.7750000000 -0.1250000000 -3.066060
1.7850000000 -0.1250000000 -3.060800
1.7950000000 -0.1250000000 -3.054780
1.8050000000 -0.1250000000 -3.048080
1.8150000000 -0.1250000000 -3.040760
1.8250000000 -0.1250000000 -3.032890
1.8350000000 -0.1250000000 -3.024540
1.8450000000 -0.1250000000 -3.015780
1.8550000000 -0.1250000000 -3.006670
1.8650000000 -0.1250000000 -2.997250
1.8750000000 -0.1250000000 -2.987600
1.8850000000 -0.1250000000 -2.977740
1.8950000000 -0.1250000000 -2.967730
1.9050000000 -0.1250000000 -2.957610
1.9150000000 -0.1250000000 -2.947400
1.9250000000 -0.1250000000 -2.937140
1.9350000000 -0.1250000000 -2.926850
1.9450000000 -0.1250000000 -2.916550
1.9550000000 -0.1250000000 -2.906270
1.9650000000 -0.1250000000 -2.896030
1.9750000000 -0.1250000000 -2.885830
1.9850000000 -0.1250000000 -2.875680
1.9950000000 -0.1250000000 -2.865610
2.0050000000 -0.1250000000 -2.855610
2.0150000000 -0.1250000000 -2.845690
2.0250000000 -0.1250000000 -2.835860
1.4250000000 -0.1150000000 -2.804060
1.4350000000 -0.1150000000 -2.814850
1.4450000000 -0.1150000000 -2.825720
1.4550000000 -0.1150000000 -2.836670
1.4650000000 -0.1150000000 -2.847690
1.4750000000 -0.1150000000 -2.858770
1.4850000000 -0.1150000000 -2.869880
1.4950000000 -0.1150000000 -2.881010
1.5050000000 -0.1150000000 -2.892140
1.5150000000 -0.1150000000 -2.903240
1.5250000000 -0.1150000000 -2.914300
1.5350000000 -0.1150000000 -2.925270
1.5450000000 -0.1150000000 -2.936130
1.5550000000 -0.1150000000 -2.946830
1.5650000000 -0.1150000000 -2.957350
1.5750000000 -0.1150000000 -2.967640
1.5850000000 -0.1150000000 -2.977640
1.5950000000 -0.1150000000 -2.987300
1.6050000000 -0.1150000000 -2.996580
1.6150000000 -0.1150000000 -3.005410
1.6250000000 -0.1150000000 -3.013730
1.6350000000 -0.1150000000 -3.021480
1.6450000000 -0.1150000000 -3.028610
1.6550000000 -0.1150000000 -3.035040
1.6650000000 -0.1150000000 -3.040730
1.6750000000 -0.1150000000 -3.045620
1.6850000000 -0.1150000000 -3.049660
1.6950000000 -0.1150000000 -3.052830
1.7050000000 -0.1150000000 -3.055080
1.7150000000 -0.1150000000 -3.056400
1.7250000000 -0.1150000000 -3.056780
1.7350000000 -0.1150000000 -3.056230
1.7450000000 -0.1150000000 -3.054770
1.7550000000 -0.1150000000 -3.052410
1.7650000000 -0.1150000000 -3.049190
1.7750000000 -0.1150000000 -3.045160
1.7850000000 -0.1150000000 -3.040370
1.7950000000 -0.1150000000 -3.034870
1.8050000000 -0.1150000000 -3.028720
1.8150000000 -0.1150000000 -3.021990
1.8250000000 -0.1150000000 -3.014720
1.8350000000 -0.1150000000 -3.006990
1.8450000000 -0.1150000000 -2.998840
1.8550000000 -0.1150000000 -2.990340
1.8650000000 -0.1150000000 -2.981540
1.8750000000 -0.1150000000 -2.972470
1.8850000000 -0.1150000000 -2.963200
1.8950000000 -0.1150000000 -2.953750
1.9050000000 -0.1150000000 -2.944170
1.9150000000 -0.1150000000 -2.934490
1.9250000000 -0.1150000000 -2.924730
1.9350000000 -0.1150000000 -2.914920
1.9450000000 -0.1150000000 -2.905080
1.9550000000 -0.1150000000 -2.895240
1.9650000000 -0.1150000000 -2.885410
1.9750000000 -0.1150000000 -2.875600
1.9850000000 -0.1150000000 -2.865840
1.9950000000 -0.1150000000 -2.856120
2.0050000000 -0.1150000000 -2.846460
2.0150000000 -0.1150000000 -2.836870
2.0250000000 -0.1150000000 -2.827340
1.4250000000 -0.1050000000 -2.795980
1.4350000000 -0.1050000000 -2.806390
1.4450000000 -0.1050000000 -2.816880
1.4550000000 -0.1050000000 -2.827440
1.4650000000 -0.1050000000 -2.838040
1.4750000000 -0.1050000000 -2.848680
1.4850000000 -0.1050000000 -2.859340
1.4950000000 -0.1050000000 -2.870000
1.5050000000 -0.1050000000 -2.880640
1.5150000000 -0.1050000000 -2.891230
1.5250000000 -0.1050000000 -2.901760
1.5350000000 -0.1050000000 -2.912190
1.5450000000 -0.1050000000 -2.922490
1.5550000000 -0.1050000000 -2.932630
1.5650000000 -0.1050000000 -2.942560
1.5750000000 -0.1050000000 -2.952260
1.5850000000 -0.1050000000 -2.961660
1.5950000000 -0.1050000000 -2.970730
1.6050000000 -0.1050000000 -2.979420
1.6150000000 -0.1050000000 -2.987670
1.6250000000 -0.1050000000 -2.995430
1.6350000000 -0.1050000000 -3.002650
1.6450000000 -0.1050000000 -3.009270
1.6550000000 -0.1050000000 -3.015250
1.6650000000 -0.1050000000 -3.020530
1.6750000000 -0.1050000000 -3.025060
1.6850000000 -0.1050000000 -3.028820
1.6950000000 -0.1050000000 -3.031770
1.7050000000 -0.1050000000 -3.033880
1.7150000000 -0.1050000000 -3.035130
1.7250000000 -0.1050000000 -3.035530
1.7350000000 -0.1050000000 -3.035070
1.7450000000 -0.1050000000 -3.033770
1.7550000000 -0.1050000000 -3.031650
1.7650000000 -0.1050000000 -3.028740
1.7750000000 -0.1050000000 -3.025080
1.7850000000 -0.1050000000 -3.020700
1.7950000000 -0.1050000000 -3.015660
1.8050000000 -0.1050000000 -3.010010
1.8150000000 -0.1050000000 -3.003790
1.8250000000 -0.1050000000 -2.997070
1.8350000000 -0.1050000000 -2.989890
1.8450000000 -0.1050000000 -2.982300
1.8550000000 -0.1050000000 -2.974370
1.8650000000 -0.1050000000 -2.966120
1.8750000000 -0.1050000000 -2.957610
1.8850000000 -0.1050000000 -2.948870
1.8950000000 -0.1050000000 -2.939950
1.9050000000 -0.1050000000 -2.930880
1.9150000000 -0.1050000000 -2.921690
1.9250000000 -0.1050000000 -2.912410
1.9350000000 -0.1050000000 -2.903050
1.9450000000 -0.1050000000 -2.893660
1.9550000000 -0.1050000000 -2.884240
1.9650000000 -0.1050000000 -2.874810
1.9750000000 -0.1050000000 -2.865380
1.9850000000 -0.1050000000 -2.855980
1.9950000000 -0.1050000000 -2.846610
2.0050000000 -0.1050000000 -2.837280
2.0150000000 -0.1050000000 -2.828000
2.0250000000 -0.1050000000 -2.818780
1.4250000000 -0.0950000000 -2.787890
1.4350000000 -0.0950000000 -2.797940
1.4450000000 -0.0950000000 -2.808060
1.4550000000 -0.0950000000 -2.818230
1.4650000000 -0.0950000000 -2.828430
1.4750000000 -0.0950000000 -2.838650
1.4850000000 -0.0950000000 -2.848870
1.4950000000 -0.0950000000 -2.859080
1.5050000000 -0.0950000000 -2.869250
1.5150000000 -0.0950000000 -2.879360
1.5250000000 -0.0950000000 -2.889390
1.5350000000 -0.0950000000 -2.899310
1.5450000000 -0.0950000000 -2.909080
1.5550000000 -0.0950000000 -2.918690
1.5650000000 -0.0950000000 -2.928080
1.5750000000 -0.0950000000 -2.937220
1.5850000000 -0.0950000000 -2.946080
1.5950000000 -0.0950000000 -2.954600
1.6050000000 -0.0950000000 -2.962750
1.6150000000 -0.0950000000 -2.970480
1.6250000000 -0.0950000000 -2.977730
1.6350000000 -0.0950000000 -2.984470
1.6450000000 -0.0950000000 -2.990640
1.6550000000 -0.0950000000 -2.996210
1.6650000000 -0.0950000000 -3.001120
1.6750000000 -0.0950000000 -3.005350
1.6850000000 -0.0950000000 -3.008850
1.6950000000 -0.0950000000 -3.011600
1.7050000000 -0.0950000000 -3.013580
1.7150000000 -0.0950000000 -3.014780
1.7250000000 -0.0950000000 -3.015180
1.7350000000 -0.0950000000 -3.014810
1.7450000000 -0.0950000000 -3.013650
1.7550000000 -0.0950000000 -3.011740
1.7650000000 -0.0950000000 -3.009100
1.7750000000 -0.0950000000 -3.005750
1.7850000000 -0.0950000000 -3.001740
1.7950000000 -0.0950000000 -2.997110
1.8050000000 -0.0950000000 -2.991900
1.8150000000 -0.0950000000 -2.986150
1.8250000000 -0.0950000000 -2.979920
1.8350000000 -0.0950000000 -2.973240
1.8450000000 -0.0950000000 -2.966170
1.8550000000 -0.0950000000 -2.958740
1.8650000000 -0.0950000000 -2.951010
1.8750000000 -0.0950000000 -2.943010
1.8850000000 -0.0950000000 -2.934770
1.8950000000 -0.0950000000 -2.926340
1.9050000000 -0.0950000000 -2.917750
1.9150000000 -0.0950000000 -2.909020
1.9250000000 -0.0950000000 -2.900190
1.9350000000 -0.0950000000 -2.891270
1.9450000000 -0.0950000000 -2.882300
1.9550000000 -0.0950000000 -2.873280
1.9650000000 -0.0950000000 -2.864230
1.9750000000 -0.0950000000 -2.855180
1.9850000000 -0.0950000000 -2.846130
1.9950000000 -0.0950000000 -2.837100
2.0050000000 -0.0950000000 -2.828090
2.0150000000 -0.0950000000 -2.819120
2.0250000000 -0.0950000000 -2.810190
1.4250000000 -0.0850000000 -2.779800
1.4350000000 -0.0850000000 -2.789510
1.4450000000 -0.0850000000 -2.799260
1.4550000000 -0.0850000000 -2.809050
1.4650000000 -0.0850000000 -2.818860
1.4750000000 -0.0850000000 -2.828680
1.4850000000 -0.0850000000 -2.838480
1.4950000000 -0.0850000000 -2.848260
1.5050000000 -0.0850000000 -2.857980
1.5150000000 -0.0850000000 -2.867640
1.5250000000 -0.0850000000 -2.877190
1.5350000000 -0.0850000000 -2.886630
1.5450000000 -0.0850000000 -2.895910
1.5550000000 -0.0850000000 -2.905010
1.5650000000 -0.0850000000 -2.913900
1.5750000000 -0.0850000000 -2.922540
1.5850000000 -0.0850000000 -2.930890
1.5950000000 -0.0850000000 -2.938910
1.6050000000 -0.0850000000 -2.946560
1.6150000000 -0.0850000000 -2.953810
1.6250000000 -0.0850000000 -2.960610
1.6350000000 -0.0850000000 -2.966910
1.6450000000 -0.0850000000 -2.972680
1.6550000000 -0.0850000000 -2.977870
1.6650000000 -0.0850000000 -2.982460
1.6750000000 -0.0850000000 -2.986400
1.6850000000 -0.0850000000 -2.989670
1.6950000000 -0.0850000000 -2.992250
1.7050000000 -0.0850000000 -2.994120
1.7150000000 -0.0850000000 -2.995260
1.7250000000 -0.0850000000 -2.995680
1.7350000000 -0.0850000000 -2.995360
1.7450000000 -0.0850000000 -2.994340
1.7550000000 -0.0850000000 -2.992610
1.7650000000 -0.0850000000 -2.990200
1.7750000000 -0.0850000000 -2.987140
1.7850000000 -0.0850000000 -2.983460
1.7950000000 -0.0850000000 -2.979190
1.8050000000 -0.0850000000 -2.974370
1.8150000000 -0.0850000000 -2.969050
1.8250000000 -0.0850000000 -2.963250
1.8350000000 -0.0850000000 -2.957030
1.8450000000 -0.0850000000 -2.950420
1.8550000000 -0.0850000000 -2.943470
1.8650000000 -0.0850000000 -2.936210
1.8750000000 -0.0850000000 -2.928680
1.8850000000 -0.0850000000 -2.920910
1.8950000000 -0.0850000000 -2.912940
1.9050000000 -0.0850000000 -2.904790
1.9150000000 -0.0850000000 -2.896500
1.9250000000 -0.0850000000 -2.888100
1.9350000000 -0.0850000000 -2.879590
1.9450000000 -0.0850000000 -2.871010
1.9550000000 -0.0850000000 -2.862380
1.9650000000 -0.0850000000 -2.853700
1.9750000000 -0.0850000000 -2.845000
1.9850000000 -0.0850000000 -2.836300
1.9950000000 -0.0850000000 -2.827590
2.0050000000 -0.0850000000 -2.818900
2.0150000000 -0.0850000000 -2.810230
2.0250000000 -0.0850000000 -2.801590
1.4250000000 -0.0750000000 -2.771730
1.4350000000 -0.0750000000 -2.781100
1.4450000000 -0.0750000000 -2.790500
1.4550000000 -0.0750000000 -2.799930
1.4650000000 -0.0750000000 -2.809360
1.4750000000 -0.0750000000 -2.818790
1.4850000000 -0.0750000000 -2.828190
1.4950000000 -0.0750000000 -2.837550
1.5050000000 -0.0750000000 -2.846850
1.5150000000 -0.0750000000 -2.856070
1.5250000000 -0.0750000000 -2.865180
1.5350000000 -0.0750000000 -2.874160
1.5450000000 -0.0750000000 -2.882980
1.5550000000 -0.0750000000 -2.891620
1.5650000000 -0.0750000000 -2.900030
1.5750000000 -0.0750000000 -2.908200
1.5850000000 -0.0750000000 -2.916080
1.5950000000 -0.0750000000 -2.923640
1.6050000000 -0.0750000000 -2.930840
1.6150000000 -0.0750000000 -2.937650
1.6250000000 -0.0750000000 -2.944030
1.6350000000 -0.0750000000 -2.949930
1.6450000000 -0.0750000000 -2.955330
1.6550000000 -0.0750000000 -2.960200
1.6650000000 -0.0750000000 -2.964490
1.6750000000 -0.0750000000 -2.968180
1.6850000000 -0.0750000000 -2.971250
1.6950000000 -0.0750000000 -2.973670
1.7050000000 -0.0750000000 -2.975430
1.7150000000 -0.0750000000 -2.976520
1.7250000000 -0.0750000000 -2.976940
1.7350000000 -0.0750000000 -2.976690
1.7450000000 -0.0750000000 -2.975770
1.7550000000 -0.0750000000 -2.974200
1.7650000000 -0.0750000000 -2.972000
1.7750000000 -0.0750000000 -2.969200
1.7850000000 -0.0750000000 -2.965800
1.7950000000 -0.0750000000 -2.961860
1.8050000000 -0.0750000000 -2.957400
1.8150000000 -0.0750000000 -2.952450
1.8250000000 -0.0750000000 -2.947050
1.8350000000 -0.0750000000 -2.941250
1.8450000000 -0.0750000000 -2.935060
1.8550000000 -0.0750000000 -2.928540
1.8650000000 -0.0750000000 -2.921720
1.8750000000 -0.0750000000 -2.914620
1.8850000000 -0.0750000000 -2.907290
1.8950000000 -0.0750000000 -2.899740
1.9050000000 -0.0750000000 -2.892020
1.9150000000 -0.0750000000 -2.884140
1.9250000000 -0.0750000000 -2.876130
1.9350000000 -0.0750000000 -2.868020
1.9450000000 -0.0750000000 -2.859820
1.9550000000 -0.0750000000 -2.851550
1.9650000000 -0.0750000000 -2.843230
1.9750000000 -0.0750000000 -2.834870
1.9850000000 -0.0750000000 -2.826490
1.9950000000 -0.0750000000 -2.818100
2.0050000000 -0.0750000000 -2.809710
2.0150000000 -0.0750000000 -2.801330
2.0250000000 -0.0750000000 -2.792970
1.4250000000 -0.0650000000 -2.763680
1.4350000000 -0.0650000000 -2.772720
1.4450000000 -0.0650000000 -2.781780
1.4550000000 -0.0650000000 -2.790860
1.4650000000 -0.0650000000 -2.799930
1.4750000000 -0.0650000000 -2.808980
1.4850000000 -0.0650000000 -2.818000
1.4950000000 -0.0650000000 -2.826970
1.5050000000 -0.0650000000 -2.835860
1.5150000000 -0.0650000000 -2.844670
1.5250000000 -0.0650000000 -2.853350
1.5350000000 -0.0650000000 -2.861910
1.5450000000 -0.0650000000 -2.870290
1.5550000000 -0.0650000000 -2.878490
1.5650000000 -0.0650000000 -2.886470
1.5750000000 -0.0650000000 -2.894200
1.5850000000 -0.0650000000 -2.901640
1.5950000000 -0.0650000000 -2.908780
1.6050000000 -0.0650000000 -2.915570
1.6150000000 -0.0650000000 -2.921970
1.6250000000 -0.0650000000 -2.927970
1.6350000000 -0.0650000000 -2.933510
1.6450000000 -0.0650000000 -2.938580
1.6550000000 -0.0650000000 -2.943140
1.6650000000 -0.0650000000 -2.947170
1.6750000000 -0.0650000000 -2.950630
1.6850000000 -0.0650000000 -2.953510
1.6950000000 -0.0650000000 -2.955790
1.7050000000 -0.0650000000 -2.957460
1.7150000000 -0.0650000000 -2.958510
1.7250000000 -0.0650000000 -2.958930
1.7350000000 -0.0650000000 -2.958720
1.7450000000 -0.0650000000 -2.957900
1.7550000000 -0.0650000000 -2.956480
1.7650000000 -0.0650000000 -2.954460
1.7750000000 -0.0650000000 -2.951870
1.7850000000 -0.0650000000 -2.948740
1.7950000000 -0.0650000000 -2.945090
1.8050000000 -0.0650000000 -2.940940
1.8150000000 -0.0650000000 -2.936340
1.8250000000 -0.0650000000 -2.931310
1.8350000000 -0.0650000000 -2.925880
1.8450000000 -0.0650000000 -2.920080
1.8550000000 -0.0650000000 -2.913960
1.8650000000 -0.0650000000 -2.907530
1.8750000000 -0.0650000000 -2.900840
1.8850000000 -0.0650000000 -2.893910
1.8950000000 -0.0650000000 -2.886760
1.9050000000 -0.0650000000 -2.879430
1.9150000000 -0.0650000000 -2.871940
1.9250000000 -0.0650000000 -2.864310
1.9350000000 -0.0650000000 -2.856570
1.9450000000 -0.0650000000 -2.848730
1.9550000000 -0.0650000000 -2.840810
1.9650000000 -0.0650000000 -2.832830
1.9750000000 -0.0650000000 -2.824800
1.9850000000 -0.0650000000 -2.816730
1.9950000000 -0.0650000000 -2.808650
2.0050000000 -0.0650000000 -2.800550
2.0150000000 -0.0650000000 -2.792450
2.0250000000 -0.0650000000 -2.784360
1.4250000000 -0.0550000000 -2.755670
1.4350000000 -0.0550000000 -2.764390
1.4450000000 -0.0550000000 -2.773120
1.4550000000 -0.0550000000 -2.781860
1.4650000000 -0.0550000000 -2.790580
1.4750000000 -0.0550000000 -2.799270
1.4850000000 -0.0550000000 -2.807920
1.4950000000 -0.0550000000 -2.816510
1.5050000000 -0.0550000000 -2.825020
1.5150000000 -0.0550000000 -2.833440
1.5250000000 -0.0550000000 -2.841730
1.5350000000 -0.0550000000 -2.849870
1.5450000000 -0.0550000000 -2.857850
1.5550000000 -0.0550000000 -2.865640
1.5650000000 -0.0550000000 -2.873210
1.5750000000 -0.0550000000 -2.880530
1.5850000000 -0.0550000000 -2.887580
1.5950000000 -0.0550000000 -2.894320
1.6050000000 -0.0550000000 -2.900720
1.6150000000 -0.0550000000 -2.906760
1.6250000000 -0.0550000000 -2.912410
1.6350000000 -0.0550000000 -2.917620
1.6450000000 -0.0550000000 -2.922390
1.6550000000 -0.0550000000 -2.926680
1.6650000000 -0.0550000000 -2.930460
1.6750000000 -0.0550000000 -2.933710
1.6850000000 -0.0550000000 -2.936430
1.6950000000 -0.0550000000 -2.938580
1.7050000000 -0.0550000000 -2.940160
1.7150000000 -0.0550000000 -2.941160
1.7250000000 -0.0550000000 -2.941580
1.7350000000 -0.0550000000 -2.941420
1.7450000000 -0.0550000000 -2.940680
1.7550000000 -0.0550000000 -2.939380
1.7650000000 -0.0550000000 -2.937530
1.7750000000 -0.0550000000 -2.935140
1.7850000000 -0.0550000000 -2.932240
1.7950000000 -0.0550000000 -2.928850
1.8050000000 -0.0550000000 -2.924990
1.8150000000 -0.0550000000 -2.920700
1.8250000000 -0.0550000000 -2.915990
1.8350000000 -0.0550000000 -2.910910
1.8450000000 -0.0550000000 -2.905470
1.8550000000 -0.0550000000 -2.899710
1.8650000000 -0.0550000000 -2.893650
1.8750000000 -0.0550000000 -2.887330
1.8850000000 -0.0550000000 -2.880770
1.8950000000 -0.0550000000 -2.874000
1.9050000000 -0.0550000000 -2.867040
1.9150000000 -0.0550000000 -2.859910
1.9250000000 -0.0550000000 -2.852640
1.9350000000 -0.0550000000 -2.845250
1.9450000000 -0.0550000000 -2.837750
1.9550000000 -0.0550000000 -2.830160
1.9650000000 -0.0550000000 -2.822500
1.9750000000 -0.0550000000 -2.814790
1.9850000000 -0.0550000000 -2.807030
1.9950000000 -0.0550000000 -2.799230
2.0050000000 -0.0550000000 -2.791420
2.0150000000 -0.0550000000 -2.783600
2.0250000000 -0.0550000000 -2.775770
1.4250000000 -0.0450000000 -2.747700
1.4350000000 -0.0450000000 -2.756110
1.4450000000 -0.0450000000 -2.764520
1.4550000000 -0.0450000000 -2.772930
1.4650000000 -0.0450000000 -2.781320
1.4750000000 -0.0450000000 -2.789670
1.4850000000 -0.0450000000 -2.797970
1.4950000000 -0.0450000000 -2.806200
1.5050000000 -0.0450000000 -2.814340
1.5150000000 -0.0450000000 -2.822380
1.5250000000 -0.0450000000 -2.830300
1.5350000000 -0.0450000000 -2.838060
1.5450000000 -0.0450000000 -2.845660
1.5550000000 -0.0450000000 -2.853060
1.5650000000 -0.0450000000 -2.860250
1.5750000000 -0.0450000000 -2.867190
1.5850000000 -0.0450000000 -2.873870
1.5950000000 -0.0450000000 -2.880240
1.6050000000 -0.0450000000 -2.886290
1.6150000000 -0.0450000000 -2.891990
1.6250000000 -0.0450000000 -2.897320
1.6350000000 -0.0450000000 -2.902230
1.6450000000 -0.0450000000 -2.906720
1.6550000000 -0.0450000000 -2.910760
1.6650000000 -0.0450000000 -2.914320
1.6750000000 -0.0450000000 -2.917380
1.6850000000 -0.0450000000 -2.919940
1.6950000000 -0.0450000000 -2.921980
1.7050000000 -0.0450000000 -2.923480
1.7150000000 -0.0450000000 -2.924430
1.7250000000 -0.0450000000 -2.924850
1.7350000000 -0.0450000000 -2.924730
1.7450000000 -0.0450000000 -2.924070
1.7550000000 -0.0450000000 -2.922880
1.7650000000 -0.0450000000 -2.921170
1.7750000000 -0.0450000000 -2.918960
1.7850000000 -0.0450000000 -2.916270
1.7950000000 -0.0450000000 -2.913110
1.8050000000 -0.0450000000 -2.909520
1.8150000000 -0.0450000000 -2.905510
1.8250000000 -0.0450000000 -2.901100
1.8350000000 -0.0450000000 -2.896330
1.8450000000 -0.0450000000 -2.891220
1.8550000000 -0.0450000000 -2.885790
1.8650000000 -0.0450000000 -2.880080
1.8750000000 -0.0450000000 -2.874100
1.8850000000 -0.0450000000 -2.867890
1.8950000000 -0.0450000000 -2.861460
1.9050000000 -0.0450000000 -2.854850
1.9150000000 -0.0450000000 -2.848060
1.9250000000 -0.0450000000 -2.841130
1.9350000000 -0.0450000000 -2.834060
1.9450000000 -0.0450000000 -2.826890
1.9550000000 -0.0450000000 -2.819620
1.9650000000 -0.0450000000 -2.812270
1.9750000000 -0.0450000000 -2.804850
1.9850000000 -0.0450000000 -2.797380
1.9950000000 -0.0450000000 -2.789870
2.0050000000 -0.0450000000 -2.782330
2.0150000000 -0.0450000000 -2.774770
2.0250000000 -0.0450000000 -2.767200
1.4250000000 -0.0350000000 -2.739780
1.4350000000 -0.0350000000 -2.747890
1.4450000000 -0.0350000000 -2.756000
1.4550000000 -0.0350000000 -2.764090
1.4650000000 -0.0350000000 -2.772160
1.4750000000 -0.0350000000 -2.780180
1.4850000000 -0.0350000000 -2.788140
1.4950000000 -0.0350000000 -2.796030
1.5050000000 -0.0350000000 -2.803820
1.5150000000 -0.0350000000 -2.811510
1.5250000000 -0.0350000000 -2.819070
1.5350000000 -0.0350000000 -2.826470
1.5450000000 -0.0350000000 -2.833710
1.5550000000 -0.0350000000 -2.840750
1.5650000000 -0.0350000000 -2.847580
1.5750000000 -0.0350000000 -2.854170
1.5850000000 -0.0350000000 -2.860500
1.5950000000 -0.0350000000 -2.866540
1.6050000000 -0.0350000000 -2.872260
1.6150000000 -0.0350000000 -2.877650
1.6250000000 -0.0350000000 -2.882670
1.6350000000 -0.0350000000 -2.887320
1.6450000000 -0.0350000000 -2.891550
1.6550000000 -0.0350000000 -2.895360
1.6650000000 -0.0350000000 -2.898710
1.6750000000 -0.0350000000 -2.901610
1.6850000000 -0.0350000000 -2.904020
1.6950000000 -0.0350000000 -2.905950
1.7050000000 -0.0350000000 -2.907370
1.7150000000 -0.0350000000 -2.908300
1.7250000000 -0.0350000000 -2.908710
1.7350000000 -0.0350000000 -2.908610
1.7450000000 -0.0350000000 -2.908020
1.7550000000 -0.0350000000 -2.906930
1.7650000000 -0.0350000000 -2.905350
1.7750000000 -0.0350000000 -2.903300
1.7850000000 -0.0350000000 -2.900800
1.7950000000 -0.0350000000 -2.897860
1.8050000000 -0.0350000000 -2.894500
1.8150000000 -0.0350000000 -2.890740
1.8250000000 -0.0350000000 -2.886610
1.8350000000 -0.0350000000 -2.882120
1.8450000000 -0.0350000000 -2.877310
1.8550000000 -0.0350000000 -2.872190
1.8650000000 -0.0350000000 -2.866800
1.8750000000 -0.0350000000 -2.861140
1.8850000000 -0.0350000000 -2.855250
1.8950000000 -0.0350000000 -2.849150
1.9050000000 -0.0350000000 -2.842850
1.9150000000 -0.0350000000 -2.836390
1.9250000000 -0.0350000000 -2.829770
1.9350000000 -0.0350000000 -2.823020
1.9450000000 -0.0350000000 -2.816150
1.9550000000 -0.0350000000 -2.809180
1.9650000000 -0.0350000000 -2.802120
1.9750000000 -0.0350000000 -2.794990
1.9850000000 -0.0350000000 -2.787800
1.9950000000 -0.0350000000 -2.780560
2.0050000000 -0.0350000000 -2.773290
2.0150000000 -0.0350000000 -2.765980
2.0250000000 -0.0350000000 -2.758660
1.4250000000 -0.0250000000 -2.731910
1.4350000000 -0.0250000000 -2.739740
1.4450000000 -0.0250000000 -2.747550
1.4550000000 -0.0250000000 -2.755340
1.4650000000 -0.0250000000 -2.763090
1.4750000000 -0.0250000000 -2.770800
1.4850000000 -0.0250000000 -2.778440
1.4950000000 -0.0250000000 -2.786000
1.5050000000 -0.0250000000 -2.793460
1.5150000000 -0.0250000000 -2.800810
1.5250000000 -0.0250000000 -2.808030
1.5350000000 -0.0250000000 -2.815100
1.5450000000 -0.0250000000 -2.822000
1.5550000000 -0.0250000000 -2.828710
1.5650000000 -0.0250000000 -2.835200
1.5750000000 -0.0250000000 -2.841460
1.5850000000 -0.0250000000 -2.847460
1.5950000000 -0.0250000000 -2.853190
1.6050000000 -0.0250000000 -2.858610
1.6150000000 -0.0250000000 -2.863710
1.6250000000 -0.0250000000 -2.868460
1.6350000000 -0.0250000000 -2.872850
1.6450000000 -0.0250000000 -2.876850
1.6550000000 -0.0250000000 -2.880440
1.6650000000 -0.0250000000 -2.883620
1.6750000000 -0.0250000000 -2.886350
1.6850000000 -0.0250000000 -2.888640
1.6950000000 -0.0250000000 -2.890460
1.7050000000 -0.0250000000 -2.891820
1.7150000000 -0.0250000000 -2.892700
1.7250000000 -0.0250000000 -2.893110
1.7350000000 -0.0250000000 -2.893040
1.7450000000 -0.0250000000 -2.892500
1.7550000000 -0.0250000000 -2.891500
1.7650000000 -0.0250000000 -2.890040
1.7750000000 -0.0250000000 -2.888140
1.7850000000 -0.0250000000 -2.885800
1.7950000000 -0.0250000000 -2.883050
1.8050000000 -0.0250000000 -2.879910
1.8150000000 -0.0250000000 -2.876380
1.8250000000 -0.0250000000 -2.872500
1.8350000000 -0.0250000000 -2.868280
1.8450000000 -0.0250000000 -2.863740
1.8550000000 -0.0250000000 -2.858910
1.8650000000 -0.0250000000 -2.853800
1.8750000000 -0.0250000000 -2.848450
1.8850000000 -0.0250000000 -2.842860
1.8950000000 -0.0250000000 -2.837060
1.9050000000 -0.0250000000 -2.831060
1.9150000000 -0.0250000000 -2.824900
1.9250000000 -0.0250000000 -2.818580
1.9350000000 -0.0250000000 -2.812120
1.9450000000 -0.0250000000 -2.805540
1.9550000000 -0.0250000000 -2.798860
1.9650000000 -0.0250000000 -2.792080
1.9750000000 -0.0250000000 -2.785230
1.9850000000 -0.0250000000 -2.778300
1.9950000000 -0.0250000000 -2.771320
2.0050000000 -0.0250000000 -2.764300
2.0150000000 -0.0250000000 -2.757240
2.0250000000 -0.0250000000 -2.750150
