re im logn
0.018000 -3.384821 0.00000
0.054000 -3.384821 0.00000
0.090000 -3.384821 0.00000
0.126000 -3.384821 0.00000
0.162000 -3.384821 0.00000
0.198000 -3.384821 0.00000
0.234000 -3.384821 0.00000
0.270000 -3.384821 1.14613
0.306000 -3.384821 0.00000
0.342000 -3.384821 0.00000
0.378000 -3.384821 0.00000
0.414000 -3.384821 0.00000
0.450000 -3.384821 0.00000
0.486000 -3.384821 0.00000
0.522000 -3.384821 0.00000
0.558000 -3.384821 0.00000
0.594000 -3.384821 0.00000
0.630000 -3.384821 0.00000
0.666000 -3.384821 0.00000
0.702000 -3.384821 0.00000
0.738000 -3.384821 0.00000
0.774000 -3.384821 0.00000
0.810000 -3.384821 0.00000
0.846000 -3.384821 0.00000
0.882000 -3.384821 0.00000
0.918000 -3.384821 0.00000
0.954000 -3.384821 0.00000
0.990000 -3.384821 0.00000
1.026000 -3.384821 0.00000
1.062000 -3.384821 0.00000
1.098000 -3.384821 0.00000
1.134000 -3.384821 0.00000
1.170000 -3.384821 0.00000
1.206000 -3.384821 0.00000
1.242000 -3.384821 0.00000
1.278000 -3.384821 0.00000
1.314000 -3.384821 0.00000
1.350000 -3.384821 0.00000
1.386000 -3.384821 0.00000
1.422000 -3.384821 0.00000
1.458000 -3.384821 0.00000
1.494000 -3.384821 0.00000
1.530000 -3.384821 0.00000
1.566000 -3.384821 0.00000
1.602000 -3.384821 0.00000
1.638000 -3.384821 0.00000
1.674000 -3.384821 0.00000
1.710000 -3.384821 0.00000
1.746000 -3.384821 0.00000
1.782000 -3.384821 0.00000
1.818000 -3.384821 0.00000
1.854000 -3.384821 0.00000
1.890000 -3.384821 0.00000
1.926000 -3.384821 0.00000
1.962000 -3.384821 0.00000
1.998000 -3.384821 0.00000
2.034000 -3.384821 0.00000
2.070000 -3.384821 0.00000
2.106000 -3.384821 0.00000
2.142000 -3.384821 0.00000
2.178000 -3.384821 0.00000
2.214000 -3.384821 0.00000
2.250000 -3.384821 0.00000
2.286000 -3.384821 0.00000
2.322000 -3.384821 0.00000
2.358000 -3.384821 0.00000
2.394000 -3.384821 0.00000
2.430000 -3.384821 0.00000
2.466000 -3.384821 0.00000
2.502000 -3.384821 0.00000
2.538000 -3.384821 0.00000
2.574000 -3.384821 0.00000
2.610000 -3.384821 0.00000
2.646000 -3.384821 0.00000
2.682000 -3.384821 0.00000
2.718000 -3.384821 0.00000
2.754000 -3.384821 0.00000
2.790000 -3.384821 0.00000
2.826000 -3.384821 0.00000
2.862000 -3.384821 0.00000
2.898000 -3.384821 0.00000
2.934000 -3.384821 0.00000
2.970000 -3.384821 0.00000
3.006000 -3.384821 0.00000
3.042000 -3.384821 0.00000
3.078000 -3.384821 0.00000
3.114000 -3.384821 0.00000
3.150000 -3.384821 0.00000
3.186000 -3.384821 0.00000
3.222000 -3.384821 0.00000
3.258000 -3.384821 0.00000
3.294000 -3.384821 0.00000
3.330000 -3.384821 0.00000
3.366000 -3.384821 0.00000
3.402000 -3.384821 0.00000
3.438000 -3.384821 0.00000
3.474000 -3.384821 0.00000
3.510000 -3.384821 0.00000
3.546000 -3.384821 0.00000
3.582000 -3.384821 0.00000
3.618000 -3.384821 0.00000
3.654000 -3.384821 0.00000
3.690000 -3.384821 0.00000
3.726000 -3.384821 0.00000
3.762000 -3.384821 0.00000
3.798000 -3.384821 0.00000
3.834000 -3.384821 0.00000
3.870000 -3.384821 0.00000
3.906000 -3.384821 0.00000
3.942000 -3.384821 0.00000
3.978000 -3.384821 0.00000
4.014000 -3.384821 0.00000
4.050000 -3.384821 0.00000
4.086000 -3.384821 0.00000
4.122000 -3.384821 0.00000
4.158000 -3.384821 0.00000
4.194000 -3.384821 0.00000
4.230000 -3.384821 0.00000
4.266000 -3.384821 0.00000
4.302000 -3.384821 0.00000
4.338000 -3.384821 0.00000
4.374000 -3.384821 0.00000
4.410000 -3.384821 0.00000
4.446000 -3.384821 0.00000
4.482000 -3.384821 0.00000
4.518000 -3.384821 0.00000
4.554000 -3.384821 0.00000
4.590000 -3.384821 0.00000
4.626000 -3.384821 0.00000
4.662000 -3.384821 0.00000
4.698000 -3.384821 0.00000
4.734000 -3.384821 0.00000
4.770000 -3.384821 0.00000
4.806000 -3.384821 0.00000
4.842000 -3.384821 0.00000
4.878000 -3.384821 0.00000
4.914000 -3.384821 0.00000
4.950000 -3.384821 0.00000
4.986000 -3.384821 0.00000
5.022000 -3.384821 0.00000
5.058000 -3.384821 0.00000
5.094000 -3.384821 0.00000
5.130000 -3.384821 0.00000
5.166000 -3.384821 0.00000
5.202000 -3.384821 0.00000
5.238000 -3.384821 0.00000
5.274000 -3.384821 0.00000
5.310000 -3.384821 0.00000
5.346000 -3.384821 0.00000
5.382000 -3.384821 0.00000
0.018000 -3.354464 0.00000
0.054000 -3.354464 0.00000
0.090000 -3.354464 0.00000
0.126000 -3.354464 0.00000
0.162000 -3.354464 0.00000
0.198000 -3.354464 0.00000
0.234000 -3.354464 0.30103
0.270000 -3.354464 1.76343
0.306000 -3.354464 0.00000
0.342000 -3.354464 0.00000
0.378000 -3.354464 0.00000
0.414000 -3.354464 0.00000
0.450000 -3.354464 0.00000
0.486000 -3.354464 0.00000
0.522000 -3.354464 0.00000
0.558000 -3.354464 0.00000
0.594000 -3.354464 0.00000
0.630000 -3.354464 0.00000
0.666000 -3.354464 0.00000
0.702000 -3.354464 0.00000
0.738000 -3.354464 0.00000
0.774000 -3.354464 0.00000
0.810000 -3.354464 0.00000
0.846000 -3.354464 0.00000
0.882000 -3.354464 0.00000
0.918000 -3.354464 0.00000
0.954000 -3.354464 0.00000
0.990000 -3.354464 0.00000
1.026000 -3.354464 0.00000
1.062000 -3.354464 0.00000
1.098000 -3.354464 0.00000
1.134000 -3.354464 0.00000
1.170000 -3.354464 0.00000
1.206000 -3.354464 0.00000
1.242000 -3.354464 0.00000
1.278000 -3.354464 0.00000
1.314000 -3.354464 0.00000
1.350000 -3.354464 0.00000
1.386000 -3.354464 0.00000
1.422000 -3.354464 0.00000
1.458000 -3.354464 0.00000
1.494000 -3.354464 0.00000
1.530000 -3.354464 0.00000
1.566000 -3.354464 0.00000
1.602000 -3.354464 0.00000
1.638000 -3.354464 0.00000
1.674000 -3.354464 0.00000
1.710000 -3.354464 0.00000
1.746000 -3.354464 0.00000
1.782000 -3.354464 0.00000
1.818000 -3.354464 0.00000
1.854000 -3.354464 0.00000
1.890000 -3.354464 0.00000
1.926000 -3.354464 0.00000
1.962000 -3.354464 0.00000
1.998000 -3.354464 0.00000
2.034000 -3.354464 0.00000
2.070000 -3.354464 0.00000
2.106000 -3.354464 0.00000
2.142000 -3.354464 0.00000
2.178000 -3.354464 0.00000
2.214000 -3.354464 0.00000
2.250000 -3.354464 0.00000
2.286000 -3.354464 0.00000
2.322000 -3.354464 0.00000
2.358000 -3.354464 0.00000
2.394000 -3.354464 0.00000
2.430000 -3.354464 0.00000
2.466000 -3.354464 0.00000
2.502000 -3.354464 0.00000
2.538000 -3.354464 0.00000
2.574000 -3.354464 0.00000
2.610000 -3.354464 0.00000
2.646000 -3.354464 0.00000
2.682000 -3.354464 0.00000
2.718000 -3.354464 0.00000
2.754000 -3.354464 0.00000
2.790000 -3.354464 0.00000
2.826000 -3.354464 0.00000
2.862000 -3.354464 0.00000
2.898000 -3.354464 0.00000
2.934000 -3.354464 0.00000
2.970000 -3.354464 0.00000
3.006000 -3.354464 0.00000
3.042000 -3.354464 0.00000
3.078000 -3.354464 0.00000
3.114000 -3.354464 0.30103
3.150000 -3.354464 0.00000
3.186000 -3.354464 0.00000
3.222000 -3.354464 0.00000
3.258000 -3.354464 0.00000
3.294000 -3.354464 0.00000
3.330000 -3.354464 0.00000
3.366000 -3.354464 0.00000
3.402000 -3.354464 0.00000
3.438000 -3.354464 0.00000
3.474000 -3.354464 0.00000
3.510000 -3.354464 0.00000
3.546000 -3.354464 0.00000
3.582000 -3.354464 0.00000
3.618000 -3.354464 0.00000
3.654000 -3.354464 0.00000
3.690000 -3.354464 0.00000
3.726000 -3.354464 0.00000
3.762000 -3.354464 0.00000
3.798000 -3.354464 0.00000
3.834000 -3.354464 0.00000
3.870000 -3.354464 0.00000
3.906000 -3.354464 0.00000
3.942000 -3.354464 0.00000
3.978000 -3.354464 0.00000
4.014000 -3.354464 0.00000
4.050000 -3.354464 0.00000
4.086000 -3.354464 0.00000
4.122000 -3.354464 0.00000
4.158000 -3.354464 0.00000
4.194000 -3.354464 0.00000
4.230000 -3.354464 0.00000
4.266000 -3.354464 0.00000
4.302000 -3.354464 0.00000
4.338000 -3.354464 0.00000
4.374000 -3.354464 0.00000
4.410000 -3.354464 0.00000
4.446000 -3.354464 0.00000
4.482000 -3.354464 0.00000
4.518000 -3.354464 0.00000
4.554000 -3.354464 0.00000
4.590000 -3.354464 0.00000
4.626000 -3.354464 0.00000
4.662000 -3.354464 0.00000
4.698000 -3.354464 0.00000
4.734000 -3.354464 0.00000
4.770000 -3.354464 0.00000
4.806000 -3.354464 0.00000
4.842000 -3.354464 0.00000
4.878000 -3.354464 0.00000
4.914000 -3.354464 0.00000
4.950000 -3.354464 0.00000
4.986000 -3.354464 0.00000
5.022000 -3.354464 0.00000
5.058000 -3.354464 0.00000
5.094000 -3.354464 0.00000
5.130000 -3.354464 0.00000
5.166000 -3.354464 0.00000
5.202000 -3.354464 0.00000
5.238000 -3.354464 0.00000
5.274000 -3.354464 0.00000
5.310000 -3.354464 0.00000
5.346000 -3.354464 0.00000
5.382000 -3.354464 0.00000
0.018000 -3.324107 0.00000
0.054000 -3.324107 0.00000
0.090000 -3.324107 0.00000
0.126000 -3.324107 0.00000
0.162000 -3.324107 0.00000
0.198000 -3.324107 0.00000
0.234000 -3.324107 1.76343
0.270000 -3.324107 1.61278
0.306000 -3.324107 0.00000
0.342000 -3.324107 0.00000
0.378000 -3.324107 0.00000
0.414000 -3.324107 0.00000
0.450000 -3.324107 0.00000
0.486000 -3.324107 0.00000
0.522000 -3.324107 0.00000
0.558000 -3.324107 0.00000
0.594000 -3.324107 0.00000
0.630000 -3.324107 0.00000
0.666000 -3.324107 0.00000
0.702000 -3.324107 0.00000
0.738000 -3.324107 0.00000
0.774000 -3.324107 0.00000
0.810000 -3.324107 0.00000
0.846000 -3.324107 0.00000
0.882000 -3.324107 0.00000
0.918000 -3.324107 0.00000
0.954000 -3.324107 0.00000
0.990000 -3.324107 0.00000
1.026000 -3.324107 0.00000
1.062000 -3.324107 0.00000
1.098000 -3.324107 0.00000
1.134000 -3.324107 0.00000
1.170000 -3.324107 0.00000
1.206000 -3.324107 0.00000
1.242000 -3.324107 0.00000
1.278000 -3.324107 0.00000
1.314000 -3.324107 0.00000
1.350000 -3.324107 0.00000
1.386000 -3.324107 0.00000
1.422000 -3.324107 0.00000
1.458000 -3.324107 0.00000
1.494000 -3.324107 0.00000
1.530000 -3.324107 0.00000
1.566000 -3.324107 0.00000
1.602000 -3.324107 0.00000
1.638000 -3.324107 0.00000
1.674000 -3.324107 0.00000
1.710000 -3.324107 0.00000
1.746000 -3.324107 0.00000
1.782000 -3.324107 0.00000
1.818000 -3.324107 0.00000
1.854000 -3.324107 0.00000
1.890000 -3.324107 0.00000
1.926000 -3.324107 0.00000
1.962000 -3.324107 0.00000
1.998000 -3.324107 0.00000
2.034000 -3.324107 0.00000
2.070000 -3.324107 0.00000
2.106000 -3.324107 0.00000
2.142000 -3.324107 0.00000
2.178000 -3.324107 0.00000
2.214000 -3.324107 0.00000
2.250000 -3.324107 0.00000
2.286000 -3.324107 0.00000
2.322000 -3.324107 0.00000
2.358000 -3.324107 0.00000
2.394000 -3.324107 0.00000
2.430000 -3.324107 0.00000
2.466000 -3.324107 0.00000
2.502000 -3.324107 0.00000
2.538000 -3.324107 0.00000
2.574000 -3.324107 0.00000
2.610000 -3.324107 0.00000
2.646000 -3.324107 0.00000
2.682000 -3.324107 0.00000
2.718000 -3.324107 0.00000
2.754000 -3.324107 0.00000
2.790000 -3.324107 0.00000
2.826000 -3.324107 0.00000
2.862000 -3.324107 0.00000
2.898000 -3.324107 0.00000
2.934000 -3.324107 0.00000
2.970000 -3.324107 0.00000
3.006000 -3.324107 0.00000
3.042000 -3.324107 0.00000
3.078000 -3.324107 0.00000
3.114000 -3.324107 0.00000
3.150000 -3.324107 0.30103
3.186000 -3.324107 0.30103
3.222000 -3.324107 0.00000
3.258000 -3.324107 0.00000
3.294000 -3.324107 0.00000
3.330000 -3.324107 0.00000
3.366000 -3.324107 0.00000
3.402000 -3.324107 0.00000
3.438000 -3.324107 0.00000
3.474000 -3.324107 0.00000
3.510000 -3.324107 0.00000
3.546000 -3.324107 0.00000
3.582000 -3.324107 0.00000
3.618000 -3.324107 0.00000
3.654000 -3.324107 0.00000
3.690000 -3.324107 0.00000
3.726000 -3.324107 0.00000
3.762000 -3.324107 0.00000
3.798000 -3.324107 0.00000
3.834000 -3.324107 0.00000
3.870000 -3.324107 0.00000
3.906000 -3.324107 0.00000
3.942000 -3.324107 0.00000
3.978000 -3.324107 0.00000
4.014000 -3.324107 0.00000
4.050000 -3.324107 0.00000
4.086000 -3.324107 0.00000
4.122000 -3.324107 0.00000
4.158000 -3.324107 0.00000
4.194000 -3.324107 0.00000
4.230000 -3.324107 0.00000
4.266000 -3.324107 0.00000
4.302000 -3.324107 0.00000
4.338000 -3.324107 0.00000
4.374000 -3.324107 0.00000
4.410000 -3.324107 0.00000
4.446000 -3.324107 0.00000
4.482000 -3.324107 0.00000
4.518000 -3.324107 0.00000
4.554000 -3.324107 0.00000
4.590000 -3.324107 0.00000
4.626000 -3.324107 0.00000
4.662000 -3.324107 0.00000
4.698000 -3.324107 0.00000
4.734000 -3.324107 0.00000
4.770000 -3.324107 0.00000
4.806000 -3.324107 0.00000
4.842000 -3.324107 0.00000
4.878000 -3.324107 0.00000
4.914000 -3.324107 0.00000
4.950000 -3.324107 0.00000
4.986000 -3.324107 0.00000
5.022000 -3.324107 0.00000
5.058000 -3.324107 0.00000
5.094000 -3.324107 0.00000
5.130000 -3.324107 0.00000
5.166000 -3.324107 0.00000
5.202000 -3.324107 0.00000
5.238000 -3.324107 0.00000
5.274000 -3.324107 0.00000
5.310000 -3.324107 0.00000
5.346000 -3.324107 0.00000
5.382000 -3.324107 0.00000
0.018000 -3.293750 0.00000
0.054000 -3.293750 0.00000
0.090000 -3.293750 0.00000
0.126000 -3.293750 0.00000
0.162000 -3.293750 0.00000
0.198000 -3.293750 0.00000
0.234000 -3.293750 1.97772
0.270000 -3.293750 0.00000
0.306000 -3.293750 0.00000
0.342000 -3.293750 0.00000
0.378000 -3.293750 0.00000
0.414000 -3.293750 0.00000
0.450000 -3.293750 0.00000
0.486000 -3.293750 0.00000
0.522000 -3.293750 0.00000
0.558000 -3.293750 0.00000
0.594000 -3.293750 0.00000
0.630000 -3.293750 0.00000
0.666000 -3.293750 0.00000
0.702000 -3.293750 0.00000
0.738000 -3.293750 0.00000
0.774000 -3.293750 0.00000
0.810000 -3.293750 0.00000
0.846000 -3.293750 0.00000
0.882000 -3.293750 0.00000
0.918000 -3.293750 0.00000
0.954000 -3.293750 0.00000
0.990000 -3.293750 0.00000
1.026000 -3.293750 0.00000
1.062000 -3.293750 0.00000
1.098000 -3.293750 0.00000
1.134000 -3.293750 0.00000
1.170000 -3.293750 0.00000
1.206000 -3.293750 0.00000
1.242000 -3.293750 0.00000
1.278000 -3.293750 0.00000
1.314000 -3.293750 0.00000
1.350000 -3.293750 0.00000
1.386000 -3.293750 0.00000
1.422000 -3.293750 0.00000
1.458000 -3.293750 0.00000
1.494000 -3.293750 0.00000
1.530000 -3.293750 0.00000
1.566000 -3.293750 0.00000
1.602000 -3.293750 0.00000
1.638000 -3.293750 0.00000
1.674000 -3.293750 0.00000
1.710000 -3.293750 0.00000
1.746000 -3.293750 0.00000
1.782000 -3.293750 0.00000
1.818000 -3.293750 0.00000
1.854000 -3.293750 0.00000
1.890000 -3.293750 0.00000
1.926000 -3.293750 0.00000
1.962000 -3.293750 0.00000
1.998000 -3.293750 0.00000
2.034000 -3.293750 0.00000
2.070000 -3.293750 0.00000
2.106000 -3.293750 0.00000
2.142000 -3.293750 0.00000
2.178000 -3.293750 0.00000
2.214000 -3.293750 0.00000
2.250000 -3.293750 0.00000
2.286000 -3.293750 0.00000
2.322000 -3.293750 0.00000
2.358000 -3.293750 0.00000
2.394000 -3.293750 0.00000
2.430000 -3.293750 0.00000
2.466000 -3.293750 0.00000
2.502000 -3.293750 0.00000
2.538000 -3.293750 0.00000
2.574000 -3.293750 0.00000
2.610000 -3.293750 0.00000
2.646000 -3.293750 0.00000
2.682000 -3.293750 0.00000
2.718000 -3.293750 0.00000
2.754000 -3.293750 0.00000
2.790000 -3.293750 0.00000
2.826000 -3.293750 0.00000
2.862000 -3.293750 0.00000
2.898000 -3.293750 0.00000
2.934000 -3.293750 0.00000
2.970000 -3.293750 0.00000
3.006000 -3.293750 0.00000
3.042000 -3.293750 0.00000
3.078000 -3.293750 0.00000
3.114000 -3.293750 0.00000
3.150000 -3.293750 0.00000
3.186000 -3.293750 0.00000
3.222000 -3.293750 0.30103
3.258000 -3.293750 0.00000
3.294000 -3.293750 0.00000
3.330000 -3.293750 0.00000
3.366000 -3.293750 0.00000
3.402000 -3.293750 0.00000
3.438000 -3.293750 0.00000
3.474000 -3.293750 0.00000
3.510000 -3.293750 0.00000
3.546000 -3.293750 0.00000
3.582000 -3.293750 0.00000
3.618000 -3.293750 0.00000
3.654000 -3.293750 0.00000
3.690000 -3.293750 0.00000
3.726000 -3.293750 0.00000
3.762000 -3.293750 0.00000
3.798000 -3.293750 0.00000
3.834000 -3.293750 0.00000
3.870000 -3.293750 0.00000
3.906000 -3.293750 0.00000
3.942000 -3.293750 0.00000
3.978000 -3.293750 0.00000
4.014000 -3.293750 0.00000
4.050000 -3.293750 0.00000
4.086000 -3.293750 0.00000
4.122000 -3.293750 0.00000
4.158000 -3.293750 0.00000
4.194000 -3.293750 0.00000
4.230000 -3.293750 0.00000
4.266000 -3.293750 0.00000
4.302000 -3.293750 0.00000
4.338000 -3.293750 0.00000
4.374000 -3.293750 0.00000
4.410000 -3.293750 0.00000
4.446000 -3.293750 0.00000
4.482000 -3.293750 0.00000
4.518000 -3.293750 0.00000
4.554000 -3.293750 0.00000
4.590000 -3.293750 0.00000
4.626000 -3.293750 0.00000
4.662000 -3.293750 0.00000
4.698000 -3.293750 0.00000
4.734000 -3.293750 0.00000
4.770000 -3.293750 0.00000
4.806000 -3.293750 0.00000
4.842000 -3.293750 0.00000
4.878000 -3.293750 0.00000
4.914000 -3.293750 0.00000
4.950000 -3.293750 0.00000
4.986000 -3.293750 0.00000
5.022000 -3.293750 0.00000
5.058000 -3.293750 0.00000
5.094000 -3.293750 0.00000
5.130000 -3.293750 0.00000
5.166000 -3.293750 0.00000
5.202000 -3.293750 0.00000
5.238000 -3.293750 0.00000
5.274000 -3.293750 0.00000
5.310000 -3.293750 0.00000
5.346000 -3.293750 0.00000
5.382000 -3.293750 0.00000
0.018000 -3.263393 0.00000
0.054000 -3.263393 0.00000
0.090000 -3.263393 0.00000
0.126000 -3.263393 0.00000
0.162000 -3.263393 0.00000
0.198000 -3.263393 0.00000
0.234000 -3.263393 1.86923
0.270000 -3.263393 0.00000
0.306000 -3.263393 0.00000
0.342000 -3.263393 0.00000
0.378000 -3.263393 0.00000
0.414000 -3.263393 0.00000
0.450000 -3.263393 0.00000
0.486000 -3.263393 0.00000
0.522000 -3.263393 0.00000
0.558000 -3.263393 0.00000
0.594000 -3.263393 0.00000
0.630000 -3.263393 0.00000
0.666000 -3.263393 0.00000
0.702000 -3.263393 0.00000
0.738000 -3.263393 0.00000
0.774000 -3.263393 0.00000
0.810000 -3.263393 0.00000
0.846000 -3.263393 0.00000
0.882000 -3.263393 0.00000
0.918000 -3.263393 0.00000
0.954000 -3.263393 0.00000
0.990000 -3.263393 0.00000
1.026000 -3.263393 0.00000
1.062000 -3.263393 0.00000
1.098000 -3.263393 0.00000
1.134000 -3.263393 0.00000
1.170000 -3.263393 0.00000
1.206000 -3.263393 0.00000
1.242000 -3.263393 0.00000
1.278000 -3.263393 0.00000
1.314000 -3.263393 0.00000
1.350000 -3.263393 0.00000
1.386000 -3.263393 0.00000
1.422000 -3.263393 0.00000
1.458000 -3.263393 0.00000
1.494000 -3.263393 0.00000
1.530000 -3.263393 0.00000
1.566000 -3.263393 0.00000
1.602000 -3.263393 0.00000
1.638000 -3.263393 0.00000
1.674000 -3.263393 0.00000
1.710000 -3.263393 0.00000
1.746000 -3.263393 0.00000
1.782000 -3.263393 0.00000
1.818000 -3.263393 0.00000
1.854000 -3.263393 0.00000
1.890000 -3.263393 0.00000
1.926000 -3.263393 0.00000
1.962000 -3.263393 0.00000
1.998000 -3.263393 0.00000
2.034000 -3.263393 0.00000
2.070000 -3.263393 0.00000
2.106000 -3.263393 0.00000
2.142000 -3.263393 0.00000
2.178000 -3.263393 0.00000
2.214000 -3.263393 0.00000
2.250000 -3.263393 0.00000
2.286000 -3.263393 0.00000
2.322000 -3.263393 0.00000
2.358000 -3.263393 0.00000
2.394000 -3.263393 0.00000
2.430000 -3.263393 0.00000
2.466000 -3.263393 0.00000
2.502000 -3.263393 0.00000
2.538000 -3.263393 0.00000
2.574000 -3.263393 0.00000
2.610000 -3.263393 0.00000
2.646000 -3.263393 0.00000
2.682000 -3.263393 0.00000
2.718000 -3.263393 0.00000
2.754000 -3.263393 0.00000
2.790000 -3.263393 0.00000
2.826000 -3.263393 0.00000
2.862000 -3.263393 0.00000
2.898000 -3.263393 0.00000
2.934000 -3.263393 0.00000
2.970000 -3.263393 0.00000
3.006000 -3.263393 0.00000
3.042000 -3.263393 0.00000
3.078000 -3.263393 0.00000
3.114000 -3.263393 0.00000
3.150000 -3.263393 0.00000
3.186000 -3.263393 0.00000
3.222000 -3.263393 0.00000
3.258000 -3.263393 0.00000
3.294000 -3.263393 0.00000
3.330000 -3.263393 0.00000
3.366000 -3.263393 0.00000
3.402000 -3.263393 0.00000
3.438000 -3.263393 0.00000
3.474000 -3.263393 0.00000
3.510000 -3.263393 0.00000
3.546000 -3.263393 0.00000
3.582000 -3.263393 0.00000
3.618000 -3.263393 0.00000
3.654000 -3.263393 0.00000
3.690000 -3.263393 0.00000
3.726000 -3.263393 0.00000
3.762000 -3.263393 0.00000
3.798000 -3.263393 0.00000
3.834000 -3.263393 0.00000
3.870000 -3.263393 0.00000
3.906000 -3.263393 0.00000
3.942000 -3.263393 0.00000
3.978000 -3.263393 0.00000
4.014000 -3.263393 0.00000
4.050000 -3.263393 0.00000
4.086000 -3.263393 0.00000
4.122000 -3.263393 0.00000
4.158000 -3.263393 0.00000
4.194000 -3.263393 0.00000
4.230000 -3.263393 0.00000
4.266000 -3.263393 0.00000
4.302000 -3.263393 0.00000
4.338000 -3.263393 0.00000
4.374000 -3.263393 0.00000
4.410000 -3.263393 0.00000
4.446000 -3.263393 0.00000
4.482000 -3.263393 0.00000
4.518000 -3.263393 0.00000
4.554000 -3.263393 0.00000
4.590000 -3.263393 0.00000
4.626000 -3.263393 0.00000
4.662000 -3.263393 0.00000
4.698000 -3.263393 0.00000
4.734000 -3.263393 0.00000
4.770000 -3.263393 0.00000
4.806000 -3.263393 0.00000
4.842000 -3.263393 0.00000
4.878000 -3.263393 0.00000
4.914000 -3.263393 0.00000
4.950000 -3.263393 0.00000
4.986000 -3.263393 0.00000
5.022000 -3.263393 0.00000
5.058000 -3.263393 0.00000
5.094000 -3.263393 0.00000
5.130000 -3.263393 0.00000
5.166000 -3.263393 0.00000
5.202000 -3.263393 0.00000
5.238000 -3.263393 0.00000
5.274000 -3.263393 0.00000
5.310000 -3.263393 0.00000
5.346000 -3.263393 0.00000
5.382000 -3.263393 0.00000
0.018000 -3.233036 0.00000
0.054000 -3.233036 0.00000
0.090000 -3.233036 0.00000
0.126000 -3.233036 0.00000
0.162000 -3.233036 0.77815
0.198000 -3.233036 1.54407
0.234000 -3.233036 1.11394
0.270000 -3.233036 0.00000
0.306000 -3.233036 0.00000
0.342000 -3.233036 0.00000
0.378000 -3.233036 0.00000
0.414000 -3.233036 0.00000
0.450000 -3.233036 0.00000
0.486000 -3.233036 0.00000
0.522000 -3.233036 0.00000
0.558000 -3.233036 0.00000
0.594000 -3.233036 0.00000
0.630000 -3.233036 0.00000
0.666000 -3.233036 0.00000
0.702000 -3.233036 0.00000
0.738000 -3.233036 0.00000
0.774000 -3.233036 0.00000
0.810000 -3.233036 0.00000
0.846000 -3.233036 0.00000
0.882000 -3.233036 0.00000
0.918000 -3.233036 0.00000
0.954000 -3.233036 0.00000
0.990000 -3.233036 0.00000
1.026000 -3.233036 0.00000
1.062000 -3.233036 0.00000
1.098000 -3.233036 0.00000
1.134000 -3.233036 0.00000
1.170000 -3.233036 0.00000
1.206000 -3.233036 0.00000
1.242000 -3.233036 0.00000
1.278000 -3.233036 0.00000
1.314000 -3.233036 0.00000
1.350000 -3.233036 0.00000
1.386000 -3.233036 0.00000
1.422000 -3.233036 0.00000
1.458000 -3.233036 0.00000
1.494000 -3.233036 0.00000
1.530000 -3.233036 0.00000
1.566000 -3.233036 0.00000
1.602000 -3.233036 0.00000
1.638000 -3.233036 0.00000
1.674000 -3.233036 0.00000
1.710000 -3.233036 0.00000
1.746000 -3.233036 0.00000
1.782000 -3.233036 0.00000
1.818000 -3.233036 0.00000
1.854000 -3.233036 0.00000
1.890000 -3.233036 0.00000
1.926000 -3.233036 0.00000
1.962000 -3.233036 0.00000
1.998000 -3.233036 0.00000
2.034000 -3.233036 0.00000
2.070000 -3.233036 0.00000
2.106000 -3.233036 0.00000
2.142000 -3.233036 0.00000
2.178000 -3.233036 0.00000
2.214000 -3.233036 0.00000
2.250000 -3.233036 0.00000
2.286000 -3.233036 0.00000
2.322000 -3.233036 0.00000
2.358000 -3.233036 0.00000
2.394000 -3.233036 0.00000
2.430000 -3.233036 0.00000
2.466000 -3.233036 0.00000
2.502000 -3.233036 0.00000
2.538000 -3.233036 0.00000
2.574000 -3.233036 0.00000
2.610000 -3.233036 0.00000
2.646000 -3.233036 0.00000
2.682000 -3.233036 0.00000
2.718000 -3.233036 0.00000
2.754000 -3.233036 0.00000
2.790000 -3.233036 0.00000
2.826000 -3.233036 0.00000
2.862000 -3.233036 0.00000
2.898000 -3.233036 0.00000
2.934000 -3.233036 0.00000
2.970000 -3.233036 0.00000
3.006000 -3.233036 0.00000
3.042000 -3.233036 0.00000
3.078000 -3.233036 0.00000
3.114000 -3.233036 0.00000
3.150000 -3.233036 0.00000
3.186000 -3.233036 0.00000
3.222000 -3.233036 0.00000
3.258000 -3.233036 0.00000
3.294000 -3.233036 0.00000
3.330000 -3.233036 0.00000
3.366000 -3.233036 0.00000
3.402000 -3.233036 0.00000
3.438000 -3.233036 0.00000
3.474000 -3.233036 0.00000
3.510000 -3.233036 0.00000
3.546000 -3.233036 0.00000
3.582000 -3.233036 0.00000
3.618000 -3.233036 0.00000
3.654000 -3.233036 0.00000
3.690000 -3.233036 0.00000
3.726000 -3.233036 0.00000
3.762000 -3.233036 0.00000
3.798000 -3.233036 0.00000
3.834000 -3.233036 0.00000
3.870000 -3.233036 0.00000
3.906000 -3.233036 0.00000
3.942000 -3.233036 0.00000
3.978000 -3.233036 0.00000
4.014000 -3.233036 0.00000
4.050000 -3.233036 0.00000
4.086000 -3.233036 0.00000
4.122000 -3.233036 0.00000
4.158000 -3.233036 0.00000
4.194000 -3.233036 0.00000
4.230000 -3.233036 0.00000
4.266000 -3.233036 0.00000
4.302000 -3.233036 0.00000
4.338000 -3.233036 0.00000
4.374000 -3.233036 0.00000
4.410000 -3.233036 0.00000
4.446000 -3.233036 0.00000
4.482000 -3.233036 0.00000
4.518000 -3.233036 0.00000
4.554000 -3.233036 0.00000
4.590000 -3.233036 0.00000
4.626000 -3.233036 0.00000
4.662000 -3.233036 0.00000
4.698000 -3.233036 0.00000
4.734000 -3.233036 0.00000
4.770000 -3.233036 0.00000
4.806000 -3.233036 0.00000
4.842000 -3.233036 0.00000
4.878000 -3.233036 0.00000
4.914000 -3.233036 0.00000
4.950000 -3.233036 0.00000
4.986000 -3.233036 0.00000
5.022000 -3.233036 0.00000
5.058000 -3.233036 0.00000
5.094000 -3.233036 0.00000
5.130000 -3.233036 0.00000
5.166000 -3.233036 0.00000
5.202000 -3.233036 0.00000
5.238000 -3.233036 0.00000
5.274000 -3.233036 0.00000
5.310000 -3.233036 0.00000
5.346000 -3.233036 0.00000
5.382000 -3.233036 0.00000
0.018000 -3.202679 0.00000
0.054000 -3.202679 0.00000
0.090000 -3.202679 0.90309
0.126000 -3.202679 0.00000
0.162000 -3.202679 1.11394
0.198000 -3.202679 1.39794
0.234000 -3.202679 0.00000
0.270000 -3.202679 0.00000
0.306000 -3.202679 0.00000
0.342000 -3.202679 0.00000
0.378000 -3.202679 0.00000
0.414000 -3.202679 0.00000
0.450000 -3.202679 0.00000
0.486000 -3.202679 0.00000
0.522000 -3.202679 0.00000
0.558000 -3.202679 0.00000
0.594000 -3.202679 0.00000
0.630000 -3.202679 0.00000
0.666000 -3.202679 0.00000
0.702000 -3.202679 0.00000
0.738000 -3.202679 0.00000
0.774000 -3.202679 0.00000
0.810000 -3.202679 0.00000
0.846000 -3.202679 0.00000
0.882000 -3.202679 0.00000
0.918000 -3.202679 0.00000
0.954000 -3.202679 0.00000
0.990000 -3.202679 0.00000
1.026000 -3.202679 0.00000
1.062000 -3.202679 0.00000
1.098000 -3.202679 0.00000
1.134000 -3.202679 0.00000
1.170000 -3.202679 0.00000
1.206000 -3.202679 0.00000
1.242000 -3.202679 0.00000
1.278000 -3.202679 0.00000
1.314000 -3.202679 0.00000
1.350000 -3.202679 0.00000
1.386000 -3.202679 0.00000
1.422000 -3.202679 0.00000
1.458000 -3.202679 0.00000
1.494000 -3.202679 0.00000
1.530000 -3.202679 0.00000
1.566000 -3.202679 0.00000
1.602000 -3.202679 0.00000
1.638000 -3.202679 0.00000
1.674000 -3.202679 0.00000
1.710000 -3.202679 0.00000
1.746000 -3.202679 0.00000
1.782000 -3.202679 0.00000
1.818000 -3.202679 0.00000
1.854000 -3.202679 0.00000
1.890000 -3.202679 0.00000
1.926000 -3.202679 0.00000
1.962000 -3.202679 0.00000
1.998000 -3.202679 0.00000
2.034000 -3.202679 0.00000
2.070000 -3.202679 0.00000
2.106000 -3.202679 0.00000
2.142000 -3.202679 0.00000
2.178000 -3.202679 0.00000
2.214000 -3.202679 0.00000
2.250000 -3.202679 0.00000
2.286000 -3.202679 0.00000
2.322000 -3.202679 0.00000
2.358000 -3.202679 0.00000
2.394000 -3.202679 0.00000
2.430000 -3.202679 0.00000
2.466000 -3.202679 0.00000
2.502000 -3.202679 0.00000
2.538000 -3.202679 0.00000
2.574000 -3.202679 0.00000
2.610000 -3.202679 0.00000
2.646000 -3.202679 0.00000
2.682000 -3.202679 0.00000
2.718000 -3.202679 0.00000
2.754000 -3.202679 0.00000
2.790000 -3.202679 0.00000
2.826000 -3.202679 0.00000
2.862000 -3.202679 0.00000
2.898000 -3.202679 0.00000
2.934000 -3.202679 0.00000
2.970000 -3.202679 0.00000
3.006000 -3.202679 0.00000
3.042000 -3.202679 0.00000
3.078000 -3.202679 0.00000
3.114000 -3.202679 0.00000
3.150000 -3.202679 0.00000
3.186000 -3.202679 0.00000
3.222000 -3.202679 0.00000
3.258000 -3.202679 0.00000
3.294000 -3.202679 0.00000
3.330000 -3.202679 0.00000
3.366000 -3.202679 0.00000
3.402000 -3.202679 0.00000
3.438000 -3.202679 0.00000
3.474000 -3.202679 0.00000
3.510000 -3.202679 0.00000
3.546000 -3.202679 0.00000
3.582000 -3.202679 0.00000
3.618000 -3.202679 0.00000
3.654000 -3.202679 0.00000
3.690000 -3.202679 0.00000
3.726000 -3.202679 0.00000
3.762000 -3.202679 0.00000
3.798000 -3.202679 0.00000
3.834000 -3.202679 0.00000
3.870000 -3.202679 0.00000
3.906000 -3.202679 0.00000
3.942000 -3.202679 0.00000
3.978000 -3.202679 0.00000
4.014000 -3.202679 0.00000
4.050000 -3.202679 0.00000
4.086000 -3.202679 0.00000
4.122000 -3.202679 0.00000
4.158000 -3.202679 0.00000
4.194000 -3.202679 0.00000
4.230000 -3.202679 0.00000
4.266000 -3.202679 0.00000
4.302000 -3.202679 0.00000
4.338000 -3.202679 0.00000
4.374000 -3.202679 0.00000
4.410000 -3.202679 0.00000
4.446000 -3.202679 0.00000
4.482000 -3.202679 0.00000
4.518000 -3.202679 0.00000
4.554000 -3.202679 0.00000
4.590000 -3.202679 0.00000
4.626000 -3.202679 0.00000
4.662000 -3.202679 0.00000
4.698000 -3.202679 0.00000
4.734000 -3.202679 0.00000
4.770000 -3.202679 0.00000
4.806000 -3.202679 0.00000
4.842000 -3.202679 0.00000
4.878000 -3.202679 0.00000
4.914000 -3.202679 0.00000
4.950000 -3.202679 0.00000
4.986000 -3.202679 0.00000
5.022000 -3.202679 0.00000
5.058000 -3.202679 0.00000
5.094000 -3.202679 0.00000
5.130000 -3.202679 0.00000
5.166000 -3.202679 0.00000
5.202000 -3.202679 0.00000
5.238000 -3.202679 0.00000
5.274000 -3.202679 0.00000
5.310000 -3.202679 0.00000
5.346000 -3.202679 0.00000
5.382000 -3.202679 0.00000
0.018000 -3.172321 0.00000
0.054000 -3.172321 0.00000
0.090000 -3.172321 0.47712
0.126000 -3.172321 0.00000
0.162000 -3.172321 0.69897
0.198000 -3.172321 0.47712
0.234000 -3.172321 0.00000
0.270000 -3.172321 0.00000
0.306000 -3.172321 0.00000
0.342000 -3.172321 0.00000
0.378000 -3.172321 0.00000
0.414000 -3.172321 0.00000
0.450000 -3.172321 0.00000
0.486000 -3.172321 0.00000
0.522000 -3.172321 0.00000
0.558000 -3.172321 0.00000
0.594000 -3.172321 0.00000
0.630000 -3.172321 0.00000
0.666000 -3.172321 0.00000
0.702000 -3.172321 0.00000
0.738000 -3.172321 0.00000
0.774000 -3.172321 0.00000
0.810000 -3.172321 0.00000
0.846000 -3.172321 0.00000
0.882000 -3.172321 0.00000
0.918000 -3.172321 0.00000
0.954000 -3.172321 0.00000
0.990000 -3.172321 0.00000
1.026000 -3.172321 0.00000
1.062000 -3.172321 0.00000
1.098000 -3.172321 0.00000
1.134000 -3.172321 0.00000
1.170000 -3.172321 0.00000
1.206000 -3.172321 0.00000
1.242000 -3.172321 0.00000
1.278000 -3.172321 0.00000
1.314000 -3.172321 0.00000
1.350000 -3.172321 0.00000
1.386000 -3.172321 0.00000
1.422000 -3.172321 0.00000
1.458000 -3.172321 0.00000
1.494000 -3.172321 0.00000
1.530000 -3.172321 0.00000
1.566000 -3.172321 0.00000
1.602000 -3.172321 0.00000
1.638000 -3.172321 0.00000
1.674000 -3.172321 0.00000
1.710000 -3.172321 0.00000
1.746000 -3.172321 0.00000
1.782000 -3.172321 0.00000
1.818000 -3.172321 0.00000
1.854000 -3.172321 0.00000
1.890000 -3.172321 0.00000
1.926000 -3.172321 0.00000
1.962000 -3.172321 0.00000
1.998000 -3.172321 0.00000
2.034000 -3.172321 0.00000
2.070000 -3.172321 0.00000
2.106000 -3.172321 0.00000
2.142000 -3.172321 0.00000
2.178000 -3.172321 0.00000
2.214000 -3.172321 0.00000
2.250000 -3.172321 0.00000
2.286000 -3.172321 0.00000
2.322000 -3.172321 0.00000
2.358000 -3.172321 0.00000
2.394000 -3.172321 0.00000
2.430000 -3.172321 0.00000
2.466000 -3.172321 0.00000
2.502000 -3.172321 0.00000
2.538000 -3.172321 0.00000
2.574000 -3.172321 0.00000
2.610000 -3.172321 0.00000
2.646000 -3.172321 0.00000
2.682000 -3.172321 0.00000
2.718000 -3.172321 0.00000
2.754000 -3.172321 0.00000
2.790000 -3.172321 0.00000
2.826000 -3.172321 0.00000
2.862000 -3.172321 0.00000
2.898000 -3.172321 0.00000
2.934000 -3.172321 0.00000
2.970000 -3.172321 0.00000
3.006000 -3.172321 0.00000
3.042000 -3.172321 0.00000
3.078000 -3.172321 0.00000
3.114000 -3.172321 0.00000
3.150000 -3.172321 0.00000
3.186000 -3.172321 0.00000
3.222000 -3.172321 0.00000
3.258000 -3.172321 0.00000
3.294000 -3.172321 0.00000
3.330000 -3.172321 0.00000
3.366000 -3.172321 0.00000
3.402000 -3.172321 0.00000
3.438000 -3.172321 0.00000
3.474000 -3.172321 0.00000
3.510000 -3.172321 0.00000
3.546000 -3.172321 0.00000
3.582000 -3.172321 0.00000
3.618000 -3.172321 0.00000
3.654000 -3.172321 0.00000
3.690000 -3.172321 0.00000
3.726000 -3.172321 0.00000
3.762000 -3.172321 0.00000
3.798000 -3.172321 0.00000
3.834000 -3.172321 0.00000
3.870000 -3.172321 0.00000
3.906000 -3.172321 0.00000
3.942000 -3.172321 0.00000
3.978000 -3.172321 0.00000
4.014000 -3.172321 0.00000
4.050000 -3.172321 0.00000
4.086000 -3.172321 0.00000
4.122000 -3.172321 0.00000
4.158000 -3.172321 0.00000
4.194000 -3.172321 0.00000
4.230000 -3.172321 0.00000
4.266000 -3.172321 0.00000
4.302000 -3.172321 0.00000
4.338000 -3.172321 0.00000
4.374000 -3.172321 0.00000
4.410000 -3.172321 0.00000
4.446000 -3.172321 0.00000
4.482000 -3.172321 0.00000
4.518000 -3.172321 0.00000
4.554000 -3.172321 0.00000
4.590000 -3.172321 0.00000
4.626000 -3.172321 0.00000
4.662000 -3.172321 0.00000
4.698000 -3.172321 0.00000
4.734000 -3.172321 0.00000
4.770000 -3.172321 0.00000
4.806000 -3.172321 0.00000
4.842000 -3.172321 0.00000
4.878000 -3.172321 0.00000
4.914000 -3.172321 0.00000
4.950000 -3.172321 0.00000
4.986000 -3.172321 0.00000
5.022000 -3.172321 0.00000
5.058000 -3.172321 0.00000
5.094000 -3.172321 0.00000
5.130000 -3.172321 0.00000
5.166000 -3.172321 0.00000
5.202000 -3.172321 0.00000
5.238000 -3.172321 0.00000
5.274000 -3.172321 0.00000
5.310000 -3.172321 0.00000
5.346000 -3.172321 0.00000
5.382000 -3.172321 0.00000
0.018000 -3.141964 0.00000
0.054000 -3.141964 0.00000
0.090000 -3.141964 0.00000
0.126000 -3.141964 0.00000
0.162000 -3.141964 0.90309
0.198000 -3.141964 0.00000
0.234000 -3.141964 0.00000
0.270000 -3.141964 0.00000
0.306000 -3.141964 0.00000
0.342000 -3.141964 0.00000
0.378000 -3.141964 0.00000
0.414000 -3.141964 0.00000
0.450000 -3.141964 0.00000
0.486000 -3.141964 0.60206
0.522000 -3.141964 0.95424
0.558000 -3.141964 0.60206
0.594000 -3.141964 0.00000
0.630000 -3.141964 0.00000
0.666000 -3.141964 0.00000
0.702000 -3.141964 0.00000
0.738000 -3.141964 0.00000
0.774000 -3.141964 0.00000
0.810000 -3.141964 0.00000
0.846000 -3.141964 0.00000
0.882000 -3.141964 0.00000
0.918000 -3.141964 0.00000
0.954000 -3.141964 0.00000
0.990000 -3.141964 0.00000
1.026000 -3.141964 0.00000
1.062000 -3.141964 0.00000
1.098000 -3.141964 0.00000
1.134000 -3.141964 0.00000
1.170000 -3.141964 0.00000
1.206000 -3.141964 0.00000
1.242000 -3.141964 0.00000
1.278000 -3.141964 0.00000
1.314000 -3.141964 0.00000
1.350000 -3.141964 0.00000
1.386000 -3.141964 0.00000
1.422000 -3.141964 0.00000
1.458000 -3.141964 0.00000
1.494000 -3.141964 0.00000
1.530000 -3.141964 0.00000
1.566000 -3.141964 0.00000
1.602000 -3.141964 0.00000
1.638000 -3.141964 0.00000
1.674000 -3.141964 0.00000
1.710000 -3.141964 0.00000
1.746000 -3.141964 0.00000
1.782000 -3.141964 0.00000
1.818000 -3.141964 0.00000
1.854000 -3.141964 0.00000
1.890000 -3.141964 0.00000
1.926000 -3.141964 0.00000
1.962000 -3.141964 0.00000
1.998000 -3.141964 0.00000
2.034000 -3.141964 0.00000
2.070000 -3.141964 0.00000
2.106000 -3.141964 0.00000
2.142000 -3.141964 0.00000
2.178000 -3.141964 0.00000
2.214000 -3.141964 0.00000
2.250000 -3.141964 0.00000
2.286000 -3.141964 0.00000
2.322000 -3.141964 0.00000
2.358000 -3.141964 0.00000
2.394000 -3.141964 0.00000
2.430000 -3.141964 0.00000
2.466000 -3.141964 0.00000
2.502000 -3.141964 0.00000
2.538000 -3.141964 0.00000
2.574000 -3.141964 0.00000
2.610000 -3.141964 0.00000
2.646000 -3.141964 0.00000
2.682000 -3.141964 0.00000
2.718000 -3.141964 0.00000
2.754000 -3.141964 0.00000
2.790000 -3.141964 0.00000
2.826000 -3.141964 0.00000
2.862000 -3.141964 0.00000
2.898000 -3.141964 0.00000
2.934000 -3.141964 0.00000
2.970000 -3.141964 0.00000
3.006000 -3.141964 0.00000
3.042000 -3.141964 0.00000
3.078000 -3.141964 0.00000
3.114000 -3.141964 0.00000
3.150000 -3.141964 0.00000
3.186000 -3.141964 0.00000
3.222000 -3.141964 0.00000
3.258000 -3.141964 0.00000
3.294000 -3.141964 0.00000
3.330000 -3.141964 0.00000
3.366000 -3.141964 0.00000
3.402000 -3.141964 0.00000
3.438000 -3.141964 0.00000
3.474000 -3.141964 0.00000
3.510000 -3.141964 0.00000
3.546000 -3.141964 0.00000
3.582000 -3.141964 0.00000
3.618000 -3.141964 0.00000
3.654000 -3.141964 0.00000
3.690000 -3.141964 0.00000
3.726000 -3.141964 0.00000
3.762000 -3.141964 0.00000
3.798000 -3.141964 0.00000
3.834000 -3.141964 0.00000
3.870000 -3.141964 0.00000
3.906000 -3.141964 0.00000
3.942000 -3.141964 0.00000
3.978000 -3.141964 0.00000
4.014000 -3.141964 0.00000
4.050000 -3.141964 0.00000
4.086000 -3.141964 0.00000
4.122000 -3.141964 0.00000
4.158000 -3.141964 0.00000
4.194000 -3.141964 0.00000
4.230000 -3.141964 0.00000
4.266000 -3.141964 0.00000
4.302000 -3.141964 0.00000
4.338000 -3.141964 0.00000
4.374000 -3.141964 0.00000
4.410000 -3.141964 0.00000
4.446000 -3.141964 0.00000
4.482000 -3.141964 0.00000
4.518000 -3.141964 0.00000
4.554000 -3.141964 0.00000
4.590000 -3.141964 0.00000
4.626000 -3.141964 0.00000
4.662000 -3.141964 0.00000
4.698000 -3.141964 0.00000
4.734000 -3.141964 0.00000
4.770000 -3.141964 0.00000
4.806000 -3.141964 0.00000
4.842000 -3.141964 0.00000
4.878000 -3.141964 0.00000
4.914000 -3.141964 0.00000
4.950000 -3.141964 0.00000
4.986000 -3.141964 0.00000
5.022000 -3.141964 0.00000
5.058000 -3.141964 0.00000
5.094000 -3.141964 0.00000
5.130000 -3.141964 0.00000
5.166000 -3.141964 0.00000
5.202000 -3.141964 0.00000
5.238000 -3.141964 0.00000
5.274000 -3.141964 0.00000
5.310000 -3.141964 0.00000
5.346000 -3.141964 0.00000
5.382000 -3.141964 0.00000
0.018000 -3.111607 0.00000
0.054000 -3.111607 0.00000
0.090000 -3.111607 0.00000
0.126000 -3.111607 0.00000
0.162000 -3.111607 0.47712
0.198000 -3.111607 0.00000
0.234000 -3.111607 0.00000
0.270000 -3.111607 0.00000
0.306000 -3.111607 0.00000
0.342000 -3.111607 0.00000
0.378000 -3.111607 0.00000
0.414000 -3.111607 0.00000
0.450000 -3.111607 0.00000
0.486000 -3.111607 0.77815
0.522000 -3.111607 1.25527
0.558000 -3.111607 1.11394
0.594000 -3.111607 0.00000
0.630000 -3.111607 0.00000
0.666000 -3.111607 0.00000
0.702000 -3.111607 0.00000
0.738000 -3.111607 0.00000
0.774000 -3.111607 0.00000
0.810000 -3.111607 0.00000
0.846000 -3.111607 0.00000
0.882000 -3.111607 0.00000
0.918000 -3.111607 0.00000
0.954000 -3.111607 0.00000
0.990000 -3.111607 0.00000
1.026000 -3.111607 0.00000
1.062000 -3.111607 0.00000
1.098000 -3.111607 0.00000
1.134000 -3.111607 0.00000
1.170000 -3.111607 0.00000
1.206000 -3.111607 0.00000
1.242000 -3.111607 0.00000
1.278000 -3.111607 0.00000
1.314000 -3.111607 0.00000
1.350000 -3.111607 0.00000
1.386000 -3.111607 0.00000
1.422000 -3.111607 0.00000
1.458000 -3.111607 0.00000
1.494000 -3.111607 0.00000
1.530000 -3.111607 0.00000
1.566000 -3.111607 0.00000
1.602000 -3.111607 0.00000
1.638000 -3.111607 0.00000
1.674000 -3.111607 0.00000
1.710000 -3.111607 0.00000
1.746000 -3.111607 0.00000
1.782000 -3.111607 0.00000
1.818000 -3.111607 0.00000
1.854000 -3.111607 0.00000
1.890000 -3.111607 0.00000
1.926000 -3.111607 0.00000
1.962000 -3.111607 0.00000
1.998000 -3.111607 0.00000
2.034000 -3.111607 0.00000
2.070000 -3.111607 0.00000
2.106000 -3.111607 0.00000
2.142000 -3.111607 0.00000
2.178000 -3.111607 0.00000
2.214000 -3.111607 0.00000
2.250000 -3.111607 0.00000
2.286000 -3.111607 0.00000
2.322000 -3.111607 0.00000
2.358000 -3.111607 0.00000
2.394000 -3.111607 0.00000
2.430000 -3.111607 0.00000
2.466000 -3.111607 0.00000
2.502000 -3.111607 0.00000
2.538000 -3.111607 0.00000
2.574000 -3.111607 0.00000
2.610000 -3.111607 0.00000
2.646000 -3.111607 0.00000
2.682000 -3.111607 0.00000
2.718000 -3.111607 0.00000
2.754000 -3.111607 0.00000
2.790000 -3.111607 0.00000
2.826000 -3.111607 0.00000
2.862000 -3.111607 0.00000
2.898000 -3.111607 0.00000
2.934000 -3.111607 0.00000
2.970000 -3.111607 0.00000
3.006000 -3.111607 0.00000
3.042000 -3.111607 0.00000
3.078000 -3.111607 0.00000
3.114000 -3.111607 0.00000
3.150000 -3.111607 0.00000
3.186000 -3.111607 0.00000
3.222000 -3.111607 0.00000
3.258000 -3.111607 0.00000
3.294000 -3.111607 0.00000
3.330000 -3.111607 0.00000
3.366000 -3.111607 0.00000
3.402000 -3.111607 0.00000
3.438000 -3.111607 0.00000
3.474000 -3.111607 0.00000
3.510000 -3.111607 0.00000
3.546000 -3.111607 0.00000
3.582000 -3.111607 0.00000
3.618000 -3.111607 0.00000
3.654000 -3.111607 0.00000
3.690000 -3.111607 0.00000
3.726000 -3.111607 0.00000
3.762000 -3.111607 0.00000
3.798000 -3.111607 0.00000
3.834000 -3.111607 0.00000
3.870000 -3.111607 0.00000
3.906000 -3.111607 0.00000
3.942000 -3.111607 0.00000
3.978000 -3.111607 0.00000
4.014000 -3.111607 0.00000
4.050000 -3.111607 0.00000
4.086000 -3.111607 0.00000
4.122000 -3.111607 0.00000
4.158000 -3.111607 0.00000
4.194000 -3.111607 0.00000
4.230000 -3.111607 0.00000
4.266000 -3.111607 0.00000
4.302000 -3.111607 0.00000
4.338000 -3.111607 0.00000
4.374000 -3.111607 0.00000
4.410000 -3.111607 0.00000
4.446000 -3.111607 0.00000
4.482000 -3.111607 0.00000
4.518000 -3.111607 0.00000
4.554000 -3.111607 0.00000
4.590000 -3.111607 0.00000
4.626000 -3.111607 0.00000
4.662000 -3.111607 0.00000
4.698000 -3.111607 0.00000
4.734000 -3.111607 0.00000
4.770000 -3.111607 0.00000
4.806000 -3.111607 0.00000
4.842000 -3.111607 0.00000
4.878000 -3.111607 0.00000
4.914000 -3.111607 0.00000
4.950000 -3.111607 0.00000
4.986000 -3.111607 0.00000
5.022000 -3.111607 0.00000
5.058000 -3.111607 0.00000
5.094000 -3.111607 0.00000
5.130000 -3.111607 0.00000
5.166000 -3.111607 0.00000
5.202000 -3.111607 0.00000
5.238000 -3.111607 0.00000
5.274000 -3.111607 0.00000
5.310000 -3.111607 0.00000
5.346000 -3.111607 0.00000
5.382000 -3.111607 0.00000
0.018000 -3.081250 0.00000
0.054000 -3.081250 0.00000
0.090000 -3.081250 0.00000
0.126000 -3.081250 0.00000
0.162000 -3.081250 0.00000
0.198000 -3.081250 0.00000
0.234000 -3.081250 0.00000
0.270000 -3.081250 0.00000
0.306000 -3.081250 0.00000
0.342000 -3.081250 0.00000
0.378000 -3.081250 0.00000
0.414000 -3.081250 0.00000
0.450000 -3.081250 0.60206
0.486000 -3.081250 0.90309
0.522000 -3.081250 1.04139
0.558000 -3.081250 1.14613
0.594000 -3.081250 0.90309
0.630000 -3.081250 0.00000
0.666000 -3.081250 0.00000
0.702000 -3.081250 0.00000
0.738000 -3.081250 0.00000
0.774000 -3.081250 0.00000
0.810000 -3.081250 0.00000
0.846000 -3.081250 0.00000
0.882000 -3.081250 0.00000
0.918000 -3.081250 0.00000
0.954000 -3.081250 0.00000
0.990000 -3.081250 0.00000
1.026000 -3.081250 0.00000
1.062000 -3.081250 0.00000
1.098000 -3.081250 0.00000
1.134000 -3.081250 0.00000
1.170000 -3.081250 0.00000
1.206000 -3.081250 0.00000
1.242000 -3.081250 0.00000
1.278000 -3.081250 0.00000
1.314000 -3.081250 0.00000
1.350000 -3.081250 0.00000
1.386000 -3.081250 0.00000
1.422000 -3.081250 0.00000
1.458000 -3.081250 0.00000
1.494000 -3.081250 0.00000
1.530000 -3.081250 0.00000
1.566000 -3.081250 0.00000
1.602000 -3.081250 0.00000
1.638000 -3.081250 0.00000
1.674000 -3.081250 0.00000
1.710000 -3.081250 0.00000
1.746000 -3.081250 0.00000
1.782000 -3.081250 0.00000
1.818000 -3.081250 0.00000
1.854000 -3.081250 0.00000
1.890000 -3.081250 0.00000
1.926000 -3.081250 0.00000
1.962000 -3.081250 0.00000
1.998000 -3.081250 0.00000
2.034000 -3.081250 0.00000
2.070000 -3.081250 0.00000
2.106000 -3.081250 0.00000
2.142000 -3.081250 0.00000
2.178000 -3.081250 0.00000
2.214000 -3.081250 0.00000
2.250000 -3.081250 0.00000
2.286000 -3.081250 0.00000
2.322000 -3.081250 0.00000
2.358000 -3.081250 0.00000
2.394000 -3.081250 0.00000
2.430000 -3.081250 0.00000
2.466000 -3.081250 0.00000
2.502000 -3.081250 0.00000
2.538000 -3.081250 0.00000
2.574000 -3.081250 0.00000
2.610000 -3.081250 0.00000
2.646000 -3.081250 0.00000
2.682000 -3.081250 0.00000
2.718000 -3.081250 0.00000
2.754000 -3.081250 0.00000
2.790000 -3.081250 0.00000
2.826000 -3.081250 0.00000
2.862000 -3.081250 0.00000
2.898000 -3.081250 0.00000
2.934000 -3.081250 0.00000
2.970000 -3.081250 0.00000
3.006000 -3.081250 0.00000
3.042000 -3.081250 0.00000
3.078000 -3.081250 0.00000
3.114000 -3.081250 0.00000
3.150000 -3.081250 0.00000
3.186000 -3.081250 0.00000
3.222000 -3.081250 0.00000
3.258000 -3.081250 0.00000
3.294000 -3.081250 0.00000
3.330000 -3.081250 0.00000
3.366000 -3.081250 0.00000
3.402000 -3.081250 0.00000
3.438000 -3.081250 0.00000
3.474000 -3.081250 0.00000
3.510000 -3.081250 0.00000
3.546000 -3.081250 0.00000
3.582000 -3.081250 0.00000
3.618000 -3.081250 0.00000
3.654000 -3.081250 0.00000
3.690000 -3.081250 0.00000
3.726000 -3.081250 0.00000
3.762000 -3.081250 0.00000
3.798000 -3.081250 0.00000
3.834000 -3.081250 0.00000
3.870000 -3.081250 0.00000
3.906000 -3.081250 0.00000
3.942000 -3.081250 0.00000
3.978000 -3.081250 0.00000
4.014000 -3.081250 0.00000
4.050000 -3.081250 0.00000
4.086000 -3.081250 0.00000
4.122000 -3.081250 0.00000
4.158000 -3.081250 0.00000
4.194000 -3.081250 0.00000
4.230000 -3.081250 0.00000
4.266000 -3.081250 0.00000
4.302000 -3.081250 0.00000
4.338000 -3.081250 0.00000
4.374000 -3.081250 0.00000
4.410000 -3.081250 0.00000
4.446000 -3.081250 0.00000
4.482000 -3.081250 0.00000
4.518000 -3.081250 0.00000
4.554000 -3.081250 0.00000
4.590000 -3.081250 0.00000
4.626000 -3.081250 0.00000
4.662000 -3.081250 0.00000
4.698000 -3.081250 0.00000
4.734000 -3.081250 0.00000
4.770000 -3.081250 0.00000
4.806000 -3.081250 0.00000
4.842000 -3.081250 0.00000
4.878000 -3.081250 0.00000
4.914000 -3.081250 0.00000
4.950000 -3.081250 0.00000
4.986000 -3.081250 0.00000
5.022000 -3.081250 0.00000
5.058000 -3.081250 0.00000
5.094000 -3.081250 0.00000
5.130000 -3.081250 0.00000
5.166000 -3.081250 0.00000
5.202000 -3.081250 0.00000
5.238000 -3.081250 0.00000
5.274000 -3.081250 0.00000
5.310000 -3.081250 0.00000
5.346000 -3.081250 0.00000
5.382000 -3.081250 0.00000
0.018000 -3.050893 0.00000
0.054000 -3.050893 0.00000
0.090000 -3.050893 0.00000
0.126000 -3.050893 0.00000
0.162000 -3.050893 0.00000
0.198000 -3.050893 0.00000
0.234000 -3.050893 0.00000
0.270000 -3.050893 0.00000
0.306000 -3.050893 0.00000
0.342000 -3.050893 0.00000
0.378000 -3.050893 0.00000
0.414000 -3.050893 0.00000
0.450000 -3.050893 0.60206
0.486000 -3.050893 0.95424
0.522000 -3.050893 1.04139
0.558000 -3.050893 1.14613
0.594000 -3.050893 1.20412
0.630000 -3.050893 0.30103
0.666000 -3.050893 0.00000
0.702000 -3.050893 0.00000
0.738000 -3.050893 0.00000
0.774000 -3.050893 0.00000
0.810000 -3.050893 0.00000
0.846000 -3.050893 0.00000
0.882000 -3.050893 0.00000
0.918000 -3.050893 0.00000
0.954000 -3.050893 0.00000
0.990000 -3.050893 0.00000
1.026000 -3.050893 0.00000
1.062000 -3.050893 0.00000
1.098000 -3.050893 0.00000
1.134000 -3.050893 0.00000
1.170000 -3.050893 0.00000
1.206000 -3.050893 0.00000
1.242000 -3.050893 0.00000
1.278000 -3.050893 0.00000
1.314000 -3.050893 0.00000
1.350000 -3.050893 0.00000
1.386000 -3.050893 0.00000
1.422000 -3.050893 0.00000
1.458000 -3.050893 0.00000
1.494000 -3.050893 0.00000
1.530000 -3.050893 0.00000
1.566000 -3.050893 0.00000
1.602000 -3.050893 0.00000
1.638000 -3.050893 0.00000
1.674000 -3.050893 0.00000
1.710000 -3.050893 0.00000
1.746000 -3.050893 0.00000
1.782000 -3.050893 0.00000
1.818000 -3.050893 0.00000
1.854000 -3.050893 0.00000
1.890000 -3.050893 0.00000
1.926000 -3.050893 0.00000
1.962000 -3.050893 0.00000
1.998000 -3.050893 0.00000
2.034000 -3.050893 0.00000
2.070000 -3.050893 0.00000
2.106000 -3.050893 0.00000
2.142000 -3.050893 0.00000
2.178000 -3.050893 0.00000
2.214000 -3.050893 0.00000
2.250000 -3.050893 0.00000
2.286000 -3.050893 0.00000
2.322000 -3.050893 0.00000
2.358000 -3.050893 0.00000
2.394000 -3.050893 0.00000
2.430000 -3.050893 0.00000
2.466000 -3.050893 0.00000
2.502000 -3.050893 0.00000
2.538000 -3.050893 0.00000
2.574000 -3.050893 0.00000
2.610000 -3.050893 0.00000
2.646000 -3.050893 0.00000
2.682000 -3.050893 0.00000
2.718000 -3.050893 0.00000
2.754000 -3.050893 0.00000
2.790000 -3.050893 0.00000
2.826000 -3.050893 0.00000
2.862000 -3.050893 0.00000
2.898000 -3.050893 0.00000
2.934000 -3.050893 0.00000
2.970000 -3.050893 0.00000
3.006000 -3.050893 0.00000
3.042000 -3.050893 0.00000
3.078000 -3.050893 0.00000
3.114000 -3.050893 0.00000
3.150000 -3.050893 0.00000
3.186000 -3.050893 0.00000
3.222000 -3.050893 0.00000
3.258000 -3.050893 0.00000
3.294000 -3.050893 0.00000
3.330000 -3.050893 0.00000
3.366000 -3.050893 0.00000
3.402000 -3.050893 0.00000
3.438000 -3.050893 0.00000
3.474000 -3.050893 0.00000
3.510000 -3.050893 0.00000
3.546000 -3.050893 0.00000
3.582000 -3.050893 0.00000
3.618000 -3.050893 0.00000
3.654000 -3.050893 0.00000
3.690000 -3.050893 0.00000
3.726000 -3.050893 0.00000
3.762000 -3.050893 0.00000
3.798000 -3.050893 0.00000
3.834000 -3.050893 0.00000
3.870000 -3.050893 0.00000
3.906000 -3.050893 0.00000
3.942000 -3.050893 0.00000
3.978000 -3.050893 0.00000
4.014000 -3.050893 0.00000
4.050000 -3.050893 0.00000
4.086000 -3.050893 0.00000
4.122000 -3.050893 0.00000
4.158000 -3.050893 0.00000
4.194000 -3.050893 0.00000
4.230000 -3.050893 0.00000
4.266000 -3.050893 0.00000
4.302000 -3.050893 0.00000
4.338000 -3.050893 0.00000
4.374000 -3.050893 0.00000
4.410000 -3.050893 0.00000
4.446000 -3.050893 0.00000
4.482000 -3.050893 0.00000
4.518000 -3.050893 0.00000
4.554000 -3.050893 0.00000
4.590000 -3.050893 0.00000
4.626000 -3.050893 0.00000
4.662000 -3.050893 0.00000
4.698000 -3.050893 0.00000
4.734000 -3.050893 0.00000
4.770000 -3.050893 0.00000
4.806000 -3.050893 0.00000
4.842000 -3.050893 0.00000
4.878000 -3.050893 0.00000
4.914000 -3.050893 0.00000
4.950000 -3.050893 0.00000
4.986000 -3.050893 0.00000
5.022000 -3.050893 0.00000
5.058000 -3.050893 0.00000
5.094000 -3.050893 0.00000
5.130000 -3.050893 0.00000
5.166000 -3.050893 0.00000
5.202000 -3.050893 0.00000
5.238000 -3.050893 0.00000
5.274000 -3.050893 0.00000
5.310000 -3.050893 0.00000
5.346000 -3.050893 0.00000
5.382000 -3.050893 0.00000
0.018000 -3.020536 0.00000
0.054000 -3.020536 0.00000
0.090000 -3.020536 0.00000
0.126000 -3.020536 0.00000
0.162000 -3.020536 0.00000
0.198000 -3.020536 0.00000
0.234000 -3.020536 0.00000
0.270000 -3.020536 0.00000
0.306000 -3.020536 0.00000
0.342000 -3.020536 0.00000
0.378000 -3.020536 0.00000
0.414000 -3.020536 0.00000
0.450000 -3.020536 0.47712
0.486000 -3.020536 0.84510
0.522000 -3.020536 0.77815
0.558000 -3.020536 1.11394
0.594000 -3.020536 1.07918
0.630000 -3.020536 0.90309
0.666000 -3.020536 0.00000
0.702000 -3.020536 0.00000
0.738000 -3.020536 0.00000
0.774000 -3.020536 0.00000
0.810000 -3.020536 0.00000
0.846000 -3.020536 0.00000
0.882000 -3.020536 0.00000
0.918000 -3.020536 0.00000
0.954000 -3.020536 0.00000
0.990000 -3.020536 0.00000
1.026000 -3.020536 0.00000
1.062000 -3.020536 0.00000
1.098000 -3.020536 0.00000
1.134000 -3.020536 0.00000
1.170000 -3.020536 0.00000
1.206000 -3.020536 0.00000
1.242000 -3.020536 0.00000
1.278000 -3.020536 0.00000
1.314000 -3.020536 0.00000
1.350000 -3.020536 0.00000
1.386000 -3.020536 0.00000
1.422000 -3.020536 0.00000
1.458000 -3.020536 0.00000
1.494000 -3.020536 0.00000
1.530000 -3.020536 0.00000
1.566000 -3.020536 0.00000
1.602000 -3.020536 0.00000
1.638000 -3.020536 0.00000
1.674000 -3.020536 0.00000
1.710000 -3.020536 0.00000
1.746000 -3.020536 0.00000
1.782000 -3.020536 0.00000
1.818000 -3.020536 0.00000
1.854000 -3.020536 0.00000
1.890000 -3.020536 0.00000
1.926000 -3.020536 0.00000
1.962000 -3.020536 0.00000
1.998000 -3.020536 0.00000
2.034000 -3.020536 0.00000
2.070000 -3.020536 0.00000
2.106000 -3.020536 0.00000
2.142000 -3.020536 0.00000
2.178000 -3.020536 0.00000
2.214000 -3.020536 0.00000
2.250000 -3.020536 0.00000
2.286000 -3.020536 0.00000
2.322000 -3.020536 0.00000
2.358000 -3.020536 0.00000
2.394000 -3.020536 0.00000
2.430000 -3.020536 0.00000
2.466000 -3.020536 0.00000
2.502000 -3.020536 0.00000
2.538000 -3.020536 0.00000
2.574000 -3.020536 0.00000
2.610000 -3.020536 0.00000
2.646000 -3.020536 0.00000
2.682000 -3.020536 0.00000
2.718000 -3.020536 0.00000
2.754000 -3.020536 0.00000
2.790000 -3.020536 0.00000
2.826000 -3.020536 0.00000
2.862000 -3.020536 0.00000
2.898000 -3.020536 0.00000
2.934000 -3.020536 0.00000
2.970000 -3.020536 0.00000
3.006000 -3.020536 0.00000
3.042000 -3.020536 0.00000
3.078000 -3.020536 0.00000
3.114000 -3.020536 0.00000
3.150000 -3.020536 0.00000
3.186000 -3.020536 0.00000
3.222000 -3.020536 0.00000
3.258000 -3.020536 0.00000
3.294000 -3.020536 0.00000
3.330000 -3.020536 0.00000
3.366000 -3.020536 0.00000
3.402000 -3.020536 0.00000
3.438000 -3.020536 0.00000
3.474000 -3.020536 0.00000
3.510000 -3.020536 0.00000
3.546000 -3.020536 0.00000
3.582000 -3.020536 0.00000
3.618000 -3.020536 0.00000
3.654000 -3.020536 0.00000
3.690000 -3.020536 0.00000
3.726000 -3.020536 0.00000
3.762000 -3.020536 0.00000
3.798000 -3.020536 0.00000
3.834000 -3.020536 0.00000
3.870000 -3.020536 0.00000
3.906000 -3.020536 0.00000
3.942000 -3.020536 0.00000
3.978000 -3.020536 0.00000
4.014000 -3.020536 0.00000
4.050000 -3.020536 0.00000
4.086000 -3.020536 0.00000
4.122000 -3.020536 0.00000
4.158000 -3.020536 0.00000
4.194000 -3.020536 0.00000
4.230000 -3.020536 0.00000
4.266000 -3.020536 0.00000
4.302000 -3.020536 0.00000
4.338000 -3.020536 0.00000
4.374000 -3.020536 0.00000
4.410000 -3.020536 0.00000
4.446000 -3.020536 0.00000
4.482000 -3.020536 0.00000
4.518000 -3.020536 0.00000
4.554000 -3.020536 0.00000
4.590000 -3.020536 0.00000
4.626000 -3.020536 0.00000
4.662000 -3.020536 0.00000
4.698000 -3.020536 0.00000
4.734000 -3.020536 0.00000
4.770000 -3.020536 0.00000
4.806000 -3.020536 0.00000
4.842000 -3.020536 0.00000
4.878000 -3.020536 0.00000
4.914000 -3.020536 0.00000
4.950000 -3.020536 0.00000
4.986000 -3.020536 0.00000
5.022000 -3.020536 0.00000
5.058000 -3.020536 0.00000
5.094000 -3.020536 0.00000
5.130000 -3.020536 0.00000
5.166000 -3.020536 0.00000
5.202000 -3.020536 0.00000
5.238000 -3.020536 0.00000
5.274000 -3.020536 0.00000
5.310000 -3.020536 0.00000
5.346000 -3.020536 0.00000
5.382000 -3.020536 0.00000
0.018000 -2.990179 0.00000
0.054000 -2.990179 0.00000
0.090000 -2.990179 0.00000
0.126000 -2.990179 0.00000
0.162000 -2.990179 0.00000
0.198000 -2.990179 0.00000
0.234000 -2.990179 0.00000
0.270000 -2.990179 0.00000
0.306000 -2.990179 0.00000
0.342000 -2.990179 0.00000
0.378000 -2.990179 0.00000
0.414000 -2.990179 0.00000
0.450000 -2.990179 0.00000
0.486000 -2.990179 0.60206
0.522000 -2.990179 0.95424
0.558000 -2.990179 0.84510
0.594000 -2.990179 1.27875
0.630000 -2.990179 1.23045
0.666000 -2.990179 0.00000
0.702000 -2.990179 0.00000
0.738000 -2.990179 0.00000
0.774000 -2.990179 0.00000
0.810000 -2.990179 0.00000
0.846000 -2.990179 0.00000
0.882000 -2.990179 0.00000
0.918000 -2.990179 0.00000
0.954000 -2.990179 0.00000
0.990000 -2.990179 0.00000
1.026000 -2.990179 0.00000
1.062000 -2.990179 0.00000
1.098000 -2.990179 0.00000
1.134000 -2.990179 0.00000
1.170000 -2.990179 0.00000
1.206000 -2.990179 0.00000
1.242000 -2.990179 0.00000
1.278000 -2.990179 0.00000
1.314000 -2.990179 0.00000
1.350000 -2.990179 0.00000
1.386000 -2.990179 0.00000
1.422000 -2.990179 0.00000
1.458000 -2.990179 0.00000
1.494000 -2.990179 0.00000
1.530000 -2.990179 0.00000
1.566000 -2.990179 0.00000
1.602000 -2.990179 0.00000
1.638000 -2.990179 0.00000
1.674000 -2.990179 0.00000
1.710000 -2.990179 0.00000
1.746000 -2.990179 0.00000
1.782000 -2.990179 0.00000
1.818000 -2.990179 0.00000
1.854000 -2.990179 0.00000
1.890000 -2.990179 0.00000
1.926000 -2.990179 0.00000
1.962000 -2.990179 0.00000
1.998000 -2.990179 0.00000
2.034000 -2.990179 0.00000
2.070000 -2.990179 0.00000
2.106000 -2.990179 0.00000
2.142000 -2.990179 0.00000
2.178000 -2.990179 0.00000
2.214000 -2.990179 0.00000
2.250000 -2.990179 0.00000
2.286000 -2.990179 0.00000
2.322000 -2.990179 0.00000
2.358000 -2.990179 0.00000
2.394000 -2.990179 0.00000
2.430000 -2.990179 0.00000
2.466000 -2.990179 0.00000
2.502000 -2.990179 0.00000
2.538000 -2.990179 0.00000
2.574000 -2.990179 0.00000
2.610000 -2.990179 0.00000
2.646000 -2.990179 0.00000
2.682000 -2.990179 0.00000
2.718000 -2.990179 0.00000
2.754000 -2.990179 0.00000
2.790000 -2.990179 0.00000
2.826000 -2.990179 0.00000
2.862000 -2.990179 0.00000
2.898000 -2.990179 0.00000
2.934000 -2.990179 0.00000
2.970000 -2.990179 0.00000
3.006000 -2.990179 0.00000
3.042000 -2.990179 0.00000
3.078000 -2.990179 0.00000
3.114000 -2.990179 0.00000
3.150000 -2.990179 0.00000
3.186000 -2.990179 0.00000
3.222000 -2.990179 0.00000
3.258000 -2.990179 0.00000
3.294000 -2.990179 0.00000
3.330000 -2.990179 0.00000
3.366000 -2.990179 0.00000
3.402000 -2.990179 0.00000
3.438000 -2.990179 0.00000
3.474000 -2.990179 0.00000
3.510000 -2.990179 0.00000
3.546000 -2.990179 0.00000
3.582000 -2.990179 0.00000
3.618000 -2.990179 0.00000
3.654000 -2.990179 0.00000
3.690000 -2.990179 0.00000
3.726000 -2.990179 0.00000
3.762000 -2.990179 0.00000
3.798000 -2.990179 0.00000
3.834000 -2.990179 0.00000
3.870000 -2.990179 0.00000
3.906000 -2.990179 0.00000
3.942000 -2.990179 0.00000
3.978000 -2.990179 0.00000
4.014000 -2.990179 0.00000
4.050000 -2.990179 0.00000
4.086000 -2.990179 0.00000
4.122000 -2.990179 0.00000
4.158000 -2.990179 0.00000
4.194000 -2.990179 0.00000
4.230000 -2.990179 0.00000
4.266000 -2.990179 0.00000
4.302000 -2.990179 0.00000
4.338000 -2.990179 0.00000
4.374000 -2.990179 0.00000
4.410000 -2.990179 0.00000
4.446000 -2.990179 0.00000
4.482000 -2.990179 0.00000
4.518000 -2.990179 0.00000
4.554000 -2.990179 0.00000
4.590000 -2.990179 0.00000
4.626000 -2.990179 0.00000
4.662000 -2.990179 0.00000
4.698000 -2.990179 0.00000
4.734000 -2.990179 0.00000
4.770000 -2.990179 0.00000
4.806000 -2.990179 0.00000
4.842000 -2.990179 0.00000
4.878000 -2.990179 0.00000
4.914000 -2.990179 0.00000
4.950000 -2.990179 0.00000
4.986000 -2.990179 0.00000
5.022000 -2.990179 0.00000
5.058000 -2.990179 0.00000
5.094000 -2.990179 0.00000
5.130000 -2.990179 0.00000
5.166000 -2.990179 0.00000
5.202000 -2.990179 0.00000
5.238000 -2.990179 0.00000
5.274000 -2.990179 0.00000
5.310000 -2.990179 0.00000
5.346000 -2.990179 0.00000
5.382000 -2.990179 0.00000
0.018000 -2.959821 0.00000
0.054000 -2.959821 0.00000
0.090000 -2.959821 0.00000
0.126000 -2.959821 0.00000
0.162000 -2.959821 0.00000
0.198000 -2.959821 0.00000
0.234000 -2.959821 0.00000
0.270000 -2.959821 0.00000
0.306000 -2.959821 0.00000
0.342000 -2.959821 0.00000
0.378000 -2.959821 0.00000
0.414000 -2.959821 0.00000
0.450000 -2.959821 0.00000
0.486000 -2.959821 0.30103
0.522000 -2.959821 0.84510
0.558000 -2.959821 1.00000
0.594000 -2.959821 0.77815
0.630000 -2.959821 1.00000
0.666000 -2.959821 0.84510
0.702000 -2.959821 0.00000
0.738000 -2.959821 0.00000
0.774000 -2.959821 0.00000
0.810000 -2.959821 0.00000
0.846000 -2.959821 0.00000
0.882000 -2.959821 0.00000
0.918000 -2.959821 0.00000
0.954000 -2.959821 0.00000
0.990000 -2.959821 0.00000
1.026000 -2.959821 0.00000
1.062000 -2.959821 0.00000
1.098000 -2.959821 0.00000
1.134000 -2.959821 0.00000
1.170000 -2.959821 0.00000
1.206000 -2.959821 0.00000
1.242000 -2.959821 0.00000
1.278000 -2.959821 0.00000
1.314000 -2.959821 0.00000
1.350000 -2.959821 0.00000
1.386000 -2.959821 0.00000
1.422000 -2.959821 0.00000
1.458000 -2.959821 0.00000
1.494000 -2.959821 0.00000
1.530000 -2.959821 0.00000
1.566000 -2.959821 0.00000
1.602000 -2.959821 0.00000
1.638000 -2.959821 0.00000
1.674000 -2.959821 0.00000
1.710000 -2.959821 0.00000
1.746000 -2.959821 0.00000
1.782000 -2.959821 0.00000
1.818000 -2.959821 0.00000
1.854000 -2.959821 0.00000
1.890000 -2.959821 0.00000
1.926000 -2.959821 0.00000
1.962000 -2.959821 0.00000
1.998000 -2.959821 0.00000
2.034000 -2.959821 0.00000
2.070000 -2.959821 0.00000
2.106000 -2.959821 0.00000
2.142000 -2.959821 0.00000
2.178000 -2.959821 0.00000
2.214000 -2.959821 0.00000
2.250000 -2.959821 0.00000
2.286000 -2.959821 0.00000
2.322000 -2.959821 0.00000
2.358000 -2.959821 0.00000
2.394000 -2.959821 0.00000
2.430000 -2.959821 0.00000
2.466000 -2.959821 0.00000
2.502000 -2.959821 0.00000
2.538000 -2.959821 0.00000
2.574000 -2.959821 0.00000
2.610000 -2.959821 0.00000
2.646000 -2.959821 0.00000
2.682000 -2.959821 0.00000
2.718000 -2.959821 0.00000
2.754000 -2.959821 0.00000
2.790000 -2.959821 0.00000
2.826000 -2.959821 0.00000
2.862000 -2.959821 0.00000
2.898000 -2.959821 0.00000
2.934000 -2.959821 0.00000
2.970000 -2.959821 0.00000
3.006000 -2.959821 0.00000
3.042000 -2.959821 0.00000
3.078000 -2.959821 0.00000
3.114000 -2.959821 0.00000
3.150000 -2.959821 0.00000
3.186000 -2.959821 0.00000
3.222000 -2.959821 0.00000
3.258000 -2.959821 0.00000
3.294000 -2.959821 0.00000
3.330000 -2.959821 0.00000
3.366000 -2.959821 0.00000
3.402000 -2.959821 0.00000
3.438000 -2.959821 0.00000
3.474000 -2.959821 0.00000
3.510000 -2.959821 0.00000
3.546000 -2.959821 0.00000
3.582000 -2.959821 0.00000
3.618000 -2.959821 0.00000
3.654000 -2.959821 0.00000
3.690000 -2.959821 0.00000
3.726000 -2.959821 0.00000
3.762000 -2.959821 0.00000
3.798000 -2.959821 0.00000
3.834000 -2.959821 0.00000
3.870000 -2.959821 0.00000
3.906000 -2.959821 0.00000
3.942000 -2.959821 0.00000
3.978000 -2.959821 0.00000
4.014000 -2.959821 0.00000
4.050000 -2.959821 0.00000
4.086000 -2.959821 0.00000
4.122000 -2.959821 0.00000
4.158000 -2.959821 0.00000
4.194000 -2.959821 0.00000
4.230000 -2.959821 0.00000
4.266000 -2.959821 0.00000
4.302000 -2.959821 0.00000
4.338000 -2.959821 0.00000
4.374000 -2.959821 0.00000
4.410000 -2.959821 0.00000
4.446000 -2.959821 0.00000
4.482000 -2.959821 0.00000
4.518000 -2.959821 0.00000
4.554000 -2.959821 0.00000
4.590000 -2.959821 0.00000
4.626000 -2.959821 0.00000
4.662000 -2.959821 0.00000
4.698000 -2.959821 0.00000
4.734000 -2.959821 0.00000
4.770000 -2.959821 0.00000
4.806000 -2.959821 0.00000
4.842000 -2.959821 0.00000
4.878000 -2.959821 0.00000
4.914000 -2.959821 0.00000
4.950000 -2.959821 0.00000
4.986000 -2.959821 0.00000
5.022000 -2.959821 0.00000
5.058000 -2.959821 0.00000
5.094000 -2.959821 0.00000
5.130000 -2.959821 0.00000
5.166000 -2.959821 0.00000
5.202000 -2.959821 0.00000
5.238000 -2.959821 0.00000
5.274000 -2.959821 0.00000
5.310000 -2.959821 0.00000
5.346000 -2.959821 0.00000
5.382000 -2.959821 0.00000
0.018000 -2.929464 0.00000
0.054000 -2.929464 0.00000
0.090000 -2.929464 0.00000
0.126000 -2.929464 0.00000
0.162000 -2.929464 0.00000
0.198000 -2.929464 0.00000
0.234000 -2.929464 0.00000
0.270000 -2.929464 0.00000
0.306000 -2.929464 0.00000
0.342000 -2.929464 0.00000
0.378000 -2.929464 0.00000
0.414000 -2.929464 0.00000
0.450000 -2.929464 0.00000
0.486000 -2.929464 0.00000
0.522000 -2.929464 0.00000
0.558000 -2.929464 1.00000
0.594000 -2.929464 0.90309
0.630000 -2.929464 1.27875
0.666000 -2.929464 1.00000
0.702000 -2.929464 0.00000
0.738000 -2.929464 0.84510
0.774000 -2.929464 1.00000
0.810000 -2.929464 1.30103
0.846000 -2.929464 1.20412
0.882000 -2.929464 1.25527
0.918000 -2.929464 1.04139
0.954000 -2.929464 0.60206
0.990000 -2.929464 0.00000
1.026000 -2.929464 0.00000
1.062000 -2.929464 0.00000
1.098000 -2.929464 0.00000
1.134000 -2.929464 0.00000
1.170000 -2.929464 0.00000
1.206000 -2.929464 0.00000
1.242000 -2.929464 0.00000
1.278000 -2.929464 0.00000
1.314000 -2.929464 0.00000
1.350000 -2.929464 0.00000
1.386000 -2.929464 0.00000
1.422000 -2.929464 0.00000
1.458000 -2.929464 0.00000
1.494000 -2.929464 0.00000
1.530000 -2.929464 0.00000
1.566000 -2.929464 0.00000
1.602000 -2.929464 0.00000
1.638000 -2.929464 0.00000
1.674000 -2.929464 0.00000
1.710000 -2.929464 0.00000
1.746000 -2.929464 0.00000
1.782000 -2.929464 0.00000
1.818000 -2.929464 0.00000
1.854000 -2.929464 0.00000
1.890000 -2.929464 0.00000
1.926000 -2.929464 0.00000
1.962000 -2.929464 0.00000
1.998000 -2.929464 0.00000
2.034000 -2.929464 0.00000
2.070000 -2.929464 0.00000
2.106000 -2.929464 0.00000
2.142000 -2.929464 0.00000
2.178000 -2.929464 0.00000
2.214000 -2.929464 0.00000
2.250000 -2.929464 0.00000
2.286000 -2.929464 0.00000
2.322000 -2.929464 0.00000
2.358000 -2.929464 0.00000
2.394000 -2.929464 0.00000
2.430000 -2.929464 0.00000
2.466000 -2.929464 0.00000
2.502000 -2.929464 0.00000
2.538000 -2.929464 0.00000
2.574000 -2.929464 0.00000
2.610000 -2.929464 0.00000
2.646000 -2.929464 0.00000
2.682000 -2.929464 0.00000
2.718000 -2.929464 0.00000
2.754000 -2.929464 0.00000
2.790000 -2.929464 0.00000
2.826000 -2.929464 0.00000
2.862000 -2.929464 0.00000
2.898000 -2.929464 0.00000
2.934000 -2.929464 0.00000
2.970000 -2.929464 0.00000
3.006000 -2.929464 0.00000
3.042000 -2.929464 0.00000
3.078000 -2.929464 0.00000
3.114000 -2.929464 0.00000
3.150000 -2.929464 0.00000
3.186000 -2.929464 0.00000
3.222000 -2.929464 0.00000
3.258000 -2.929464 0.00000
3.294000 -2.929464 0.00000
3.330000 -2.929464 0.00000
3.366000 -2.929464 0.00000
3.402000 -2.929464 0.00000
3.438000 -2.929464 0.00000
3.474000 -2.929464 0.00000
3.510000 -2.929464 0.00000
3.546000 -2.929464 0.00000
3.582000 -2.929464 0.00000
3.618000 -2.929464 0.00000
3.654000 -2.929464 0.00000
3.690000 -2.929464 0.00000
3.726000 -2.929464 0.00000
3.762000 -2.929464 0.00000
3.798000 -2.929464 0.00000
3.834000 -2.929464 0.00000
3.870000 -2.929464 0.00000
3.906000 -2.929464 0.00000
3.942000 -2.929464 0.00000
3.978000 -2.929464 0.00000
4.014000 -2.929464 0.00000
4.050000 -2.929464 0.00000
4.086000 -2.929464 0.00000
4.122000 -2.929464 0.00000
4.158000 -2.929464 0.00000
4.194000 -2.929464 0.00000
4.230000 -2.929464 0.00000
4.266000 -2.929464 0.00000
4.302000 -2.929464 0.00000
4.338000 -2.929464 0.00000
4.374000 -2.929464 0.00000
4.410000 -2.929464 0.00000
4.446000 -2.929464 0.00000
4.482000 -2.929464 0.00000
4.518000 -2.929464 0.00000
4.554000 -2.929464 0.00000
4.590000 -2.929464 0.00000
4.626000 -2.929464 0.00000
4.662000 -2.929464 0.00000
4.698000 -2.929464 0.00000
4.734000 -2.929464 0.00000
4.770000 -2.929464 0.00000
4.806000 -2.929464 0.00000
4.842000 -2.929464 0.00000
4.878000 -2.929464 0.00000
4.914000 -2.929464 0.00000
4.950000 -2.929464 0.00000
4.986000 -2.929464 0.00000
5.022000 -2.929464 0.00000
5.058000 -2.929464 0.00000
5.094000 -2.929464 0.00000
5.130000 -2.929464 0.00000
5.166000 -2.929464 0.00000
5.202000 -2.929464 0.00000
5.238000 -2.929464 0.00000
5.274000 -2.929464 0.00000
5.310000 -2.929464 0.00000
5.346000 -2.929464 0.00000
5.382000 -2.929464 0.00000
0.018000 -2.899107 0.00000
0.054000 -2.899107 0.00000
0.090000 -2.899107 0.00000
0.126000 -2.899107 0.00000
0.162000 -2.899107 0.00000
0.198000 -2.899107 0.00000
0.234000 -2.899107 0.00000
0.270000 -2.899107 0.00000
0.306000 -2.899107 0.00000
0.342000 -2.899107 0.00000
0.378000 -2.899107 0.00000
0.414000 -2.899107 0.00000
0.450000 -2.899107 0.00000
0.486000 -2.899107 0.00000
0.522000 -2.899107 0.47712
0.558000 -2.899107 0.69897
0.594000 -2.899107 1.00000
0.630000 -2.899107 0.95424
0.666000 -2.899107 0.95424
0.702000 -2.899107 0.00000
0.738000 -2.899107 1.14613
0.774000 -2.899107 1.38021
0.810000 -2.899107 1.36173
0.846000 -2.899107 1.25527
0.882000 -2.899107 1.39794
0.918000 -2.899107 1.34242
0.954000 -2.899107 1.46240
0.990000 -2.899107 1.50515
1.026000 -2.899107 0.00000
1.062000 -2.899107 0.00000
1.098000 -2.899107 0.00000
1.134000 -2.899107 0.00000
1.170000 -2.899107 0.00000
1.206000 -2.899107 0.00000
1.242000 -2.899107 0.00000
1.278000 -2.899107 0.00000
1.314000 -2.899107 0.00000
1.350000 -2.899107 0.00000
1.386000 -2.899107 0.00000
1.422000 -2.899107 0.00000
1.458000 -2.899107 0.00000
1.494000 -2.899107 0.00000
1.530000 -2.899107 0.00000
1.566000 -2.899107 0.00000
1.602000 -2.899107 0.00000
1.638000 -2.899107 0.00000
1.674000 -2.899107 0.00000
1.710000 -2.899107 0.00000
1.746000 -2.899107 0.00000
1.782000 -2.899107 0.00000
1.818000 -2.899107 0.00000
1.854000 -2.899107 0.00000
1.890000 -2.899107 0.00000
1.926000 -2.899107 0.00000
1.962000 -2.899107 0.00000
1.998000 -2.899107 0.00000
2.034000 -2.899107 0.00000
2.070000 -2.899107 0.00000
2.106000 -2.899107 0.00000
2.142000 -2.899107 0.00000
2.178000 -2.899107 0.00000
2.214000 -2.899107 0.00000
2.250000 -2.899107 0.00000
2.286000 -2.899107 0.00000
2.322000 -2.899107 0.00000
2.358000 -2.899107 0.00000
2.394000 -2.899107 0.00000
2.430000 -2.899107 0.00000
2.466000 -2.899107 0.00000
2.502000 -2.899107 0.00000
2.538000 -2.899107 0.00000
2.574000 -2.899107 0.00000
2.610000 -2.899107 0.00000
2.646000 -2.899107 0.00000
2.682000 -2.899107 0.00000
2.718000 -2.899107 0.00000
2.754000 -2.899107 0.00000
2.790000 -2.899107 0.00000
2.826000 -2.899107 0.00000
2.862000 -2.899107 0.00000
2.898000 -2.899107 0.00000
2.934000 -2.899107 0.00000
2.970000 -2.899107 0.00000
3.006000 -2.899107 0.00000
3.042000 -2.899107 0.00000
3.078000 -2.899107 0.00000
3.114000 -2.899107 0.00000
3.150000 -2.899107 0.00000
3.186000 -2.899107 0.00000
3.222000 -2.899107 0.00000
3.258000 -2.899107 0.00000
3.294000 -2.899107 0.00000
3.330000 -2.899107 0.00000
3.366000 -2.899107 0.00000
3.402000 -2.899107 0.00000
3.438000 -2.899107 0.00000
3.474000 -2.899107 0.00000
3.510000 -2.899107 0.00000
3.546000 -2.899107 0.00000
3.582000 -2.899107 0.00000
3.618000 -2.899107 0.00000
3.654000 -2.899107 0.00000
3.690000 -2.899107 0.00000
3.726000 -2.899107 0.00000
3.762000 -2.899107 0.00000
3.798000 -2.899107 0.00000
3.834000 -2.899107 0.00000
3.870000 -2.899107 0.00000
3.906000 -2.899107 0.00000
3.942000 -2.899107 0.00000
3.978000 -2.899107 0.00000
4.014000 -2.899107 0.00000
4.050000 -2.899107 0.00000
4.086000 -2.899107 0.00000
4.122000 -2.899107 0.00000
4.158000 -2.899107 0.00000
4.194000 -2.899107 0.00000
4.230000 -2.899107 0.00000
4.266000 -2.899107 0.00000
4.302000 -2.899107 0.00000
4.338000 -2.899107 0.00000
4.374000 -2.899107 0.00000
4.410000 -2.899107 0.00000
4.446000 -2.899107 0.00000
4.482000 -2.899107 0.00000
4.518000 -2.899107 0.00000
4.554000 -2.899107 0.00000
4.590000 -2.899107 0.00000
4.626000 -2.899107 0.00000
4.662000 -2.899107 0.00000
4.698000 -2.899107 0.00000
4.734000 -2.899107 0.00000
4.770000 -2.899107 0.00000
4.806000 -2.899107 0.00000
4.842000 -2.899107 0.00000
4.878000 -2.899107 0.00000
4.914000 -2.899107 0.00000
4.950000 -2.899107 0.00000
4.986000 -2.899107 0.00000
5.022000 -2.899107 0.00000
5.058000 -2.899107 0.00000
5.094000 -2.899107 0.00000
5.130000 -2.899107 0.00000
5.166000 -2.899107 0.00000
5.202000 -2.899107 0.00000
5.238000 -2.899107 0.00000
5.274000 -2.899107 0.00000
5.310000 -2.899107 0.00000
5.346000 -2.899107 0.00000
5.382000 -2.899107 0.00000
0.018000 -2.868750 0.00000
0.054000 -2.868750 0.00000
0.090000 -2.868750 0.00000
0.126000 -2.868750 0.00000
0.162000 -2.868750 0.00000
0.198000 -2.868750 0.00000
0.234000 -2.868750 0.00000
0.270000 -2.868750 0.00000
0.306000 -2.868750 0.00000
0.342000 -2.868750 0.00000
0.378000 -2.868750 0.00000
0.414000 -2.868750 0.00000
0.450000 -2.868750 0.00000
0.486000 -2.868750 0.00000
0.522000 -2.868750 0.00000
0.558000 -2.868750 0.00000
0.594000 -2.868750 1.04139
0.630000 -2.868750 0.77815
0.666000 -2.868750 0.69897
0.702000 -2.868750 0.77815
0.738000 -2.868750 1.11394
0.774000 -2.868750 1.34242
0.810000 -2.868750 1.39794
0.846000 -2.868750 1.34242
0.882000 -2.868750 1.27875
0.918000 -2.868750 1.34242
0.954000 -2.868750 1.27875
0.990000 -2.868750 1.86923
1.026000 -2.868750 1.43136
1.062000 -2.868750 1.07918
1.098000 -2.868750 0.00000
1.134000 -2.868750 0.00000
1.170000 -2.868750 0.00000
1.206000 -2.868750 0.00000
1.242000 -2.868750 0.00000
1.278000 -2.868750 0.00000
1.314000 -2.868750 0.00000
1.350000 -2.868750 0.00000
1.386000 -2.868750 0.00000
1.422000 -2.868750 0.00000
1.458000 -2.868750 0.00000
1.494000 -2.868750 0.00000
1.530000 -2.868750 0.00000
1.566000 -2.868750 0.00000
1.602000 -2.868750 0.00000
1.638000 -2.868750 0.00000
1.674000 -2.868750 0.00000
1.710000 -2.868750 0.00000
1.746000 -2.868750 0.00000
1.782000 -2.868750 0.00000
1.818000 -2.868750 0.00000
1.854000 -2.868750 0.00000
1.890000 -2.868750 0.00000
1.926000 -2.868750 0.00000
1.962000 -2.868750 0.00000
1.998000 -2.868750 0.00000
2.034000 -2.868750 0.00000
2.070000 -2.868750 0.00000
2.106000 -2.868750 0.00000
2.142000 -2.868750 0.00000
2.178000 -2.868750 0.00000
2.214000 -2.868750 0.00000
2.250000 -2.868750 0.00000
2.286000 -2.868750 0.00000
2.322000 -2.868750 0.00000
2.358000 -2.868750 0.00000
2.394000 -2.868750 0.00000
2.430000 -2.868750 0.00000
2.466000 -2.868750 0.00000
2.502000 -2.868750 0.00000
2.538000 -2.868750 0.00000
2.574000 -2.868750 0.00000
2.610000 -2.868750 0.00000
2.646000 -2.868750 0.00000
2.682000 -2.868750 0.00000
2.718000 -2.868750 0.00000
2.754000 -2.868750 0.00000
2.790000 -2.868750 0.00000
2.826000 -2.868750 0.00000
2.862000 -2.868750 0.00000
2.898000 -2.868750 0.00000
2.934000 -2.868750 0.00000
2.970000 -2.868750 0.00000
3.006000 -2.868750 0.00000
3.042000 -2.868750 0.00000
3.078000 -2.868750 0.00000
3.114000 -2.868750 0.00000
3.150000 -2.868750 0.00000
3.186000 -2.868750 0.00000
3.222000 -2.868750 0.00000
3.258000 -2.868750 0.00000
3.294000 -2.868750 0.00000
3.330000 -2.868750 0.00000
3.366000 -2.868750 0.00000
3.402000 -2.868750 0.00000
3.438000 -2.868750 0.00000
3.474000 -2.868750 0.00000
3.510000 -2.868750 0.00000
3.546000 -2.868750 0.00000
3.582000 -2.868750 0.00000
3.618000 -2.868750 0.00000
3.654000 -2.868750 0.00000
3.690000 -2.868750 0.00000
3.726000 -2.868750 0.00000
3.762000 -2.868750 0.00000
3.798000 -2.868750 0.00000
3.834000 -2.868750 0.00000
3.870000 -2.868750 0.00000
3.906000 -2.868750 0.00000
3.942000 -2.868750 0.00000
3.978000 -2.868750 0.00000
4.014000 -2.868750 0.00000
4.050000 -2.868750 0.00000
4.086000 -2.868750 0.00000
4.122000 -2.868750 0.00000
4.158000 -2.868750 0.00000
4.194000 -2.868750 0.00000
4.230000 -2.868750 0.00000
4.266000 -2.868750 0.00000
4.302000 -2.868750 0.00000
4.338000 -2.868750 0.00000
4.374000 -2.868750 0.00000
4.410000 -2.868750 0.00000
4.446000 -2.868750 0.00000
4.482000 -2.868750 0.00000
4.518000 -2.868750 0.00000
4.554000 -2.868750 0.00000
4.590000 -2.868750 0.00000
4.626000 -2.868750 0.00000
4.662000 -2.868750 0.00000
4.698000 -2.868750 0.00000
4.734000 -2.868750 0.00000
4.770000 -2.868750 0.00000
4.806000 -2.868750 0.00000
4.842000 -2.868750 0.00000
4.878000 -2.868750 0.00000
4.914000 -2.868750 0.00000
4.950000 -2.868750 0.00000
4.986000 -2.868750 0.00000
5.022000 -2.868750 0.00000
5.058000 -2.868750 0.00000
5.094000 -2.868750 0.00000
5.130000 -2.868750 0.00000
5.166000 -2.868750 0.00000
5.202000 -2.868750 0.00000
5.238000 -2.868750 0.00000
5.274000 -2.868750 0.00000
5.310000 -2.868750 0.00000
5.346000 -2.868750 0.00000
5.382000 -2.868750 0.00000
0.018000 -2.838393 0.00000
0.054000 -2.838393 0.00000
0.090000 -2.838393 0.00000
0.126000 -2.838393 0.00000
0.162000 -2.838393 0.00000
0.198000 -2.838393 0.00000
0.234000 -2.838393 0.00000
0.270000 -2.838393 0.00000
0.306000 -2.838393 0.00000
0.342000 -2.838393 0.00000
0.378000 -2.838393 0.00000
0.414000 -2.838393 0.00000
0.450000 -2.838393 0.00000
0.486000 -2.838393 0.00000
0.522000 -2.838393 0.00000
0.558000 -2.838393 0.47712
0.594000 -2.838393 0.77815
0.630000 -2.838393 0.95424
0.666000 -2.838393 1.14613
0.702000 -2.838393 0.95424
0.738000 -2.838393 1.11394
0.774000 -2.838393 1.25527
0.810000 -2.838393 1.17609
0.846000 -2.838393 1.11394
0.882000 -2.838393 1.11394
0.918000 -2.838393 1.14613
0.954000 -2.838393 1.30103
0.990000 -2.838393 1.65321
1.026000 -2.838393 1.69020
1.062000 -2.838393 1.30103
1.098000 -2.838393 1.23045
1.134000 -2.838393 0.00000
1.170000 -2.838393 0.00000
1.206000 -2.838393 0.00000
1.242000 -2.838393 0.00000
1.278000 -2.838393 0.00000
1.314000 -2.838393 0.00000
1.350000 -2.838393 0.00000
1.386000 -2.838393 0.00000
1.422000 -2.838393 0.00000
1.458000 -2.838393 0.00000
1.494000 -2.838393 0.00000
1.530000 -2.838393 0.00000
1.566000 -2.838393 0.00000
1.602000 -2.838393 0.00000
1.638000 -2.838393 0.00000
1.674000 -2.838393 0.00000
1.710000 -2.838393 0.00000
1.746000 -2.838393 0.00000
1.782000 -2.838393 0.00000
1.818000 -2.838393 0.00000
1.854000 -2.838393 0.00000
1.890000 -2.838393 0.00000
1.926000 -2.838393 0.00000
1.962000 -2.838393 0.00000
1.998000 -2.838393 0.00000
2.034000 -2.838393 0.00000
2.070000 -2.838393 0.00000
2.106000 -2.838393 0.00000
2.142000 -2.838393 0.00000
2.178000 -2.838393 0.00000
2.214000 -2.838393 0.00000
2.250000 -2.838393 0.00000
2.286000 -2.838393 0.00000
2.322000 -2.838393 0.00000
2.358000 -2.838393 0.00000
2.394000 -2.838393 0.00000
2.430000 -2.838393 0.00000
2.466000 -2.838393 0.00000
2.502000 -2.838393 0.00000
2.538000 -2.838393 0.00000
2.574000 -2.838393 0.00000
2.610000 -2.838393 0.00000
2.646000 -2.838393 0.00000
2.682000 -2.838393 0.00000
2.718000 -2.838393 0.00000
2.754000 -2.838393 0.00000
2.790000 -2.838393 0.00000
2.826000 -2.838393 0.00000
2.862000 -2.838393 0.00000
2.898000 -2.838393 0.00000
2.934000 -2.838393 0.00000
2.970000 -2.838393 0.00000
3.006000 -2.838393 0.00000
3.042000 -2.838393 0.00000
3.078000 -2.838393 0.00000
3.114000 -2.838393 0.00000
3.150000 -2.838393 0.00000
3.186000 -2.838393 0.00000
3.222000 -2.838393 0.47712
3.258000 -2.838393 0.60206
3.294000 -2.838393 0.47712
3.330000 -2.838393 0.00000
3.366000 -2.838393 0.00000
3.402000 -2.838393 0.00000
3.438000 -2.838393 0.00000
3.474000 -2.838393 0.00000
3.510000 -2.838393 0.00000
3.546000 -2.838393 0.00000
3.582000 -2.838393 0.00000
3.618000 -2.838393 0.00000
3.654000 -2.838393 0.00000
3.690000 -2.838393 0.00000
3.726000 -2.838393 0.00000
3.762000 -2.838393 0.00000
3.798000 -2.838393 0.00000
3.834000 -2.838393 0.00000
3.870000 -2.838393 0.00000
3.906000 -2.838393 0.00000
3.942000 -2.838393 0.00000
3.978000 -2.838393 0.00000
4.014000 -2.838393 0.00000
4.050000 -2.838393 0.00000
4.086000 -2.838393 0.00000
4.122000 -2.838393 0.00000
4.158000 -2.838393 0.00000
4.194000 -2.838393 0.00000
4.230000 -2.838393 0.00000
4.266000 -2.838393 0.00000
4.302000 -2.838393 0.00000
4.338000 -2.838393 0.00000
4.374000 -2.838393 0.00000
4.410000 -2.838393 0.00000
4.446000 -2.838393 0.00000
4.482000 -2.838393 0.00000
4.518000 -2.838393 0.00000
4.554000 -2.838393 0.00000
4.590000 -2.838393 0.00000
4.626000 -2.838393 0.00000
4.662000 -2.838393 0.00000
4.698000 -2.838393 0.00000
4.734000 -2.838393 0.00000
4.770000 -2.838393 0.00000
4.806000 -2.838393 0.00000
4.842000 -2.838393 0.00000
4.878000 -2.838393 0.00000
4.914000 -2.838393 0.00000
4.950000 -2.838393 0.00000
4.986000 -2.838393 0.00000
5.022000 -2.838393 0.00000
5.058000 -2.838393 0.00000
5.094000 -2.838393 0.00000
5.130000 -2.838393 0.00000
5.166000 -2.838393 0.00000
5.202000 -2.838393 0.00000
5.238000 -2.838393 0.00000
5.274000 -2.838393 0.00000
5.310000 -2.838393 0.00000
5.346000 -2.838393 0.00000
5.382000 -2.838393 0.00000
0.018000 -2.808036 0.00000
0.054000 -2.808036 0.00000
0.090000 -2.808036 0.00000
0.126000 -2.808036 0.00000
0.162000 -2.808036 0.00000
0.198000 -2.808036 0.00000
0.234000 -2.808036 0.00000
0.270000 -2.808036 0.00000
0.306000 -2.808036 0.00000
0.342000 -2.808036 0.00000
0.378000 -2.808036 0.00000
0.414000 -2.808036 0.00000
0.450000 -2.808036 0.00000
0.486000 -2.808036 0.00000
0.522000 -2.808036 0.00000
0.558000 -2.808036 0.00000
0.594000 -2.808036 0.47712
0.630000 -2.808036 1.00000
0.666000 -2.808036 0.84510
0.702000 -2.808036 1.14613
0.738000 -2.808036 1.04139
0.774000 -2.808036 1.04139
0.810000 -2.808036 1.04139
0.846000 -2.808036 1.07918
0.882000 -2.808036 1.14613
0.918000 -2.808036 1.30103
0.954000 -2.808036 1.34242
0.990000 -2.808036 1.44716
1.026000 -2.808036 1.60206
1.062000 -2.808036 1.25527
1.098000 -2.808036 1.39794
1.134000 -2.808036 1.23045
1.170000 -2.808036 0.69897
1.206000 -2.808036 0.00000
1.242000 -2.808036 0.00000
1.278000 -2.808036 0.00000
1.314000 -2.808036 0.00000
1.350000 -2.808036 0.00000
1.386000 -2.808036 0.00000
1.422000 -2.808036 0.00000
1.458000 -2.808036 0.00000
1.494000 -2.808036 0.00000
1.530000 -2.808036 0.00000
1.566000 -2.808036 0.00000
1.602000 -2.808036 0.00000
1.638000 -2.808036 0.00000
1.674000 -2.808036 0.00000
1.710000 -2.808036 0.00000
1.746000 -2.808036 0.00000
1.782000 -2.808036 0.00000
1.818000 -2.808036 0.00000
1.854000 -2.808036 0.00000
1.890000 -2.808036 0.00000
1.926000 -2.808036 0.00000
1.962000 -2.808036 0.00000
1.998000 -2.808036 0.00000
2.034000 -2.808036 0.00000
2.070000 -2.808036 0.00000
2.106000 -2.808036 0.00000
2.142000 -2.808036 0.00000
2.178000 -2.808036 0.00000
2.214000 -2.808036 0.00000
2.250000 -2.808036 0.00000
2.286000 -2.808036 0.00000
2.322000 -2.808036 0.00000
2.358000 -2.808036 0.00000
2.394000 -2.808036 0.00000
2.430000 -2.808036 0.00000
2.466000 -2.808036 0.00000
2.502000 -2.808036 0.00000
2.538000 -2.808036 0.00000
2.574000 -2.808036 0.00000
2.610000 -2.808036 0.00000
2.646000 -2.808036 0.00000
2.682000 -2.808036 0.00000
2.718000 -2.808036 0.00000
2.754000 -2.808036 0.00000
2.790000 -2.808036 0.00000
2.826000 -2.808036 0.00000
2.862000 -2.808036 0.00000
2.898000 -2.808036 0.00000
2.934000 -2.808036 0.00000
2.970000 -2.808036 0.00000
3.006000 -2.808036 0.00000
3.042000 -2.808036 0.00000
3.078000 -2.808036 0.00000
3.114000 -2.808036 0.00000
3.150000 -2.808036 0.00000
3.186000 -2.808036 0.00000
3.222000 -2.808036 0.00000
3.258000 -2.808036 0.00000
3.294000 -2.808036 0.30103
3.330000 -2.808036 0.30103
3.366000 -2.808036 0.00000
3.402000 -2.808036 0.00000
3.438000 -2.808036 0.00000
3.474000 -2.808036 0.00000
3.510000 -2.808036 0.00000
3.546000 -2.808036 0.00000
3.582000 -2.808036 0.00000
3.618000 -2.808036 0.00000
3.654000 -2.808036 0.00000
3.690000 -2.808036 0.00000
3.726000 -2.808036 0.00000
3.762000 -2.808036 0.00000
3.798000 -2.808036 0.00000
3.834000 -2.808036 0.00000
3.870000 -2.808036 0.00000
3.906000 -2.808036 0.00000
3.942000 -2.808036 0.00000
3.978000 -2.808036 0.00000
4.014000 -2.808036 0.00000
4.050000 -2.808036 0.00000
4.086000 -2.808036 0.00000
4.122000 -2.808036 0.00000
4.158000 -2.808036 0.00000
4.194000 -2.808036 0.00000
4.230000 -2.808036 0.00000
4.266000 -2.808036 0.00000
4.302000 -2.808036 0.00000
4.338000 -2.808036 0.00000
4.374000 -2.808036 0.00000
4.410000 -2.808036 0.00000
4.446000 -2.808036 0.00000
4.482000 -2.808036 0.00000
4.518000 -2.808036 0.00000
4.554000 -2.808036 0.00000
4.590000 -2.808036 0.00000
4.626000 -2.808036 0.00000
4.662000 -2.808036 0.00000
4.698000 -2.808036 0.00000
4.734000 -2.808036 0.00000
4.770000 -2.808036 0.00000
4.806000 -2.808036 0.00000
4.842000 -2.808036 0.00000
4.878000 -2.808036 0.00000
4.914000 -2.808036 0.00000
4.950000 -2.808036 0.00000
4.986000 -2.808036 0.00000
5.022000 -2.808036 0.00000
5.058000 -2.808036 0.00000
5.094000 -2.808036 0.00000
5.130000 -2.808036 0.00000
5.166000 -2.808036 0.00000
5.202000 -2.808036 0.00000
5.238000 -2.808036 0.00000
5.274000 -2.808036 0.00000
5.310000 -2.808036 0.00000
5.346000 -2.808036 0.00000
5.382000 -2.808036 0.00000
0.018000 -2.777679 0.00000
0.054000 -2.777679 0.00000
0.090000 -2.777679 0.00000
0.126000 -2.777679 0.00000
0.162000 -2.777679 0.00000
0.198000 -2.777679 0.00000
0.234000 -2.777679 0.00000
0.270000 -2.777679 0.00000
0.306000 -2.777679 0.00000
0.342000 -2.777679 0.00000
0.378000 -2.777679 0.00000
0.414000 -2.777679 0.00000
0.450000 -2.777679 0.00000
0.486000 -2.777679 0.00000
0.522000 -2.777679 0.00000
0.558000 -2.777679 0.00000
0.594000 -2.777679 0.30103
0.630000 -2.777679 0.84510
0.666000 -2.777679 1.00000
0.702000 -2.777679 1.23045
0.738000 -2.777679 1.11394
0.774000 -2.777679 1.07918
0.810000 -2.777679 1.07918
0.846000 -2.777679 1.04139
0.882000 -2.777679 0.84510
0.918000 -2.777679 0.69897
0.954000 -2.777679 1.34242
0.990000 -2.777679 1.55630
1.026000 -2.777679 1.57978
1.062000 -2.777679 1.07918
1.098000 -2.777679 1.25527
1.134000 -2.777679 1.23045
1.170000 -2.777679 1.14613
1.206000 -2.777679 0.77815
1.242000 -2.777679 0.30103
1.278000 -2.777679 0.00000
1.314000 -2.777679 0.00000
1.350000 -2.777679 0.00000
1.386000 -2.777679 0.00000
1.422000 -2.777679 0.00000
1.458000 -2.777679 0.00000
1.494000 -2.777679 0.00000
1.530000 -2.777679 0.00000
1.566000 -2.777679 0.00000
1.602000 -2.777679 0.00000
1.638000 -2.777679 0.00000
1.674000 -2.777679 0.00000
1.710000 -2.777679 0.00000
1.746000 -2.777679 0.00000
1.782000 -2.777679 0.00000
1.818000 -2.777679 0.00000
1.854000 -2.777679 0.00000
1.890000 -2.777679 0.00000
1.926000 -2.777679 0.00000
1.962000 -2.777679 0.00000
1.998000 -2.777679 0.00000
2.034000 -2.777679 0.00000
2.070000 -2.777679 0.00000
2.106000 -2.777679 0.00000
2.142000 -2.777679 0.00000
2.178000 -2.777679 0.00000
2.214000 -2.777679 0.00000
2.250000 -2.777679 0.00000
2.286000 -2.777679 0.00000
2.322000 -2.777679 0.00000
2.358000 -2.777679 0.00000
2.394000 -2.777679 0.00000
2.430000 -2.777679 0.00000
2.466000 -2.777679 0.00000
2.502000 -2.777679 0.00000
2.538000 -2.777679 0.00000
2.574000 -2.777679 0.00000
2.610000 -2.777679 0.00000
2.646000 -2.777679 0.00000
2.682000 -2.777679 0.00000
2.718000 -2.777679 0.00000
2.754000 -2.777679 0.00000
2.790000 -2.777679 0.00000
2.826000 -2.777679 0.00000
2.862000 -2.777679 0.00000
2.898000 -2.777679 0.00000
2.934000 -2.777679 0.00000
2.970000 -2.777679 0.00000
3.006000 -2.777679 0.00000
3.042000 -2.777679 0.00000
3.078000 -2.777679 0.00000
3.114000 -2.777679 0.00000
3.150000 -2.777679 0.00000
3.186000 -2.777679 0.00000
3.222000 -2.777679 0.00000
3.258000 -2.777679 0.00000
3.294000 -2.777679 0.00000
3.330000 -2.777679 0.00000
3.366000 -2.777679 0.00000
3.402000 -2.777679 0.00000
3.438000 -2.777679 0.00000
3.474000 -2.777679 0.00000
3.510000 -2.777679 0.00000
3.546000 -2.777679 0.00000
3.582000 -2.777679 0.00000
3.618000 -2.777679 0.00000
3.654000 -2.777679 0.00000
3.690000 -2.777679 0.00000
3.726000 -2.777679 0.00000
3.762000 -2.777679 0.00000
3.798000 -2.777679 0.00000
3.834000 -2.777679 0.00000
3.870000 -2.777679 0.00000
3.906000 -2.777679 0.00000
3.942000 -2.777679 0.00000
3.978000 -2.777679 0.00000
4.014000 -2.777679 0.00000
4.050000 -2.777679 0.00000
4.086000 -2.777679 0.00000
4.122000 -2.777679 0.00000
4.158000 -2.777679 0.00000
4.194000 -2.777679 0.00000
4.230000 -2.777679 0.00000
4.266000 -2.777679 0.00000
4.302000 -2.777679 0.00000
4.338000 -2.777679 0.00000
4.374000 -2.777679 0.00000
4.410000 -2.777679 0.00000
4.446000 -2.777679 0.00000
4.482000 -2.777679 0.00000
4.518000 -2.777679 0.00000
4.554000 -2.777679 0.00000
4.590000 -2.777679 0.00000
4.626000 -2.777679 0.00000
4.662000 -2.777679 0.00000
4.698000 -2.777679 0.00000
4.734000 -2.777679 0.00000
4.770000 -2.777679 0.00000
4.806000 -2.777679 0.00000
4.842000 -2.777679 0.00000
4.878000 -2.777679 0.00000
4.914000 -2.777679 0.00000
4.950000 -2.777679 0.00000
4.986000 -2.777679 0.00000
5.022000 -2.777679 0.00000
5.058000 -2.777679 0.00000
5.094000 -2.777679 0.00000
5.130000 -2.777679 0.00000
5.166000 -2.777679 0.00000
5.202000 -2.777679 0.00000
5.238000 -2.777679 0.00000
5.274000 -2.777679 0.00000
5.310000 -2.777679 0.00000
5.346000 -2.777679 0.00000
5.382000 -2.777679 0.00000
0.018000 -2.747321 0.00000
0.054000 -2.747321 0.00000
0.090000 -2.747321 0.00000
0.126000 -2.747321 0.00000
0.162000 -2.747321 0.00000
0.198000 -2.747321 0.00000
0.234000 -2.747321 0.00000
0.270000 -2.747321 0.00000
0.306000 -2.747321 0.00000
0.342000 -2.747321 0.00000
0.378000 -2.747321 0.00000
0.414000 -2.747321 0.00000
0.450000 -2.747321 0.00000
0.486000 -2.747321 0.00000
0.522000 -2.747321 0.00000
0.558000 -2.747321 0.00000
0.594000 -2.747321 0.60206
0.630000 -2.747321 0.60206
0.666000 -2.747321 0.77815
0.702000 -2.747321 1.00000
0.738000 -2.747321 0.84510
0.774000 -2.747321 0.69897
0.810000 -2.747321 0.84510
0.846000 -2.747321 0.77815
0.882000 -2.747321 1.04139
0.918000 -2.747321 1.39794
0.954000 -2.747321 1.34242
0.990000 -2.747321 1.32222
1.026000 -2.747321 1.51851
1.062000 -2.747321 1.00000
1.098000 -2.747321 0.95424
1.134000 -2.747321 1.11394
1.170000 -2.747321 1.11394
1.206000 -2.747321 1.41497
1.242000 -2.747321 0.77815
1.278000 -2.747321 0.30103
1.314000 -2.747321 0.00000
1.350000 -2.747321 0.00000
1.386000 -2.747321 0.00000
1.422000 -2.747321 0.00000
1.458000 -2.747321 0.00000
1.494000 -2.747321 0.00000
1.530000 -2.747321 1.04139
1.566000 -2.747321 0.30103
1.602000 -2.747321 0.00000
1.638000 -2.747321 0.00000
1.674000 -2.747321 0.00000
1.710000 -2.747321 0.00000
1.746000 -2.747321 0.00000
1.782000 -2.747321 0.00000
1.818000 -2.747321 0.00000
1.854000 -2.747321 0.00000
1.890000 -2.747321 0.00000
1.926000 -2.747321 0.00000
1.962000 -2.747321 0.00000
1.998000 -2.747321 0.00000
2.034000 -2.747321 0.00000
2.070000 -2.747321 0.00000
2.106000 -2.747321 0.00000
2.142000 -2.747321 0.00000
2.178000 -2.747321 0.00000
2.214000 -2.747321 0.00000
2.250000 -2.747321 0.00000
2.286000 -2.747321 0.00000
2.322000 -2.747321 0.00000
2.358000 -2.747321 0.00000
2.394000 -2.747321 0.00000
2.430000 -2.747321 0.00000
2.466000 -2.747321 0.00000
2.502000 -2.747321 0.00000
2.538000 -2.747321 0.00000
2.574000 -2.747321 0.00000
2.610000 -2.747321 0.00000
2.646000 -2.747321 0.00000
2.682000 -2.747321 0.00000
2.718000 -2.747321 0.00000
2.754000 -2.747321 0.00000
2.790000 -2.747321 0.00000
2.826000 -2.747321 0.00000
2.862000 -2.747321 0.00000
2.898000 -2.747321 0.00000
2.934000 -2.747321 0.00000
2.970000 -2.747321 0.00000
3.006000 -2.747321 0.00000
3.042000 -2.747321 0.00000
3.078000 -2.747321 0.00000
3.114000 -2.747321 0.00000
3.150000 -2.747321 0.00000
3.186000 -2.747321 0.00000
3.222000 -2.747321 0.00000
3.258000 -2.747321 0.00000
3.294000 -2.747321 0.00000
3.330000 -2.747321 0.00000
3.366000 -2.747321 0.00000
3.402000 -2.747321 0.00000
3.438000 -2.747321 0.00000
3.474000 -2.747321 0.00000
3.510000 -2.747321 0.00000
3.546000 -2.747321 0.00000
3.582000 -2.747321 0.00000
3.618000 -2.747321 0.00000
3.654000 -2.747321 0.00000
3.690000 -2.747321 0.00000
3.726000 -2.747321 0.00000
3.762000 -2.747321 0.00000
3.798000 -2.747321 0.00000
3.834000 -2.747321 0.00000
3.870000 -2.747321 0.00000
3.906000 -2.747321 0.00000
3.942000 -2.747321 0.00000
3.978000 -2.747321 0.00000
4.014000 -2.747321 0.00000
4.050000 -2.747321 0.00000
4.086000 -2.747321 0.00000
4.122000 -2.747321 0.00000
4.158000 -2.747321 0.00000
4.194000 -2.747321 0.00000
4.230000 -2.747321 0.00000
4.266000 -2.747321 0.00000
4.302000 -2.747321 0.00000
4.338000 -2.747321 0.00000
4.374000 -2.747321 0.00000
4.410000 -2.747321 0.00000
4.446000 -2.747321 0.00000
4.482000 -2.747321 0.00000
4.518000 -2.747321 0.00000
4.554000 -2.747321 0.00000
4.590000 -2.747321 0.00000
4.626000 -2.747321 0.00000
4.662000 -2.747321 0.00000
4.698000 -2.747321 0.00000
4.734000 -2.747321 0.00000
4.770000 -2.747321 0.00000
4.806000 -2.747321 0.00000
4.842000 -2.747321 0.00000
4.878000 -2.747321 0.00000
4.914000 -2.747321 0.00000
4.950000 -2.747321 0.00000
4.986000 -2.747321 0.00000
5.022000 -2.747321 0.00000
5.058000 -2.747321 0.00000
5.094000 -2.747321 0.00000
5.130000 -2.747321 0.00000
5.166000 -2.747321 0.00000
5.202000 -2.747321 0.00000
5.238000 -2.747321 0.00000
5.274000 -2.747321 0.00000
5.310000 -2.747321 0.00000
5.346000 -2.747321 0.00000
5.382000 -2.747321 0.00000
0.018000 -2.716964 0.00000
0.054000 -2.716964 0.00000
0.090000 -2.716964 0.00000
0.126000 -2.716964 0.00000
0.162000 -2.716964 0.00000
0.198000 -2.716964 0.00000
0.234000 -2.716964 0.00000
0.270000 -2.716964 0.00000
0.306000 -2.716964 0.00000
0.342000 -2.716964 0.00000
0.378000 -2.716964 0.00000
0.414000 -2.716964 0.00000
0.450000 -2.716964 0.00000
0.486000 -2.716964 0.00000
0.522000 -2.716964 0.00000
0.558000 -2.716964 0.00000
0.594000 -2.716964 0.00000
0.630000 -2.716964 0.47712
0.666000 -2.716964 1.04139
0.702000 -2.716964 1.07918
0.738000 -2.716964 0.77815
0.774000 -2.716964 0.47712
0.810000 -2.716964 0.00000
0.846000 -2.716964 0.69897
0.882000 -2.716964 0.47712
0.918000 -2.716964 1.34242
0.954000 -2.716964 1.30103
0.990000 -2.716964 1.23045
1.026000 -2.716964 1.57978
1.062000 -2.716964 1.00000
1.098000 -2.716964 0.95424
1.134000 -2.716964 1.04139
1.170000 -2.716964 1.07918
1.206000 -2.716964 1.14613
1.242000 -2.716964 0.60206
1.278000 -2.716964 0.90309
1.314000 -2.716964 0.00000
1.350000 -2.716964 0.00000
1.386000 -2.716964 0.00000
1.422000 -2.716964 0.00000
1.458000 -2.716964 0.00000
1.494000 -2.716964 0.60206
1.530000 -2.716964 1.25527
1.566000 -2.716964 1.39794
1.602000 -2.716964 1.23045
1.638000 -2.716964 0.77815
1.674000 -2.716964 0.00000
1.710000 -2.716964 0.00000
1.746000 -2.716964 0.00000
1.782000 -2.716964 0.00000
1.818000 -2.716964 0.00000
1.854000 -2.716964 0.00000
1.890000 -2.716964 0.00000
1.926000 -2.716964 0.00000
1.962000 -2.716964 0.00000
1.998000 -2.716964 0.00000
2.034000 -2.716964 0.00000
2.070000 -2.716964 0.00000
2.106000 -2.716964 0.00000
2.142000 -2.716964 0.00000
2.178000 -2.716964 0.00000
2.214000 -2.716964 0.00000
2.250000 -2.716964 0.00000
2.286000 -2.716964 0.00000
2.322000 -2.716964 0.00000
2.358000 -2.716964 0.00000
2.394000 -2.716964 0.00000
2.430000 -2.716964 0.00000
2.466000 -2.716964 0.00000
2.502000 -2.716964 0.00000
2.538000 -2.716964 0.00000
2.574000 -2.716964 0.00000
2.610000 -2.716964 0.00000
2.646000 -2.716964 0.00000
2.682000 -2.716964 0.00000
2.718000 -2.716964 0.00000
2.754000 -2.716964 0.00000
2.790000 -2.716964 0.00000
2.826000 -2.716964 0.00000
2.862000 -2.716964 0.00000
2.898000 -2.716964 0.00000
2.934000 -2.716964 0.00000
2.970000 -2.716964 0.00000
3.006000 -2.716964 0.00000
3.042000 -2.716964 0.00000
3.078000 -2.716964 0.00000
3.114000 -2.716964 0.00000
3.150000 -2.716964 0.00000
3.186000 -2.716964 0.00000
3.222000 -2.716964 0.00000
3.258000 -2.716964 0.00000
3.294000 -2.716964 0.00000
3.330000 -2.716964 0.00000
3.366000 -2.716964 0.00000
3.402000 -2.716964 0.00000
3.438000 -2.716964 0.00000
3.474000 -2.716964 0.00000
3.510000 -2.716964 0.00000
3.546000 -2.716964 0.00000
3.582000 -2.716964 0.00000
3.618000 -2.716964 0.00000
3.654000 -2.716964 0.00000
3.690000 -2.716964 0.00000
3.726000 -2.716964 0.00000
3.762000 -2.716964 0.00000
3.798000 -2.716964 0.00000
3.834000 -2.716964 0.00000
3.870000 -2.716964 0.00000
3.906000 -2.716964 0.00000
3.942000 -2.716964 0.00000
3.978000 -2.716964 0.00000
4.014000 -2.716964 0.00000
4.050000 -2.716964 0.00000
4.086000 -2.716964 0.00000
4.122000 -2.716964 0.00000
4.158000 -2.716964 0.00000
4.194000 -2.716964 0.00000
4.230000 -2.716964 0.00000
4.266000 -2.716964 0.00000
4.302000 -2.716964 0.00000
4.338000 -2.716964 0.00000
4.374000 -2.716964 0.00000
4.410000 -2.716964 0.00000
4.446000 -2.716964 0.00000
4.482000 -2.716964 0.00000
4.518000 -2.716964 0.00000
4.554000 -2.716964 0.00000
4.590000 -2.716964 0.00000
4.626000 -2.716964 0.00000
4.662000 -2.716964 0.00000
4.698000 -2.716964 0.00000
4.734000 -2.716964 0.00000
4.770000 -2.716964 0.00000
4.806000 -2.716964 0.00000
4.842000 -2.716964 0.00000
4.878000 -2.716964 0.00000
4.914000 -2.716964 0.00000
4.950000 -2.716964 0.00000
4.986000 -2.716964 0.00000
5.022000 -2.716964 0.00000
5.058000 -2.716964 0.00000
5.094000 -2.716964 0.00000
5.130000 -2.716964 0.00000
5.166000 -2.716964 0.00000
5.202000 -2.716964 0.00000
5.238000 -2.716964 0.00000
5.274000 -2.716964 0.00000
5.310000 -2.716964 0.00000
5.346000 -2.716964 0.00000
5.382000 -2.716964 0.00000
0.018000 -2.686607 0.00000
0.054000 -2.686607 0.00000
0.090000 -2.686607 0.00000
0.126000 -2.686607 0.00000
0.162000 -2.686607 0.00000
0.198000 -2.686607 0.00000
0.234000 -2.686607 0.00000
0.270000 -2.686607 0.00000
0.306000 -2.686607 0.00000
0.342000 -2.686607 0.00000
0.378000 -2.686607 0.00000
0.414000 -2.686607 0.00000
0.450000 -2.686607 0.00000
0.486000 -2.686607 0.00000
0.522000 -2.686607 0.00000
0.558000 -2.686607 0.00000
0.594000 -2.686607 0.00000
0.630000 -2.686607 0.30103
0.666000 -2.686607 0.95424
0.702000 -2.686607 0.69897
0.738000 -2.686607 0.77815
0.774000 -2.686607 0.00000
0.810000 -2.686607 0.00000
0.846000 -2.686607 0.00000
0.882000 -2.686607 0.00000
0.918000 -2.686607 0.30103
0.954000 -2.686607 1.25527
0.990000 -2.686607 1.32222
1.026000 -2.686607 1.47712
1.062000 -2.686607 0.77815
1.098000 -2.686607 0.95424
1.134000 -2.686607 0.77815
1.170000 -2.686607 1.07918
1.206000 -2.686607 1.00000
1.242000 -2.686607 0.95424
1.278000 -2.686607 1.30103
1.314000 -2.686607 0.90309
1.350000 -2.686607 0.00000
1.386000 -2.686607 0.00000
1.422000 -2.686607 0.00000
1.458000 -2.686607 0.00000
1.494000 -2.686607 0.60206
1.530000 -2.686607 1.25527
1.566000 -2.686607 1.11394
1.602000 -2.686607 1.38021
1.638000 -2.686607 1.32222
1.674000 -2.686607 1.07918
1.710000 -2.686607 0.60206
1.746000 -2.686607 0.30103
1.782000 -2.686607 0.00000
1.818000 -2.686607 0.00000
1.854000 -2.686607 0.00000
1.890000 -2.686607 0.00000
1.926000 -2.686607 0.00000
1.962000 -2.686607 0.00000
1.998000 -2.686607 0.00000
2.034000 -2.686607 0.00000
2.070000 -2.686607 0.00000
2.106000 -2.686607 0.00000
2.142000 -2.686607 0.00000
2.178000 -2.686607 0.00000
2.214000 -2.686607 0.00000
2.250000 -2.686607 0.00000
2.286000 -2.686607 0.00000
2.322000 -2.686607 0.00000
2.358000 -2.686607 0.00000
2.394000 -2.686607 0.00000
2.430000 -2.686607 0.00000
2.466000 -2.686607 0.00000
2.502000 -2.686607 0.00000
2.538000 -2.686607 0.00000
2.574000 -2.686607 0.00000
2.610000 -2.686607 0.00000
2.646000 -2.686607 0.00000
2.682000 -2.686607 0.00000
2.718000 -2.686607 0.00000
2.754000 -2.686607 0.00000
2.790000 -2.686607 0.00000
2.826000 -2.686607 0.00000
2.862000 -2.686607 0.00000
2.898000 -2.686607 0.00000
2.934000 -2.686607 0.00000
2.970000 -2.686607 0.00000
3.006000 -2.686607 0.00000
3.042000 -2.686607 0.00000
3.078000 -2.686607 0.00000
3.114000 -2.686607 0.00000
3.150000 -2.686607 0.00000
3.186000 -2.686607 0.00000
3.222000 -2.686607 0.00000
3.258000 -2.686607 0.00000
3.294000 -2.686607 0.00000
3.330000 -2.686607 0.00000
3.366000 -2.686607 0.00000
3.402000 -2.686607 0.00000
3.438000 -2.686607 0.00000
3.474000 -2.686607 0.00000
3.510000 -2.686607 0.00000
3.546000 -2.686607 0.00000
3.582000 -2.686607 0.00000
3.618000 -2.686607 0.00000
3.654000 -2.686607 0.00000
3.690000 -2.686607 0.00000
3.726000 -2.686607 0.00000
3.762000 -2.686607 0.00000
3.798000 -2.686607 0.00000
3.834000 -2.686607 0.00000
3.870000 -2.686607 0.00000
3.906000 -2.686607 0.00000
3.942000 -2.686607 0.00000
3.978000 -2.686607 0.00000
4.014000 -2.686607 0.00000
4.050000 -2.686607 0.00000
4.086000 -2.686607 0.00000
4.122000 -2.686607 0.00000
4.158000 -2.686607 0.00000
4.194000 -2.686607 0.00000
4.230000 -2.686607 0.00000
4.266000 -2.686607 0.00000
4.302000 -2.686607 0.00000
4.338000 -2.686607 0.00000
4.374000 -2.686607 0.00000
4.410000 -2.686607 0.00000
4.446000 -2.686607 0.00000
4.482000 -2.686607 0.00000
4.518000 -2.686607 0.00000
4.554000 -2.686607 0.00000
4.590000 -2.686607 0.00000
4.626000 -2.686607 0.00000
4.662000 -2.686607 0.00000
4.698000 -2.686607 0.00000
4.734000 -2.686607 0.00000
4.770000 -2.686607 0.00000
4.806000 -2.686607 0.00000
4.842000 -2.686607 0.00000
4.878000 -2.686607 0.00000
4.914000 -2.686607 0.00000
4.950000 -2.686607 0.00000
4.986000 -2.686607 0.00000
5.022000 -2.686607 0.00000
5.058000 -2.686607 0.00000
5.094000 -2.686607 0.00000
5.130000 -2.686607 0.00000
5.166000 -2.686607 0.00000
5.202000 -2.686607 0.00000
5.238000 -2.686607 0.00000
5.274000 -2.686607 0.00000
5.310000 -2.686607 0.00000
5.346000 -2.686607 0.00000
5.382000 -2.686607 0.00000
0.018000 -2.656250 0.00000
0.054000 -2.656250 0.00000
0.090000 -2.656250 0.00000
0.126000 -2.656250 0.00000
0.162000 -2.656250 0.00000
0.198000 -2.656250 0.00000
0.234000 -2.656250 0.00000
0.270000 -2.656250 0.00000
0.306000 -2.656250 0.00000
0.342000 -2.656250 0.00000
0.378000 -2.656250 0.00000
0.414000 -2.656250 0.00000
0.450000 -2.656250 0.00000
0.486000 -2.656250 0.00000
0.522000 -2.656250 0.00000
0.558000 -2.656250 0.00000
0.594000 -2.656250 0.00000
0.630000 -2.656250 0.69897
0.666000 -2.656250 0.69897
0.702000 -2.656250 0.30103
0.738000 -2.656250 0.47712
0.774000 -2.656250 0.30103
0.810000 -2.656250 0.00000
0.846000 -2.656250 0.00000
0.882000 -2.656250 0.00000
0.918000 -2.656250 0.00000
0.954000 -2.656250 1.00000
0.990000 -2.656250 1.27875
1.026000 -2.656250 1.38021
1.062000 -2.656250 0.95424
1.098000 -2.656250 0.84510
1.134000 -2.656250 0.84510
1.170000 -2.656250 1.04139
1.206000 -2.656250 0.60206
1.242000 -2.656250 1.04139
1.278000 -2.656250 1.04139
1.314000 -2.656250 0.69897
1.350000 -2.656250 0.69897
1.386000 -2.656250 0.30103
1.422000 -2.656250 0.00000
1.458000 -2.656250 0.00000
1.494000 -2.656250 0.30103
1.530000 -2.656250 1.11394
1.566000 -2.656250 0.90309
1.602000 -2.656250 1.30103
1.638000 -2.656250 1.25527
1.674000 -2.656250 1.39794
1.710000 -2.656250 1.04139
1.746000 -2.656250 1.07918
1.782000 -2.656250 0.69897
1.818000 -2.656250 0.00000
1.854000 -2.656250 0.00000
1.890000 -2.656250 0.00000
1.926000 -2.656250 0.00000
1.962000 -2.656250 0.00000
1.998000 -2.656250 0.30103
2.034000 -2.656250 0.90309
2.070000 -2.656250 1.00000
2.106000 -2.656250 1.41497
2.142000 -2.656250 0.47712
2.178000 -2.656250 0.00000
2.214000 -2.656250 0.00000
2.250000 -2.656250 0.00000
2.286000 -2.656250 0.00000
2.322000 -2.656250 0.00000
2.358000 -2.656250 0.00000
2.394000 -2.656250 0.00000
2.430000 -2.656250 0.00000
2.466000 -2.656250 0.00000
2.502000 -2.656250 0.00000
2.538000 -2.656250 0.00000
2.574000 -2.656250 0.00000
2.610000 -2.656250 0.00000
2.646000 -2.656250 0.00000
2.682000 -2.656250 0.00000
2.718000 -2.656250 0.00000
2.754000 -2.656250 0.00000
2.790000 -2.656250 0.00000
2.826000 -2.656250 0.00000
2.862000 -2.656250 0.00000
2.898000 -2.656250 0.00000
2.934000 -2.656250 0.00000
2.970000 -2.656250 0.00000
3.006000 -2.656250 0.00000
3.042000 -2.656250 0.00000
3.078000 -2.656250 0.00000
3.114000 -2.656250 0.00000
3.150000 -2.656250 0.00000
3.186000 -2.656250 0.00000
3.222000 -2.656250 0.00000
3.258000 -2.656250 0.00000
3.294000 -2.656250 0.00000
3.330000 -2.656250 0.00000
3.366000 -2.656250 0.00000
3.402000 -2.656250 0.00000
3.438000 -2.656250 0.00000
3.474000 -2.656250 0.00000
3.510000 -2.656250 0.00000
3.546000 -2.656250 0.00000
3.582000 -2.656250 0.00000
3.618000 -2.656250 0.00000
3.654000 -2.656250 0.00000
3.690000 -2.656250 0.00000
3.726000 -2.656250 0.00000
3.762000 -2.656250 0.00000
3.798000 -2.656250 0.00000
3.834000 -2.656250 0.00000
3.870000 -2.656250 0.00000
3.906000 -2.656250 0.00000
3.942000 -2.656250 0.00000
3.978000 -2.656250 0.00000
4.014000 -2.656250 0.00000
4.050000 -2.656250 0.00000
4.086000 -2.656250 0.00000
4.122000 -2.656250 0.00000
4.158000 -2.656250 0.00000
4.194000 -2.656250 0.00000
4.230000 -2.656250 0.00000
4.266000 -2.656250 0.00000
4.302000 -2.656250 0.00000
4.338000 -2.656250 0.00000
4.374000 -2.656250 0.00000
4.410000 -2.656250 0.00000
4.446000 -2.656250 0.00000
4.482000 -2.656250 0.00000
4.518000 -2.656250 0.00000
4.554000 -2.656250 0.00000
4.590000 -2.656250 0.00000
4.626000 -2.656250 0.00000
4.662000 -2.656250 0.00000
4.698000 -2.656250 0.00000
4.734000 -2.656250 0.00000
4.770000 -2.656250 0.00000
4.806000 -2.656250 0.00000
4.842000 -2.656250 0.00000
4.878000 -2.656250 0.00000
4.914000 -2.656250 0.00000
4.950000 -2.656250 0.00000
4.986000 -2.656250 0.00000
5.022000 -2.656250 0.00000
5.058000 -2.656250 0.00000
5.094000 -2.656250 0.00000
5.130000 -2.656250 0.00000
5.166000 -2.656250 0.00000
5.202000 -2.656250 0.00000
5.238000 -2.656250 0.00000
5.274000 -2.656250 0.00000
5.310000 -2.656250 0.00000
5.346000 -2.656250 0.00000
5.382000 -2.656250 0.00000
0.018000 -2.625893 0.00000
0.054000 -2.625893 0.00000
0.090000 -2.625893 0.00000
0.126000 -2.625893 0.00000
0.162000 -2.625893 0.00000
0.198000 -2.625893 0.00000
0.234000 -2.625893 0.00000
0.270000 -2.625893 0.00000
0.306000 -2.625893 0.00000
0.342000 -2.625893 0.00000
0.378000 -2.625893 0.00000
0.414000 -2.625893 0.00000
0.450000 -2.625893 0.00000
0.486000 -2.625893 0.00000
0.522000 -2.625893 0.00000
0.558000 -2.625893 0.00000
0.594000 -2.625893 0.00000
0.630000 -2.625893 0.30103
0.666000 -2.625893 0.60206
0.702000 -2.625893 0.47712
0.738000 -2.625893 0.60206
0.774000 -2.625893 0.00000
0.810000 -2.625893 0.00000
0.846000 -2.625893 0.00000
0.882000 -2.625893 0.00000
0.918000 -2.625893 0.00000
0.954000 -2.625893 0.90309
0.990000 -2.625893 1.11394
1.026000 -2.625893 1.07918
1.062000 -2.625893 0.69897
1.098000 -2.625893 0.69897
1.134000 -2.625893 0.69897
1.170000 -2.625893 0.77815
1.206000 -2.625893 0.69897
1.242000 -2.625893 1.14613
1.278000 -2.625893 1.04139
1.314000 -2.625893 1.27875
1.350000 -2.625893 0.69897
1.386000 -2.625893 0.30103
1.422000 -2.625893 0.00000
1.458000 -2.625893 0.00000
1.494000 -2.625893 0.60206
1.530000 -2.625893 0.95424
1.566000 -2.625893 1.07918
1.602000 -2.625893 1.07918
1.638000 -2.625893 1.25527
1.674000 -2.625893 1.17609
1.710000 -2.625893 1.25527
1.746000 -2.625893 0.77815
1.782000 -2.625893 1.04139
1.818000 -2.625893 1.07918
1.854000 -2.625893 0.47712
1.890000 -2.625893 0.00000
1.926000 -2.625893 0.00000
1.962000 -2.625893 1.00000
1.998000 -2.625893 1.32222
2.034000 -2.625893 1.47712
2.070000 -2.625893 1.49136
2.106000 -2.625893 1.88649
2.142000 -2.625893 1.54407
2.178000 -2.625893 1.57978
2.214000 -2.625893 1.23045
2.250000 -2.625893 0.47712
2.286000 -2.625893 0.30103
2.322000 -2.625893 0.00000
2.358000 -2.625893 0.00000
2.394000 -2.625893 0.00000
2.430000 -2.625893 0.00000
2.466000 -2.625893 0.00000
2.502000 -2.625893 0.00000
2.538000 -2.625893 0.00000
2.574000 -2.625893 0.00000
2.610000 -2.625893 0.00000
2.646000 -2.625893 0.00000
2.682000 -2.625893 0.00000
2.718000 -2.625893 0.00000
2.754000 -2.625893 0.00000
2.790000 -2.625893 0.00000
2.826000 -2.625893 0.00000
2.862000 -2.625893 0.00000
2.898000 -2.625893 0.00000
2.934000 -2.625893 0.00000
2.970000 -2.625893 0.00000
3.006000 -2.625893 0.00000
3.042000 -2.625893 0.00000
3.078000 -2.625893 0.00000
3.114000 -2.625893 0.00000
3.150000 -2.625893 0.00000
3.186000 -2.625893 0.00000
3.222000 -2.625893 0.00000
3.258000 -2.625893 0.00000
3.294000 -2.625893 0.00000
3.330000 -2.625893 0.00000
3.366000 -2.625893 0.00000
3.402000 -2.625893 0.00000
3.438000 -2.625893 0.00000
3.474000 -2.625893 0.00000
3.510000 -2.625893 0.00000
3.546000 -2.625893 0.00000
3.582000 -2.625893 0.00000
3.618000 -2.625893 0.00000
3.654000 -2.625893 0.00000
3.690000 -2.625893 0.00000
3.726000 -2.625893 0.00000
3.762000 -2.625893 0.00000
3.798000 -2.625893 0.00000
3.834000 -2.625893 0.00000
3.870000 -2.625893 0.00000
3.906000 -2.625893 0.00000
3.942000 -2.625893 0.00000
3.978000 -2.625893 0.00000
4.014000 -2.625893 0.00000
4.050000 -2.625893 0.00000
4.086000 -2.625893 0.00000
4.122000 -2.625893 0.00000
4.158000 -2.625893 0.00000
4.194000 -2.625893 0.00000
4.230000 -2.625893 0.00000
4.266000 -2.625893 0.00000
4.302000 -2.625893 0.00000
4.338000 -2.625893 0.00000
4.374000 -2.625893 0.00000
4.410000 -2.625893 0.00000
4.446000 -2.625893 0.00000
4.482000 -2.625893 0.00000
4.518000 -2.625893 0.00000
4.554000 -2.625893 0.00000
4.590000 -2.625893 0.00000
4.626000 -2.625893 0.00000
4.662000 -2.625893 0.00000
4.698000 -2.625893 0.00000
4.734000 -2.625893 0.00000
4.770000 -2.625893 0.00000
4.806000 -2.625893 0.00000
4.842000 -2.625893 0.00000
4.878000 -2.625893 0.00000
4.914000 -2.625893 0.00000
4.950000 -2.625893 0.00000
4.986000 -2.625893 0.00000
5.022000 -2.625893 0.00000
5.058000 -2.625893 0.00000
5.094000 -2.625893 0.00000
5.130000 -2.625893 0.00000
5.166000 -2.625893 0.00000
5.202000 -2.625893 0.00000
5.238000 -2.625893 0.00000
5.274000 -2.625893 0.00000
5.310000 -2.625893 0.00000
5.346000 -2.625893 0.00000
5.382000 -2.625893 0.00000
0.018000 -2.595536 0.00000
0.054000 -2.595536 0.00000
0.090000 -2.595536 0.00000
0.126000 -2.595536 0.00000
0.162000 -2.595536 0.00000
0.198000 -2.595536 0.00000
0.234000 -2.595536 0.00000
0.270000 -2.595536 0.00000
0.306000 -2.595536 0.00000
0.342000 -2.595536 0.00000
0.378000 -2.595536 0.00000
0.414000 -2.595536 0.00000
0.450000 -2.595536 0.00000
0.486000 -2.595536 0.00000
0.522000 -2.595536 0.00000
0.558000 -2.595536 0.00000
0.594000 -2.595536 0.00000
0.630000 -2.595536 0.00000
0.666000 -2.595536 0.30103
0.702000 -2.595536 0.00000
0.738000 -2.595536 0.30103
0.774000 -2.595536 0.00000
0.810000 -2.595536 0.00000
0.846000 -2.595536 0.00000
0.882000 -2.595536 0.00000
0.918000 -2.595536 0.00000
0.954000 -2.595536 1.23045
0.990000 -2.595536 1.07918
1.026000 -2.595536 0.95424
1.062000 -2.595536 0.00000
1.098000 -2.595536 0.47712
1.134000 -2.595536 0.95424
1.170000 -2.595536 0.90309
1.206000 -2.595536 0.77815
1.242000 -2.595536 1.04139
1.278000 -2.595536 0.69897
1.314000 -2.595536 1.14613
1.350000 -2.595536 1.07918
1.386000 -2.595536 0.60206
1.422000 -2.595536 0.60206
1.458000 -2.595536 0.00000
1.494000 -2.595536 0.90309
1.530000 -2.595536 0.84510
1.566000 -2.595536 0.95424
1.602000 -2.595536 0.77815
1.638000 -2.595536 1.17609
1.674000 -2.595536 1.11394
1.710000 -2.595536 1.20412
1.746000 -2.595536 0.84510
1.782000 -2.595536 1.00000
1.818000 -2.595536 0.69897
1.854000 -2.595536 0.69897
1.890000 -2.595536 0.77815
1.926000 -2.595536 0.69897
1.962000 -2.595536 1.44716
1.998000 -2.595536 1.30103
2.034000 -2.595536 1.39794
2.070000 -2.595536 1.41497
2.106000 -2.595536 1.67210
2.142000 -2.595536 1.87506
2.178000 -2.595536 1.51851
2.214000 -2.595536 1.56820
2.250000 -2.595536 1.54407
2.286000 -2.595536 1.46240
2.322000 -2.595536 0.47712
2.358000 -2.595536 0.95424
2.394000 -2.595536 0.00000
2.430000 -2.595536 0.00000
2.466000 -2.595536 0.00000
2.502000 -2.595536 0.00000
2.538000 -2.595536 0.00000
2.574000 -2.595536 0.00000
2.610000 -2.595536 0.00000
2.646000 -2.595536 1.14613
2.682000 -2.595536 1.14613
2.718000 -2.595536 0.84510
2.754000 -2.595536 0.30103
2.790000 -2.595536 0.00000
2.826000 -2.595536 0.00000
2.862000 -2.595536 0.00000
2.898000 -2.595536 0.00000
2.934000 -2.595536 0.00000
2.970000 -2.595536 0.00000
3.006000 -2.595536 0.00000
3.042000 -2.595536 0.00000
3.078000 -2.595536 0.00000
3.114000 -2.595536 0.00000
3.150000 -2.595536 0.00000
3.186000 -2.595536 0.00000
3.222000 -2.595536 0.00000
3.258000 -2.595536 0.00000
3.294000 -2.595536 0.00000
3.330000 -2.595536 0.00000
3.366000 -2.595536 0.00000
3.402000 -2.595536 0.00000
3.438000 -2.595536 0.00000
3.474000 -2.595536 0.00000
3.510000 -2.595536 0.00000
3.546000 -2.595536 0.00000
3.582000 -2.595536 0.00000
3.618000 -2.595536 0.00000
3.654000 -2.595536 0.00000
3.690000 -2.595536 0.00000
3.726000 -2.595536 0.00000
3.762000 -2.595536 0.00000
3.798000 -2.595536 0.00000
3.834000 -2.595536 0.00000
3.870000 -2.595536 0.00000
3.906000 -2.595536 0.00000
3.942000 -2.595536 0.00000
3.978000 -2.595536 0.00000
4.014000 -2.595536 0.00000
4.050000 -2.595536 0.00000
4.086000 -2.595536 0.00000
4.122000 -2.595536 0.00000
4.158000 -2.595536 0.00000
4.194000 -2.595536 0.00000
4.230000 -2.595536 0.00000
4.266000 -2.595536 0.00000
4.302000 -2.595536 0.00000
4.338000 -2.595536 0.00000
4.374000 -2.595536 0.00000
4.410000 -2.595536 0.00000
4.446000 -2.595536 0.00000
4.482000 -2.595536 0.00000
4.518000 -2.595536 0.00000
4.554000 -2.595536 0.00000
4.590000 -2.595536 0.00000
4.626000 -2.595536 0.00000
4.662000 -2.595536 0.00000
4.698000 -2.595536 0.00000
4.734000 -2.595536 0.00000
4.770000 -2.595536 0.00000
4.806000 -2.595536 0.00000
4.842000 -2.595536 0.00000
4.878000 -2.595536 0.00000
4.914000 -2.595536 0.00000
4.950000 -2.595536 0.00000
4.986000 -2.595536 0.00000
5.022000 -2.595536 0.00000
5.058000 -2.595536 0.00000
5.094000 -2.595536 0.00000
5.130000 -2.595536 0.00000
5.166000 -2.595536 0.00000
5.202000 -2.595536 0.00000
5.238000 -2.595536 0.00000
5.274000 -2.595536 0.00000
5.310000 -2.595536 0.00000
5.346000 -2.595536 0.00000
5.382000 -2.595536 0.00000
0.018000 -2.565179 0.00000
0.054000 -2.565179 0.00000
0.090000 -2.565179 0.00000
0.126000 -2.565179 0.00000
0.162000 -2.565179 0.00000
0.198000 -2.565179 0.00000
0.234000 -2.565179 0.00000
0.270000 -2.565179 0.00000
0.306000 -2.565179 0.00000
0.342000 -2.565179 0.00000
0.378000 -2.565179 0.00000
0.414000 -2.565179 0.00000
0.450000 -2.565179 0.00000
0.486000 -2.565179 0.00000
0.522000 -2.565179 0.00000
0.558000 -2.565179 0.00000
0.594000 -2.565179 0.00000
0.630000 -2.565179 0.00000
0.666000 -2.565179 0.00000
0.702000 -2.565179 1.04139
0.738000 -2.565179 0.95424
0.774000 -2.565179 0.00000
0.810000 -2.565179 0.00000
0.846000 -2.565179 0.00000
0.882000 -2.565179 0.00000
0.918000 -2.565179 0.00000
0.954000 -2.565179 0.90309
0.990000 -2.565179 1.14613
1.026000 -2.565179 0.00000
1.062000 -2.565179 0.00000
1.098000 -2.565179 0.30103
1.134000 -2.565179 0.60206
1.170000 -2.565179 0.47712
1.206000 -2.565179 0.60206
1.242000 -2.565179 0.77815
1.278000 -2.565179 0.47712
1.314000 -2.565179 1.00000
1.350000 -2.565179 0.69897
1.386000 -2.565179 0.30103
1.422000 -2.565179 0.69897
1.458000 -2.565179 0.00000
1.494000 -2.565179 0.77815
1.530000 -2.565179 0.69897
1.566000 -2.565179 0.95424
1.602000 -2.565179 1.11394
1.638000 -2.565179 0.84510
1.674000 -2.565179 1.17609
1.710000 -2.565179 1.04139
1.746000 -2.565179 1.00000
1.782000 -2.565179 0.95424
1.818000 -2.565179 0.00000
1.854000 -2.565179 0.69897
1.890000 -2.565179 1.04139
1.926000 -2.565179 1.38021
1.962000 -2.565179 1.49136
1.998000 -2.565179 1.30103
2.034000 -2.565179 1.07918
2.070000 -2.565179 1.17609
2.106000 -2.565179 1.41497
2.142000 -2.565179 1.79239
2.178000 -2.565179 1.39794
2.214000 -2.565179 1.34242
2.250000 -2.565179 1.32222
2.286000 -2.565179 1.56820
2.322000 -2.565179 1.11394
2.358000 -2.565179 1.39794
2.394000 -2.565179 0.30103
2.430000 -2.565179 1.04139
2.466000 -2.565179 0.00000
2.502000 -2.565179 0.00000
2.538000 -2.565179 0.00000
2.574000 -2.565179 0.00000
2.610000 -2.565179 0.00000
2.646000 -2.565179 1.34242
2.682000 -2.565179 1.34242
2.718000 -2.565179 1.53148
2.754000 -2.565179 1.43136
2.790000 -2.565179 1.11394
2.826000 -2.565179 0.95424
2.862000 -2.565179 0.47712
2.898000 -2.565179 0.00000
2.934000 -2.565179 0.00000
2.970000 -2.565179 0.00000
3.006000 -2.565179 0.00000
3.042000 -2.565179 0.00000
3.078000 -2.565179 0.00000
3.114000 -2.565179 0.00000
3.150000 -2.565179 1.11394
3.186000 -2.565179 1.50515
3.222000 -2.565179 1.11394
3.258000 -2.565179 0.95424
3.294000 -2.565179 0.30103
3.330000 -2.565179 0.00000
3.366000 -2.565179 0.00000
3.402000 -2.565179 0.00000
3.438000 -2.565179 0.00000
3.474000 -2.565179 0.00000
3.510000 -2.565179 0.00000
3.546000 -2.565179 0.00000
3.582000 -2.565179 0.00000
3.618000 -2.565179 0.00000
3.654000 -2.565179 0.00000
3.690000 -2.565179 0.00000
3.726000 -2.565179 0.00000
3.762000 -2.565179 0.00000
3.798000 -2.565179 0.00000
3.834000 -2.565179 0.00000
3.870000 -2.565179 0.00000
3.906000 -2.565179 0.00000
3.942000 -2.565179 0.00000
3.978000 -2.565179 0.00000
4.014000 -2.565179 0.00000
4.050000 -2.565179 0.00000
4.086000 -2.565179 0.00000
4.122000 -2.565179 0.00000
4.158000 -2.565179 0.00000
4.194000 -2.565179 0.00000
4.230000 -2.565179 0.00000
4.266000 -2.565179 0.00000
4.302000 -2.565179 0.00000
4.338000 -2.565179 0.00000
4.374000 -2.565179 0.00000
4.410000 -2.565179 0.00000
4.446000 -2.565179 0.00000
4.482000 -2.565179 0.00000
4.518000 -2.565179 0.00000
4.554000 -2.565179 0.00000
4.590000 -2.565179 0.00000
4.626000 -2.565179 0.00000
4.662000 -2.565179 0.00000
4.698000 -2.565179 0.00000
4.734000 -2.565179 0.00000
4.770000 -2.565179 0.00000
4.806000 -2.565179 0.00000
4.842000 -2.565179 0.00000
4.878000 -2.565179 0.00000
4.914000 -2.565179 0.00000
4.950000 -2.565179 0.00000
4.986000 -2.565179 0.00000
5.022000 -2.565179 0.00000
5.058000 -2.565179 0.00000
5.094000 -2.565179 0.00000
5.130000 -2.565179 0.00000
5.166000 -2.565179 0.00000
5.202000 -2.565179 0.00000
5.238000 -2.565179 0.00000
5.274000 -2.565179 0.00000
5.310000 -2.565179 0.00000
5.346000 -2.565179 0.00000
5.382000 -2.565179 0.00000
0.018000 -2.534821 0.00000
0.054000 -2.534821 0.00000
0.090000 -2.534821 0.00000
0.126000 -2.534821 0.00000
0.162000 -2.534821 0.00000
0.198000 -2.534821 0.00000
0.234000 -2.534821 0.00000
0.270000 -2.534821 0.00000
0.306000 -2.534821 0.00000
0.342000 -2.534821 0.00000
0.378000 -2.534821 0.00000
0.414000 -2.534821 0.00000
0.450000 -2.534821 0.00000
0.486000 -2.534821 0.00000
0.522000 -2.534821 0.00000
0.558000 -2.534821 0.00000
0.594000 -2.534821 0.00000
0.630000 -2.534821 0.00000
0.666000 -2.534821 0.00000
0.702000 -2.534821 0.84510
0.738000 -2.534821 0.77815
0.774000 -2.534821 0.69897
0.810000 -2.534821 0.00000
0.846000 -2.534821 0.00000
0.882000 -2.534821 0.00000
0.918000 -2.534821 0.00000
0.954000 -2.534821 0.00000
0.990000 -2.534821 0.95424
1.026000 -2.534821 0.47712
1.062000 -2.534821 0.00000
1.098000 -2.534821 0.00000
1.134000 -2.534821 0.00000
1.170000 -2.534821 0.00000
1.206000 -2.534821 1.04139
1.242000 -2.534821 0.84510
1.278000 -2.534821 0.60206
1.314000 -2.534821 1.07918
1.350000 -2.534821 0.84510
1.386000 -2.534821 1.30103
1.422000 -2.534821 0.77815
1.458000 -2.534821 0.60206
1.494000 -2.534821 0.84510
1.530000 -2.534821 0.90309
1.566000 -2.534821 0.60206
1.602000 -2.534821 0.69897
1.638000 -2.534821 1.14613
1.674000 -2.534821 1.04139
1.710000 -2.534821 1.23045
1.746000 -2.534821 1.00000
1.782000 -2.534821 1.07918
1.818000 -2.534821 0.60206
1.854000 -2.534821 0.60206
1.890000 -2.534821 0.77815
1.926000 -2.534821 1.36173
1.962000 -2.534821 1.38021
1.998000 -2.534821 1.27875
2.034000 -2.534821 1.25527
2.070000 -2.534821 1.07918
2.106000 -2.534821 1.25527
2.142000 -2.534821 1.69020
2.178000 -2.534821 1.66276
2.214000 -2.534821 1.14613
2.250000 -2.534821 1.36173
2.286000 -2.534821 1.30103
2.322000 -2.534821 1.44716
2.358000 -2.534821 1.27875
2.394000 -2.534821 1.07918
2.430000 -2.534821 1.11394
2.466000 -2.534821 0.84510
2.502000 -2.534821 0.00000
2.538000 -2.534821 0.00000
2.574000 -2.534821 0.00000
2.610000 -2.534821 0.00000
2.646000 -2.534821 0.69897
2.682000 -2.534821 1.36173
2.718000 -2.534821 1.39794
2.754000 -2.534821 1.49136
2.790000 -2.534821 1.49136
2.826000 -2.534821 1.14613
2.862000 -2.534821 1.17609
2.898000 -2.534821 0.84510
2.934000 -2.534821 0.47712
2.970000 -2.534821 0.00000
3.006000 -2.534821 0.00000
3.042000 -2.534821 0.00000
3.078000 -2.534821 0.69897
3.114000 -2.534821 1.50515
3.150000 -2.534821 1.60206
3.186000 -2.534821 1.55630
3.222000 -2.534821 1.55630
3.258000 -2.534821 1.57978
3.294000 -2.534821 1.50515
3.330000 -2.534821 1.27875
3.366000 -2.534821 0.77815
3.402000 -2.534821 0.00000
3.438000 -2.534821 0.00000
3.474000 -2.534821 0.00000
3.510000 -2.534821 0.00000
3.546000 -2.534821 0.00000
3.582000 -2.534821 0.00000
3.618000 -2.534821 0.00000
3.654000 -2.534821 0.00000
3.690000 -2.534821 0.00000
3.726000 -2.534821 0.95424
3.762000 -2.534821 1.00000
3.798000 -2.534821 1.07918
3.834000 -2.534821 1.04139
3.870000 -2.534821 0.60206
3.906000 -2.534821 0.00000
3.942000 -2.534821 0.00000
3.978000 -2.534821 0.00000
4.014000 -2.534821 0.00000
4.050000 -2.534821 0.00000
4.086000 -2.534821 0.00000
4.122000 -2.534821 0.00000
4.158000 -2.534821 0.00000
4.194000 -2.534821 0.00000
4.230000 -2.534821 0.00000
4.266000 -2.534821 0.69897
4.302000 -2.534821 0.84510
4.338000 -2.534821 0.00000
4.374000 -2.534821 0.30103
4.410000 -2.534821 0.00000
4.446000 -2.534821 0.00000
4.482000 -2.534821 0.00000
4.518000 -2.534821 0.00000
4.554000 -2.534821 0.00000
4.590000 -2.534821 0.00000
4.626000 -2.534821 0.00000
4.662000 -2.534821 0.00000
4.698000 -2.534821 0.00000
4.734000 -2.534821 0.00000
4.770000 -2.534821 0.00000
4.806000 -2.534821 0.00000
4.842000 -2.534821 0.00000
4.878000 -2.534821 0.00000
4.914000 -2.534821 0.00000
4.950000 -2.534821 0.00000
4.986000 -2.534821 0.00000
5.022000 -2.534821 0.00000
5.058000 -2.534821 0.00000
5.094000 -2.534821 0.00000
5.130000 -2.534821 0.00000
5.166000 -2.534821 0.00000
5.202000 -2.534821 0.00000
5.238000 -2.534821 0.00000
5.274000 -2.534821 0.00000
5.310000 -2.534821 0.00000
5.346000 -2.534821 0.00000
5.382000 -2.534821 0.00000
0.018000 -2.504464 0.00000
0.054000 -2.504464 0.00000
0.090000 -2.504464 0.00000
0.126000 -2.504464 0.00000
0.162000 -2.504464 0.00000
0.198000 -2.504464 0.00000
0.234000 -2.504464 0.00000
0.270000 -2.504464 0.00000
0.306000 -2.504464 0.00000
0.342000 -2.504464 0.00000
0.378000 -2.504464 0.00000
0.414000 -2.504464 0.00000
0.450000 -2.504464 0.00000
0.486000 -2.504464 0.00000
0.522000 -2.504464 0.00000
0.558000 -2.504464 0.00000
0.594000 -2.504464 0.00000
0.630000 -2.504464 0.00000
0.666000 -2.504464 0.69897
0.702000 -2.504464 0.77815
0.738000 -2.504464 0.60206
0.774000 -2.504464 0.60206
0.810000 -2.504464 0.00000
0.846000 -2.504464 0.00000
0.882000 -2.504464 0.00000
0.918000 -2.504464 0.00000
0.954000 -2.504464 0.77815
0.990000 -2.504464 0.47712
1.026000 -2.504464 0.00000
1.062000 -2.504464 0.00000
1.098000 -2.504464 0.00000
1.134000 -2.504464 0.00000
1.170000 -2.504464 0.00000
1.206000 -2.504464 0.47712
1.242000 -2.504464 0.00000
1.278000 -2.504464 0.60206
1.314000 -2.504464 1.00000
1.350000 -2.504464 0.60206
1.386000 -2.504464 1.14613
1.422000 -2.504464 1.00000
1.458000 -2.504464 0.84510
1.494000 -2.504464 0.90309
1.530000 -2.504464 0.69897
1.566000 -2.504464 1.07918
1.602000 -2.504464 0.84510
1.638000 -2.504464 0.77815
1.674000 -2.504464 0.95424
1.710000 -2.504464 1.14613
1.746000 -2.504464 0.84510
1.782000 -2.504464 1.07918
1.818000 -2.504464 0.77815
1.854000 -2.504464 0.30103
1.890000 -2.504464 0.69897
1.926000 -2.504464 1.07918
1.962000 -2.504464 1.38021
1.998000 -2.504464 1.32222
2.034000 -2.504464 1.04139
2.070000 -2.504464 0.95424
2.106000 -2.504464 1.38021
2.142000 -2.504464 1.44716
2.178000 -2.504464 1.60206
2.214000 -2.504464 0.90309
2.250000 -2.504464 1.30103
2.286000 -2.504464 1.14613
2.322000 -2.504464 1.25527
2.358000 -2.504464 1.38021
2.394000 -2.504464 1.38021
2.430000 -2.504464 0.84510
2.466000 -2.504464 1.07918
2.502000 -2.504464 0.30103
2.538000 -2.504464 1.07918
2.574000 -2.504464 0.95424
2.610000 -2.504464 0.00000
2.646000 -2.504464 0.30103
2.682000 -2.504464 1.17609
2.718000 -2.504464 1.25527
2.754000 -2.504464 1.34242
2.790000 -2.504464 1.32222
2.826000 -2.504464 1.30103
2.862000 -2.504464 1.04139
2.898000 -2.504464 1.04139
2.934000 -2.504464 0.90309
2.970000 -2.504464 0.60206
3.006000 -2.504464 0.00000
3.042000 -2.504464 0.00000
3.078000 -2.504464 1.34242
3.114000 -2.504464 1.43136
3.150000 -2.504464 1.53148
3.186000 -2.504464 1.34242
3.222000 -2.504464 1.38021
3.258000 -2.504464 1.34242
3.294000 -2.504464 1.54407
3.330000 -2.504464 1.53148
3.366000 -2.504464 1.47712
3.402000 -2.504464 1.00000
3.438000 -2.504464 0.47712
3.474000 -2.504464 0.00000
3.510000 -2.504464 0.00000
3.546000 -2.504464 0.00000
3.582000 -2.504464 0.00000
3.618000 -2.504464 0.00000
3.654000 -2.504464 0.00000
3.690000 -2.504464 0.00000
3.726000 -2.504464 0.47712
3.762000 -2.504464 0.95424
3.798000 -2.504464 1.07918
3.834000 -2.504464 1.20412
3.870000 -2.504464 1.32222
3.906000 -2.504464 1.17609
3.942000 -2.504464 1.17609
3.978000 -2.504464 0.60206
4.014000 -2.504464 0.00000
4.050000 -2.504464 0.00000
4.086000 -2.504464 0.00000
4.122000 -2.504464 0.00000
4.158000 -2.504464 0.00000
4.194000 -2.504464 0.00000
4.230000 -2.504464 0.00000
4.266000 -2.504464 0.47712
4.302000 -2.504464 1.00000
4.338000 -2.504464 1.25527
4.374000 -2.504464 1.41497
4.410000 -2.504464 1.20412
4.446000 -2.504464 0.69897
4.482000 -2.504464 1.07918
4.518000 -2.504464 0.00000
4.554000 -2.504464 0.00000
4.590000 -2.504464 0.00000
4.626000 -2.504464 0.00000
4.662000 -2.504464 0.00000
4.698000 -2.504464 0.00000
4.734000 -2.504464 0.00000
4.770000 -2.504464 0.00000
4.806000 -2.504464 0.00000
4.842000 -2.504464 0.00000
4.878000 -2.504464 0.00000
4.914000 -2.504464 0.00000
4.950000 -2.504464 0.00000
4.986000 -2.504464 0.00000
5.022000 -2.504464 0.00000
5.058000 -2.504464 0.00000
5.094000 -2.504464 0.00000
5.130000 -2.504464 0.00000
5.166000 -2.504464 0.00000
5.202000 -2.504464 0.00000
5.238000 -2.504464 0.00000
5.274000 -2.504464 0.00000
5.310000 -2.504464 0.00000
5.346000 -2.504464 0.00000
5.382000 -2.504464 0.00000
0.018000 -2.474107 0.00000
0.054000 -2.474107 0.00000
0.090000 -2.474107 0.00000
0.126000 -2.474107 0.00000
0.162000 -2.474107 0.00000
0.198000 -2.474107 0.00000
0.234000 -2.474107 0.00000
0.270000 -2.474107 0.00000
0.306000 -2.474107 0.00000
0.342000 -2.474107 0.00000
0.378000 -2.474107 0.00000
0.414000 -2.474107 0.00000
0.450000 -2.474107 0.00000
0.486000 -2.474107 0.00000
0.522000 -2.474107 0.00000
0.558000 -2.474107 0.00000
0.594000 -2.474107 0.00000
0.630000 -2.474107 0.00000
0.666000 -2.474107 0.30103
0.702000 -2.474107 0.69897
0.738000 -2.474107 0.47712
0.774000 -2.474107 0.47712
0.810000 -2.474107 0.00000
0.846000 -2.474107 0.00000
0.882000 -2.474107 0.00000
0.918000 -2.474107 0.00000
0.954000 -2.474107 0.00000
0.990000 -2.474107 0.69897
1.026000 -2.474107 0.00000
1.062000 -2.474107 0.00000
1.098000 -2.474107 0.00000
1.134000 -2.474107 0.00000
1.170000 -2.474107 0.00000
1.206000 -2.474107 0.47712
1.242000 -2.474107 0.47712
1.278000 -2.474107 0.84510
1.314000 -2.474107 0.77815
1.350000 -2.474107 0.47712
1.386000 -2.474107 1.07918
1.422000 -2.474107 0.60206
1.458000 -2.474107 0.47712
1.494000 -2.474107 0.47712
1.530000 -2.474107 0.69897
1.566000 -2.474107 0.47712
1.602000 -2.474107 0.84510
1.638000 -2.474107 1.04139
1.674000 -2.474107 0.77815
1.710000 -2.474107 0.90309
1.746000 -2.474107 1.00000
1.782000 -2.474107 0.90309
1.818000 -2.474107 0.69897
1.854000 -2.474107 0.47712
1.890000 -2.474107 0.47712
1.926000 -2.474107 0.60206
1.962000 -2.474107 1.30103
1.998000 -2.474107 1.17609
2.034000 -2.474107 1.23045
2.070000 -2.474107 1.11394
2.106000 -2.474107 1.04139
2.142000 -2.474107 1.49136
2.178000 -2.474107 1.77085
2.214000 -2.474107 1.20412
2.250000 -2.474107 1.17609
2.286000 -2.474107 0.95424
2.322000 -2.474107 1.14613
2.358000 -2.474107 1.11394
2.394000 -2.474107 1.41497
2.430000 -2.474107 0.60206
2.466000 -2.474107 1.07918
2.502000 -2.474107 0.69897
2.538000 -2.474107 0.00000
2.574000 -2.474107 1.20412
2.610000 -2.474107 0.00000
2.646000 -2.474107 1.00000
2.682000 -2.474107 0.69897
2.718000 -2.474107 1.04139
2.754000 -2.474107 0.95424
2.790000 -2.474107 1.38021
2.826000 -2.474107 1.25527
2.862000 -2.474107 1.30103
2.898000 -2.474107 0.69897
2.934000 -2.474107 0.77815
2.970000 -2.474107 0.47712
3.006000 -2.474107 0.30103
3.042000 -2.474107 0.00000
3.078000 -2.474107 1.43136
3.114000 -2.474107 1.43136
3.150000 -2.474107 1.17609
3.186000 -2.474107 1.30103
3.222000 -2.474107 1.25527
3.258000 -2.474107 1.17609
3.294000 -2.474107 1.44716
3.330000 -2.474107 1.27875
3.366000 -2.474107 1.50515
3.402000 -2.474107 1.38021
3.438000 -2.474107 1.32222
3.474000 -2.474107 0.77815
3.510000 -2.474107 0.60206
3.546000 -2.474107 0.00000
3.582000 -2.474107 0.00000
3.618000 -2.474107 0.00000
3.654000 -2.474107 0.00000
3.690000 -2.474107 0.00000
3.726000 -2.474107 0.00000
3.762000 -2.474107 0.60206
3.798000 -2.474107 0.84510
3.834000 -2.474107 0.95424
3.870000 -2.474107 1.11394
3.906000 -2.474107 1.20412
3.942000 -2.474107 1.11394
3.978000 -2.474107 1.14613
4.014000 -2.474107 1.04139
4.050000 -2.474107 0.84510
4.086000 -2.474107 0.00000
4.122000 -2.474107 0.00000
4.158000 -2.474107 0.00000
4.194000 -2.474107 0.00000
4.230000 -2.474107 0.00000
4.266000 -2.474107 0.00000
4.302000 -2.474107 0.47712
4.338000 -2.474107 0.90309
4.374000 -2.474107 1.04139
4.410000 -2.474107 1.07918
4.446000 -2.474107 1.27875
4.482000 -2.474107 1.20412
4.518000 -2.474107 0.95424
4.554000 -2.474107 1.32222
4.590000 -2.474107 0.00000
4.626000 -2.474107 0.00000
4.662000 -2.474107 0.00000
4.698000 -2.474107 0.00000
4.734000 -2.474107 0.00000
4.770000 -2.474107 0.00000
4.806000 -2.474107 0.00000
4.842000 -2.474107 0.00000
4.878000 -2.474107 0.00000
4.914000 -2.474107 0.00000
4.950000 -2.474107 0.00000
4.986000 -2.474107 0.00000
5.022000 -2.474107 0.00000
5.058000 -2.474107 0.00000
5.094000 -2.474107 0.00000
5.130000 -2.474107 0.00000
5.166000 -2.474107 0.00000
5.202000 -2.474107 0.00000
5.238000 -2.474107 0.00000
5.274000 -2.474107 0.00000
5.310000 -2.474107 0.00000
5.346000 -2.474107 0.00000
5.382000 -2.474107 0.00000
0.018000 -2.443750 0.00000
0.054000 -2.443750 0.00000
0.090000 -2.443750 0.00000
0.126000 -2.443750 0.00000
0.162000 -2.443750 0.00000
0.198000 -2.443750 0.00000
0.234000 -2.443750 0.00000
0.270000 -2.443750 0.00000
0.306000 -2.443750 0.00000
0.342000 -2.443750 0.00000
0.378000 -2.443750 0.00000
0.414000 -2.443750 0.00000
0.450000 -2.443750 0.00000
0.486000 -2.443750 0.00000
0.522000 -2.443750 0.00000
0.558000 -2.443750 0.00000
0.594000 -2.443750 0.00000
0.630000 -2.443750 0.00000
0.666000 -2.443750 0.00000
0.702000 -2.443750 0.30103
0.738000 -2.443750 0.30103
0.774000 -2.443750 0.30103
0.810000 -2.443750 0.00000
0.846000 -2.443750 0.00000
0.882000 -2.443750 0.00000
0.918000 -2.443750 0.00000
0.954000 -2.443750 0.00000
0.990000 -2.443750 0.00000
1.026000 -2.443750 0.00000
1.062000 -2.443750 0.00000
1.098000 -2.443750 0.00000
1.134000 -2.443750 0.00000
1.170000 -2.443750 0.00000
1.206000 -2.443750 0.00000
1.242000 -2.443750 0.00000
1.278000 -2.443750 0.77815
1.314000 -2.443750 0.47712
1.350000 -2.443750 0.60206
1.386000 -2.443750 0.95424
1.422000 -2.443750 0.00000
1.458000 -2.443750 0.47712
1.494000 -2.443750 0.30103
1.530000 -2.443750 0.30103
1.566000 -2.443750 0.30103
1.602000 -2.443750 0.00000
1.638000 -2.443750 0.47712
1.674000 -2.443750 1.07918
1.710000 -2.443750 0.95424
1.746000 -2.443750 1.07918
1.782000 -2.443750 1.11394
1.818000 -2.443750 0.95424
1.854000 -2.443750 0.47712
1.890000 -2.443750 0.69897
1.926000 -2.443750 0.90309
1.962000 -2.443750 1.17609
1.998000 -2.443750 1.07918
2.034000 -2.443750 0.95424
2.070000 -2.443750 1.14613
2.106000 -2.443750 1.23045
2.142000 -2.443750 1.07918
2.178000 -2.443750 1.39794
2.214000 -2.443750 1.25527
2.250000 -2.443750 0.95424
2.286000 -2.443750 1.07918
2.322000 -2.443750 1.14613
2.358000 -2.443750 1.14613
2.394000 -2.443750 1.23045
2.430000 -2.443750 1.34242
2.466000 -2.443750 1.30103
2.502000 -2.443750 0.69897
2.538000 -2.443750 0.60206
2.574000 -2.443750 0.90309
2.610000 -2.443750 0.00000
2.646000 -2.443750 1.00000
2.682000 -2.443750 1.07918
2.718000 -2.443750 1.14613
2.754000 -2.443750 1.17609
2.790000 -2.443750 1.27875
2.826000 -2.443750 1.38021
2.862000 -2.443750 1.25527
2.898000 -2.443750 1.20412
2.934000 -2.443750 0.30103
2.970000 -2.443750 0.60206
3.006000 -2.443750 0.30103
3.042000 -2.443750 0.84510
3.078000 -2.443750 1.38021
3.114000 -2.443750 1.34242
3.150000 -2.443750 1.30103
3.186000 -2.443750 1.14613
3.222000 -2.443750 1.23045
3.258000 -2.443750 1.34242
3.294000 -2.443750 1.17609
3.330000 -2.443750 1.43136
3.366000 -2.443750 1.41497
3.402000 -2.443750 1.36173
3.438000 -2.443750 1.25527
3.474000 -2.443750 1.47712
3.510000 -2.443750 0.95424
3.546000 -2.443750 0.60206
3.582000 -2.443750 0.00000
3.618000 -2.443750 0.00000
3.654000 -2.443750 0.00000
3.690000 -2.443750 0.00000
3.726000 -2.443750 0.00000
3.762000 -2.443750 0.00000
3.798000 -2.443750 0.69897
3.834000 -2.443750 0.69897
3.870000 -2.443750 0.90309
3.906000 -2.443750 1.07918
3.942000 -2.443750 0.95424
3.978000 -2.443750 1.00000
4.014000 -2.443750 1.11394
4.050000 -2.443750 1.04139
4.086000 -2.443750 1.07918
4.122000 -2.443750 0.60206
4.158000 -2.443750 0.00000
4.194000 -2.443750 0.00000
4.230000 -2.443750 0.00000
4.266000 -2.443750 0.00000
4.302000 -2.443750 0.00000
4.338000 -2.443750 0.47712
4.374000 -2.443750 0.90309
4.410000 -2.443750 0.69897
4.446000 -2.443750 0.90309
4.482000 -2.443750 1.14613
4.518000 -2.443750 1.00000
4.554000 -2.443750 1.07918
4.590000 -2.443750 1.07918
4.626000 -2.443750 1.20412
4.662000 -2.443750 1.00000
4.698000 -2.443750 0.00000
4.734000 -2.443750 0.00000
4.770000 -2.443750 0.00000
4.806000 -2.443750 0.00000
4.842000 -2.443750 0.00000
4.878000 -2.443750 0.00000
4.914000 -2.443750 0.00000
4.950000 -2.443750 0.00000
4.986000 -2.443750 0.00000
5.022000 -2.443750 0.00000
5.058000 -2.443750 0.00000
5.094000 -2.443750 0.00000
5.130000 -2.443750 0.00000
5.166000 -2.443750 0.00000
5.202000 -2.443750 0.00000
5.238000 -2.443750 0.00000
5.274000 -2.443750 0.00000
5.310000 -2.443750 0.00000
5.346000 -2.443750 0.00000
5.382000 -2.443750 0.00000
0.018000 -2.413393 0.00000
0.054000 -2.413393 0.00000
0.090000 -2.413393 0.00000
0.126000 -2.413393 0.00000
0.162000 -2.413393 0.00000
0.198000 -2.413393 0.00000
0.234000 -2.413393 0.00000
0.270000 -2.413393 0.00000
0.306000 -2.413393 0.00000
0.342000 -2.413393 0.00000
0.378000 -2.413393 0.00000
0.414000 -2.413393 0.00000
0.450000 -2.413393 0.00000
0.486000 -2.413393 0.00000
0.522000 -2.413393 0.00000
0.558000 -2.413393 0.00000
0.594000 -2.413393 0.00000
0.630000 -2.413393 0.00000
0.666000 -2.413393 0.00000
0.702000 -2.413393 0.00000
0.738000 -2.413393 0.30103
0.774000 -2.413393 0.00000
0.810000 -2.413393 0.00000
0.846000 -2.413393 0.00000
0.882000 -2.413393 0.00000
0.918000 -2.413393 0.00000
0.954000 -2.413393 0.00000
0.990000 -2.413393 0.00000
1.026000 -2.413393 0.00000
1.062000 -2.413393 0.00000
1.098000 -2.413393 0.00000
1.134000 -2.413393 0.00000
1.170000 -2.413393 0.00000
1.206000 -2.413393 0.00000
1.242000 -2.413393 0.00000
1.278000 -2.413393 0.00000
1.314000 -2.413393 0.00000
1.350000 -2.413393 0.00000
1.386000 -2.413393 0.84510
1.422000 -2.413393 0.77815
1.458000 -2.413393 0.77815
1.494000 -2.413393 1.20412
1.530000 -2.413393 0.30103
1.566000 -2.413393 0.00000
1.602000 -2.413393 0.30103
1.638000 -2.413393 0.30103
1.674000 -2.413393 0.00000
1.710000 -2.413393 0.60206
1.746000 -2.413393 1.00000
1.782000 -2.413393 0.69897
1.818000 -2.413393 0.77815
1.854000 -2.413393 0.69897
1.890000 -2.413393 0.00000
1.926000 -2.413393 0.00000
1.962000 -2.413393 1.14613
1.998000 -2.413393 1.04139
2.034000 -2.413393 1.00000
2.070000 -2.413393 1.34242
2.106000 -2.413393 1.23045
2.142000 -2.413393 1.57978
2.178000 -2.413393 1.69020
2.214000 -2.413393 1.41497
2.250000 -2.413393 1.20412
2.286000 -2.413393 0.69897
2.322000 -2.413393 1.11394
2.358000 -2.413393 1.00000
2.394000 -2.413393 1.14613
2.430000 -2.413393 1.00000
2.466000 -2.413393 1.32222
2.502000 -2.413393 0.90309
2.538000 -2.413393 0.69897
2.574000 -2.413393 0.90309
2.610000 -2.413393 0.00000
2.646000 -2.413393 0.00000
2.682000 -2.413393 1.04139
2.718000 -2.413393 0.77815
2.754000 -2.413393 0.84510
2.790000 -2.413393 0.77815
2.826000 -2.413393 1.17609
2.862000 -2.413393 1.27875
2.898000 -2.413393 1.07918
2.934000 -2.413393 1.04139
2.970000 -2.413393 0.60206
3.006000 -2.413393 0.30103
3.042000 -2.413393 0.00000
3.078000 -2.413393 1.20412
3.114000 -2.413393 1.17609
3.150000 -2.413393 1.07918
3.186000 -2.413393 1.17609
3.222000 -2.413393 1.07918
3.258000 -2.413393 0.77815
3.294000 -2.413393 0.47712
3.330000 -2.413393 1.04139
3.366000 -2.413393 1.11394
3.402000 -2.413393 1.14613
3.438000 -2.413393 1.47712
3.474000 -2.413393 1.39794
3.510000 -2.413393 1.54407
3.546000 -2.413393 0.90309
3.582000 -2.413393 0.90309
3.618000 -2.413393 0.60206
3.654000 -2.413393 0.00000
3.690000 -2.413393 0.00000
3.726000 -2.413393 0.00000
3.762000 -2.413393 0.00000
3.798000 -2.413393 0.30103
3.834000 -2.413393 0.60206
3.870000 -2.413393 0.60206
3.906000 -2.413393 0.77815
3.942000 -2.413393 0.90309
3.978000 -2.413393 0.84510
4.014000 -2.413393 0.95424
4.050000 -2.413393 1.07918
4.086000 -2.413393 1.11394
4.122000 -2.413393 0.95424
4.158000 -2.413393 0.84510
4.194000 -2.413393 0.00000
4.230000 -2.413393 0.00000
4.266000 -2.413393 0.00000
4.302000 -2.413393 0.00000
4.338000 -2.413393 0.00000
4.374000 -2.413393 0.47712
4.410000 -2.413393 0.90309
4.446000 -2.413393 0.77815
4.482000 -2.413393 0.69897
4.518000 -2.413393 0.90309
4.554000 -2.413393 1.04139
4.590000 -2.413393 0.47712
4.626000 -2.413393 1.00000
4.662000 -2.413393 1.20412
4.698000 -2.413393 0.95424
4.734000 -2.413393 1.27875
4.770000 -2.413393 0.00000
4.806000 -2.413393 0.00000
4.842000 -2.413393 0.00000
4.878000 -2.413393 0.00000
4.914000 -2.413393 0.00000
4.950000 -2.413393 0.00000
4.986000 -2.413393 0.00000
5.022000 -2.413393 0.00000
5.058000 -2.413393 0.00000
5.094000 -2.413393 0.00000
5.130000 -2.413393 0.00000
5.166000 -2.413393 0.00000
5.202000 -2.413393 0.00000
5.238000 -2.413393 0.00000
5.274000 -2.413393 0.00000
5.310000 -2.413393 0.00000
5.346000 -2.413393 0.00000
5.382000 -2.413393 0.00000
0.018000 -2.383036 0.00000
0.054000 -2.383036 0.00000
0.090000 -2.383036 0.00000
0.126000 -2.383036 0.00000
0.162000 -2.383036 0.00000
0.198000 -2.383036 0.00000
0.234000 -2.383036 0.00000
0.270000 -2.383036 0.00000
0.306000 -2.383036 0.00000
0.342000 -2.383036 0.00000
0.378000 -2.383036 0.00000
0.414000 -2.383036 0.00000
0.450000 -2.383036 0.00000
0.486000 -2.383036 0.00000
0.522000 -2.383036 0.00000
0.558000 -2.383036 0.00000
0.594000 -2.383036 0.00000
0.630000 -2.383036 0.00000
0.666000 -2.383036 0.00000
0.702000 -2.383036 0.00000
0.738000 -2.383036 0.00000
0.774000 -2.383036 0.00000
0.810000 -2.383036 0.00000
0.846000 -2.383036 0.00000
0.882000 -2.383036 0.00000
0.918000 -2.383036 0.00000
0.954000 -2.383036 0.00000
0.990000 -2.383036 0.00000
1.026000 -2.383036 0.00000
1.062000 -2.383036 0.00000
1.098000 -2.383036 0.00000
1.134000 -2.383036 0.00000
1.170000 -2.383036 0.00000
1.206000 -2.383036 0.00000
1.242000 -2.383036 0.00000
1.278000 -2.383036 0.30103
1.314000 -2.383036 0.47712
1.350000 -2.383036 1.00000
1.386000 -2.383036 0.77815
1.422000 -2.383036 0.69897
1.458000 -2.383036 0.60206
1.494000 -2.383036 1.34242
1.530000 -2.383036 0.69897
1.566000 -2.383036 0.47712
1.602000 -2.383036 0.00000
1.638000 -2.383036 0.30103
1.674000 -2.383036 0.60206
1.710000 -2.383036 0.69897
1.746000 -2.383036 0.77815
1.782000 -2.383036 0.77815
1.818000 -2.383036 0.60206
1.854000 -2.383036 0.47712
1.890000 -2.383036 0.77815
1.926000 -2.383036 0.90309
1.962000 -2.383036 0.60206
1.998000 -2.383036 1.17609
2.034000 -2.383036 0.84510
2.070000 -2.383036 0.90309
2.106000 -2.383036 0.77815
2.142000 -2.383036 1.00000
2.178000 -2.383036 1.32222
2.214000 -2.383036 1.56820
2.250000 -2.383036 0.84510
2.286000 -2.383036 1.00000
2.322000 -2.383036 1.07918
2.358000 -2.383036 1.00000
2.394000 -2.383036 1.11394
2.430000 -2.383036 1.14613
2.466000 -2.383036 1.30103
2.502000 -2.383036 1.17609
2.538000 -2.383036 0.77815
2.574000 -2.383036 0.77815
2.610000 -2.383036 0.77815
2.646000 -2.383036 0.00000
2.682000 -2.383036 1.00000
2.718000 -2.383036 0.95424
2.754000 -2.383036 1.00000
2.790000 -2.383036 1.57978
2.826000 -2.383036 1.20412
2.862000 -2.383036 1.27875
2.898000 -2.383036 1.23045
2.934000 -2.383036 1.11394
2.970000 -2.383036 0.47712
3.006000 -2.383036 0.69897
3.042000 -2.383036 0.60206
3.078000 -2.383036 0.30103
3.114000 -2.383036 1.14613
3.150000 -2.383036 1.17609
3.186000 -2.383036 0.84510
3.222000 -2.383036 1.11394
3.258000 -2.383036 1.25527
3.294000 -2.383036 1.20412
3.330000 -2.383036 1.32222
3.366000 -2.383036 1.32222
3.402000 -2.383036 1.34242
3.438000 -2.383036 1.32222
3.474000 -2.383036 1.27875
3.510000 -2.383036 1.20412
3.546000 -2.383036 1.32222
3.582000 -2.383036 0.77815
3.618000 -2.383036 0.60206
3.654000 -2.383036 0.69897
3.690000 -2.383036 0.00000
3.726000 -2.383036 0.00000
3.762000 -2.383036 0.00000
3.798000 -2.383036 0.00000
3.834000 -2.383036 0.47712
3.870000 -2.383036 0.60206
3.906000 -2.383036 0.47712
3.942000 -2.383036 0.90309
3.978000 -2.383036 0.95424
4.014000 -2.383036 0.69897
4.050000 -2.383036 1.00000
4.086000 -2.383036 0.90309
4.122000 -2.383036 1.07918
4.158000 -2.383036 1.20412
4.194000 -2.383036 1.04139
4.230000 -2.383036 0.30103
4.266000 -2.383036 0.00000
4.302000 -2.383036 0.00000
4.338000 -2.383036 0.00000
4.374000 -2.383036 0.00000
4.410000 -2.383036 0.00000
4.446000 -2.383036 0.69897
4.482000 -2.383036 0.69897
4.518000 -2.383036 0.69897
4.554000 -2.383036 0.47712
4.590000 -2.383036 1.00000
4.626000 -2.383036 0.77815
4.662000 -2.383036 0.69897
4.698000 -2.383036 1.00000
4.734000 -2.383036 1.11394
4.770000 -2.383036 1.00000
4.806000 -2.383036 1.04139
4.842000 -2.383036 0.00000
4.878000 -2.383036 0.00000
4.914000 -2.383036 0.00000
4.950000 -2.383036 0.00000
4.986000 -2.383036 0.00000
5.022000 -2.383036 0.00000
5.058000 -2.383036 0.00000
5.094000 -2.383036 0.00000
5.130000 -2.383036 0.00000
5.166000 -2.383036 0.00000
5.202000 -2.383036 0.00000
5.238000 -2.383036 0.00000
5.274000 -2.383036 0.00000
5.310000 -2.383036 0.00000
5.346000 -2.383036 0.00000
5.382000 -2.383036 0.00000
0.018000 -2.352679 0.00000
0.054000 -2.352679 0.00000
0.090000 -2.352679 0.00000
0.126000 -2.352679 0.00000
0.162000 -2.352679 0.00000
0.198000 -2.352679 0.00000
0.234000 -2.352679 0.00000
0.270000 -2.352679 0.00000
0.306000 -2.352679 1.43136
0.342000 -2.352679 0.00000
0.378000 -2.352679 0.00000
0.414000 -2.352679 0.00000
0.450000 -2.352679 0.00000
0.486000 -2.352679 0.00000
0.522000 -2.352679 0.00000
0.558000 -2.352679 0.00000
0.594000 -2.352679 0.00000
0.630000 -2.352679 0.00000
0.666000 -2.352679 0.00000
0.702000 -2.352679 0.00000
0.738000 -2.352679 0.00000
0.774000 -2.352679 0.00000
0.810000 -2.352679 0.00000
0.846000 -2.352679 0.00000
0.882000 -2.352679 0.00000
0.918000 -2.352679 0.00000
0.954000 -2.352679 0.00000
0.990000 -2.352679 0.00000
1.026000 -2.352679 0.00000
1.062000 -2.352679 0.00000
1.098000 -2.352679 0.00000
1.134000 -2.352679 0.00000
1.170000 -2.352679 0.00000
1.206000 -2.352679 0.00000
1.242000 -2.352679 0.00000
1.278000 -2.352679 0.00000
1.314000 -2.352679 0.00000
1.350000 -2.352679 0.00000
1.386000 -2.352679 0.60206
1.422000 -2.352679 0.60206
1.458000 -2.352679 0.47712
1.494000 -2.352679 1.17609
1.530000 -2.352679 0.30103
1.566000 -2.352679 0.30103
1.602000 -2.352679 0.47712
1.638000 -2.352679 0.00000
1.674000 -2.352679 0.00000
1.710000 -2.352679 0.47712
1.746000 -2.352679 0.60206
1.782000 -2.352679 0.30103
1.818000 -2.352679 0.47712
1.854000 -2.352679 0.30103
1.890000 -2.352679 0.00000
1.926000 -2.352679 0.00000
1.962000 -2.352679 1.14613
1.998000 -2.352679 0.90309
2.034000 -2.352679 0.77815
2.070000 -2.352679 0.60206
2.106000 -2.352679 0.30103
2.142000 -2.352679 0.47712
2.178000 -2.352679 1.04139
2.214000 -2.352679 1.25527
2.250000 -2.352679 0.00000
2.286000 -2.352679 0.30103
2.322000 -2.352679 0.69897
2.358000 -2.352679 0.60206
2.394000 -2.352679 1.00000
2.430000 -2.352679 1.11394
2.466000 -2.352679 0.77815
2.502000 -2.352679 1.39794
2.538000 -2.352679 0.60206
2.574000 -2.352679 0.77815
2.610000 -2.352679 0.95424
2.646000 -2.352679 0.00000
2.682000 -2.352679 0.90309
2.718000 -2.352679 0.60206
2.754000 -2.352679 0.60206
2.790000 -2.352679 1.27875
2.826000 -2.352679 0.90309
2.862000 -2.352679 1.14613
2.898000 -2.352679 1.00000
2.934000 -2.352679 1.04139
2.970000 -2.352679 1.04139
3.006000 -2.352679 0.47712
3.042000 -2.352679 0.69897
3.078000 -2.352679 0.77815
3.114000 -2.352679 0.77815
3.150000 -2.352679 1.11394
3.186000 -2.352679 1.11394
3.222000 -2.352679 1.11394
3.258000 -2.352679 0.77815
3.294000 -2.352679 0.77815
3.330000 -2.352679 0.47712
3.366000 -2.352679 0.69897
3.402000 -2.352679 0.69897
3.438000 -2.352679 1.04139
3.474000 -2.352679 1.20412
3.510000 -2.352679 1.38021
3.546000 -2.352679 1.50515
3.582000 -2.352679 1.46240
3.618000 -2.352679 0.90309
3.654000 -2.352679 0.69897
3.690000 -2.352679 0.00000
3.726000 -2.352679 0.00000
3.762000 -2.352679 0.00000
3.798000 -2.352679 0.00000
3.834000 -2.352679 0.00000
3.870000 -2.352679 0.00000
3.906000 -2.352679 0.00000
3.942000 -2.352679 0.00000
3.978000 -2.352679 0.30103
4.014000 -2.352679 0.47712
4.050000 -2.352679 0.30103
4.086000 -2.352679 0.60206
4.122000 -2.352679 0.95424
4.158000 -2.352679 1.04139
4.194000 -2.352679 0.95424
4.230000 -2.352679 0.95424
4.266000 -2.352679 0.30103
4.302000 -2.352679 0.00000
4.338000 -2.352679 0.00000
4.374000 -2.352679 0.00000
4.410000 -2.352679 0.00000
4.446000 -2.352679 0.00000
4.482000 -2.352679 0.00000
4.518000 -2.352679 0.00000
4.554000 -2.352679 0.00000
4.590000 -2.352679 0.00000
4.626000 -2.352679 0.00000
4.662000 -2.352679 0.47712
4.698000 -2.352679 0.00000
4.734000 -2.352679 1.00000
4.770000 -2.352679 0.77815
4.806000 -2.352679 1.14613
4.842000 -2.352679 1.27875
4.878000 -2.352679 0.00000
4.914000 -2.352679 0.00000
4.950000 -2.352679 0.00000
4.986000 -2.352679 0.00000
5.022000 -2.352679 0.00000
5.058000 -2.352679 0.00000
5.094000 -2.352679 0.00000
5.130000 -2.352679 0.00000
5.166000 -2.352679 0.00000
5.202000 -2.352679 0.00000
5.238000 -2.352679 0.00000
5.274000 -2.352679 0.00000
5.310000 -2.352679 0.00000
5.346000 -2.352679 0.00000
5.382000 -2.352679 0.00000
0.018000 -2.322321 0.00000
0.054000 -2.322321 0.00000
0.090000 -2.322321 0.00000
0.126000 -2.322321 0.00000
0.162000 -2.322321 0.00000
0.198000 -2.322321 0.00000
0.234000 -2.322321 0.00000
0.270000 -2.322321 1.27875
0.306000 -2.322321 1.74819
0.342000 -2.322321 0.00000
0.378000 -2.322321 0.00000
0.414000 -2.322321 0.00000
0.450000 -2.322321 0.00000
0.486000 -2.322321 0.00000
0.522000 -2.322321 0.00000
0.558000 -2.322321 0.00000
0.594000 -2.322321 0.00000
0.630000 -2.322321 0.00000
0.666000 -2.322321 0.00000
0.702000 -2.322321 0.00000
0.738000 -2.322321 0.00000
0.774000 -2.322321 0.00000
0.810000 -2.322321 0.00000
0.846000 -2.322321 0.00000
0.882000 -2.322321 0.00000
0.918000 -2.322321 0.00000
0.954000 -2.322321 0.00000
0.990000 -2.322321 0.00000
1.026000 -2.322321 0.00000
1.062000 -2.322321 0.00000
1.098000 -2.322321 0.00000
1.134000 -2.322321 0.00000
1.170000 -2.322321 0.00000
1.206000 -2.322321 0.00000
1.242000 -2.322321 0.00000
1.278000 -2.322321 0.00000
1.314000 -2.322321 0.00000
1.350000 -2.322321 0.00000
1.386000 -2.322321 0.00000
1.422000 -2.322321 0.47712
1.458000 -2.322321 0.30103
1.494000 -2.322321 0.95424
1.530000 -2.322321 0.30103
1.566000 -2.322321 0.47712
1.602000 -2.322321 0.47712
1.638000 -2.322321 0.00000
1.674000 -2.322321 0.00000
1.710000 -2.322321 0.47712
1.746000 -2.322321 1.04139
1.782000 -2.322321 1.14613
1.818000 -2.322321 0.84510
1.854000 -2.322321 0.30103
1.890000 -2.322321 0.00000
1.926000 -2.322321 0.60206
1.962000 -2.322321 0.84510
1.998000 -2.322321 0.69897
2.034000 -2.322321 0.30103
2.070000 -2.322321 0.30103
2.106000 -2.322321 0.00000
2.142000 -2.322321 0.00000
2.178000 -2.322321 0.95424
2.214000 -2.322321 1.43136
2.250000 -2.322321 0.95424
2.286000 -2.322321 0.30103
2.322000 -2.322321 0.00000
2.358000 -2.322321 0.30103
2.394000 -2.322321 0.84510
2.430000 -2.322321 0.95424
2.466000 -2.322321 0.95424
2.502000 -2.322321 1.11394
2.538000 -2.322321 1.07918
2.574000 -2.322321 0.47712
2.610000 -2.322321 0.84510
2.646000 -2.322321 0.60206
2.682000 -2.322321 0.00000
2.718000 -2.322321 0.47712
2.754000 -2.322321 0.00000
2.790000 -2.322321 0.90309
2.826000 -2.322321 0.69897
2.862000 -2.322321 0.77815
2.898000 -2.322321 1.17609
2.934000 -2.322321 1.07918
2.970000 -2.322321 0.77815
3.006000 -2.322321 0.60206
3.042000 -2.322321 0.30103
3.078000 -2.322321 0.47712
3.114000 -2.322321 0.84510
3.150000 -2.322321 0.90309
3.186000 -2.322321 1.20412
3.222000 -2.322321 0.69897
3.258000 -2.322321 0.00000
3.294000 -2.322321 0.00000
3.330000 -2.322321 0.00000
3.366000 -2.322321 0.00000
3.402000 -2.322321 0.00000
3.438000 -2.322321 0.47712
3.474000 -2.322321 0.00000
3.510000 -2.322321 0.95424
3.546000 -2.322321 1.07918
3.582000 -2.322321 1.44716
3.618000 -2.322321 1.11394
3.654000 -2.322321 0.84510
3.690000 -2.322321 0.77815
3.726000 -2.322321 0.00000
3.762000 -2.322321 0.00000
3.798000 -2.322321 0.00000
3.834000 -2.322321 0.00000
3.870000 -2.322321 0.00000
3.906000 -2.322321 0.00000
3.942000 -2.322321 0.00000
3.978000 -2.322321 0.00000
4.014000 -2.322321 0.00000
4.050000 -2.322321 0.00000
4.086000 -2.322321 0.30103
4.122000 -2.322321 0.30103
4.158000 -2.322321 0.60206
4.194000 -2.322321 1.00000
4.230000 -2.322321 1.25527
4.266000 -2.322321 1.17609
4.302000 -2.322321 0.60206
4.338000 -2.322321 0.00000
4.374000 -2.322321 0.00000
4.410000 -2.322321 0.00000
4.446000 -2.322321 0.00000
4.482000 -2.322321 0.00000
4.518000 -2.322321 0.00000
4.554000 -2.322321 0.00000
4.590000 -2.322321 0.00000
4.626000 -2.322321 0.00000
4.662000 -2.322321 0.00000
4.698000 -2.322321 0.00000
4.734000 -2.322321 0.00000
4.770000 -2.322321 0.47712
4.806000 -2.322321 0.90309
4.842000 -2.322321 0.95424
4.878000 -2.322321 1.00000
4.914000 -2.322321 0.84510
4.950000 -2.322321 0.00000
4.986000 -2.322321 0.00000
5.022000 -2.322321 0.00000
5.058000 -2.322321 0.00000
5.094000 -2.322321 0.00000
5.130000 -2.322321 0.00000
5.166000 -2.322321 0.00000
5.202000 -2.322321 0.00000
5.238000 -2.322321 0.00000
5.274000 -2.322321 0.00000
5.310000 -2.322321 0.00000
5.346000 -2.322321 0.00000
5.382000 -2.322321 0.00000
0.018000 -2.291964 0.00000
0.054000 -2.291964 0.00000
0.090000 -2.291964 0.00000
0.126000 -2.291964 0.00000
0.162000 -2.291964 0.00000
0.198000 -2.291964 0.00000
0.234000 -2.291964 0.00000
0.270000 -2.291964 1.74819
0.306000 -2.291964 1.60206
0.342000 -2.291964 0.00000
0.378000 -2.291964 0.00000
0.414000 -2.291964 0.00000
0.450000 -2.291964 0.00000
0.486000 -2.291964 0.00000
0.522000 -2.291964 0.00000
0.558000 -2.291964 0.00000
0.594000 -2.291964 0.00000
0.630000 -2.291964 0.00000
0.666000 -2.291964 0.00000
0.702000 -2.291964 0.00000
0.738000 -2.291964 0.00000
0.774000 -2.291964 0.00000
0.810000 -2.291964 0.00000
0.846000 -2.291964 0.00000
0.882000 -2.291964 0.00000
0.918000 -2.291964 0.00000
0.954000 -2.291964 0.00000
0.990000 -2.291964 0.00000
1.026000 -2.291964 0.00000
1.062000 -2.291964 0.00000
1.098000 -2.291964 0.00000
1.134000 -2.291964 0.00000
1.170000 -2.291964 0.00000
1.206000 -2.291964 0.00000
1.242000 -2.291964 0.00000
1.278000 -2.291964 0.00000
1.314000 -2.291964 0.00000
1.350000 -2.291964 0.00000
1.386000 -2.291964 0.30103
1.422000 -2.291964 0.00000
1.458000 -2.291964 0.95424
1.494000 -2.291964 0.30103
1.530000 -2.291964 0.30103
1.566000 -2.291964 0.00000
1.602000 -2.291964 0.30103
1.638000 -2.291964 0.00000
1.674000 -2.291964 0.00000
1.710000 -2.291964 0.00000
1.746000 -2.291964 0.47712
1.782000 -2.291964 0.60206
1.818000 -2.291964 0.69897
1.854000 -2.291964 0.77815
1.890000 -2.291964 0.00000
1.926000 -2.291964 0.00000
1.962000 -2.291964 0.69897
1.998000 -2.291964 0.00000
2.034000 -2.291964 0.00000
2.070000 -2.291964 0.30103
2.106000 -2.291964 0.00000
2.142000 -2.291964 0.00000
2.178000 -2.291964 0.60206
2.214000 -2.291964 1.07918
2.250000 -2.291964 1.04139
2.286000 -2.291964 0.60206
2.322000 -2.291964 0.30103
2.358000 -2.291964 0.00000
2.394000 -2.291964 0.00000
2.430000 -2.291964 0.60206
2.466000 -2.291964 0.60206
2.502000 -2.291964 0.69897
2.538000 -2.291964 1.00000
2.574000 -2.291964 0.60206
2.610000 -2.291964 0.47712
2.646000 -2.291964 0.30103
2.682000 -2.291964 0.00000
2.718000 -2.291964 1.00000
2.754000 -2.291964 0.00000
2.790000 -2.291964 0.00000
2.826000 -2.291964 1.00000
2.862000 -2.291964 0.47712
2.898000 -2.291964 0.95424
2.934000 -2.291964 1.38021
2.970000 -2.291964 1.00000
3.006000 -2.291964 0.69897
3.042000 -2.291964 0.00000
3.078000 -2.291964 0.47712
3.114000 -2.291964 0.47712
3.150000 -2.291964 0.95424
3.186000 -2.291964 1.11394
3.222000 -2.291964 0.69897
3.258000 -2.291964 0.30103
3.294000 -2.291964 0.00000
3.330000 -2.291964 0.00000
3.366000 -2.291964 0.00000
3.402000 -2.291964 0.00000
3.438000 -2.291964 0.00000
3.474000 -2.291964 0.47712
3.510000 -2.291964 0.30103
3.546000 -2.291964 0.69897
3.582000 -2.291964 0.77815
3.618000 -2.291964 1.27875
3.654000 -2.291964 0.60206
3.690000 -2.291964 0.47712
3.726000 -2.291964 0.60206
3.762000 -2.291964 0.00000
3.798000 -2.291964 0.00000
3.834000 -2.291964 0.00000
3.870000 -2.291964 0.00000
3.906000 -2.291964 0.00000
3.942000 -2.291964 0.00000
3.978000 -2.291964 0.00000
4.014000 -2.291964 0.00000
4.050000 -2.291964 0.00000
4.086000 -2.291964 0.00000
4.122000 -2.291964 0.00000
4.158000 -2.291964 0.30103
4.194000 -2.291964 0.30103
4.230000 -2.291964 0.77815
4.266000 -2.291964 0.90309
4.302000 -2.291964 1.04139
4.338000 -2.291964 0.60206
4.374000 -2.291964 0.00000
4.410000 -2.291964 0.00000
4.446000 -2.291964 0.00000
4.482000 -2.291964 0.00000
4.518000 -2.291964 0.00000
4.554000 -2.291964 0.00000
4.590000 -2.291964 0.00000
4.626000 -2.291964 0.00000
4.662000 -2.291964 0.00000
4.698000 -2.291964 0.00000
4.734000 -2.291964 0.00000
4.770000 -2.291964 0.00000
4.806000 -2.291964 0.00000
4.842000 -2.291964 0.00000
4.878000 -2.291964 0.69897
4.914000 -2.291964 1.36173
4.950000 -2.291964 1.17609
4.986000 -2.291964 0.00000
5.022000 -2.291964 0.00000
5.058000 -2.291964 0.00000
5.094000 -2.291964 0.00000
5.130000 -2.291964 0.00000
5.166000 -2.291964 0.00000
5.202000 -2.291964 0.00000
5.238000 -2.291964 0.00000
5.274000 -2.291964 0.00000
5.310000 -2.291964 0.00000
5.346000 -2.291964 0.00000
5.382000 -2.291964 0.00000
0.018000 -2.261607 0.00000
0.054000 -2.261607 0.00000
0.090000 -2.261607 0.00000
0.126000 -2.261607 0.00000
0.162000 -2.261607 0.00000
0.198000 -2.261607 0.00000
0.234000 -2.261607 0.77815
0.270000 -2.261607 1.90309
0.306000 -2.261607 0.47712
0.342000 -2.261607 0.00000
0.378000 -2.261607 0.00000
0.414000 -2.261607 0.00000
0.450000 -2.261607 0.00000
0.486000 -2.261607 0.00000
0.522000 -2.261607 0.00000
0.558000 -2.261607 0.00000
0.594000 -2.261607 0.00000
0.630000 -2.261607 0.00000
0.666000 -2.261607 0.00000
0.702000 -2.261607 0.00000
0.738000 -2.261607 0.00000
0.774000 -2.261607 0.00000
0.810000 -2.261607 0.00000
0.846000 -2.261607 0.00000
0.882000 -2.261607 0.00000
0.918000 -2.261607 0.00000
0.954000 -2.261607 0.00000
0.990000 -2.261607 0.00000
1.026000 -2.261607 0.00000
1.062000 -2.261607 0.00000
1.098000 -2.261607 0.00000
1.134000 -2.261607 0.00000
1.170000 -2.261607 0.00000
1.206000 -2.261607 0.00000
1.242000 -2.261607 0.00000
1.278000 -2.261607 0.00000
1.314000 -2.261607 0.00000
1.350000 -2.261607 0.00000
1.386000 -2.261607 0.47712
1.422000 -2.261607 0.47712
1.458000 -2.261607 0.95424
1.494000 -2.261607 0.69897
1.530000 -2.261607 0.00000
1.566000 -2.261607 0.30103
1.602000 -2.261607 0.30103
1.638000 -2.261607 0.00000
1.674000 -2.261607 0.00000
1.710000 -2.261607 0.00000
1.746000 -2.261607 0.77815
1.782000 -2.261607 0.69897
1.818000 -2.261607 0.60206
1.854000 -2.261607 0.60206
1.890000 -2.261607 0.00000
1.926000 -2.261607 0.00000
1.962000 -2.261607 0.00000
1.998000 -2.261607 0.00000
2.034000 -2.261607 0.00000
2.070000 -2.261607 0.47712
2.106000 -2.261607 0.60206
2.142000 -2.261607 0.47712
2.178000 -2.261607 0.47712
2.214000 -2.261607 0.69897
2.250000 -2.261607 1.07918
2.286000 -2.261607 0.30103
2.322000 -2.261607 0.00000
2.358000 -2.261607 0.00000
2.394000 -2.261607 0.30103
2.430000 -2.261607 0.47712
2.466000 -2.261607 0.47712
2.502000 -2.261607 1.07918
2.538000 -2.261607 1.04139
2.574000 -2.261607 0.69897
2.610000 -2.261607 0.47712
2.646000 -2.261607 0.30103
2.682000 -2.261607 0.00000
2.718000 -2.261607 0.00000
2.754000 -2.261607 0.00000
2.790000 -2.261607 0.00000
2.826000 -2.261607 0.60206
2.862000 -2.261607 0.00000
2.898000 -2.261607 0.60206
2.934000 -2.261607 1.39794
2.970000 -2.261607 0.77815
3.006000 -2.261607 0.77815
3.042000 -2.261607 0.00000
3.078000 -2.261607 0.00000
3.114000 -2.261607 0.00000
3.150000 -2.261607 0.00000
3.186000 -2.261607 1.04139
3.222000 -2.261607 0.47712
3.258000 -2.261607 0.30103
3.294000 -2.261607 0.00000
3.330000 -2.261607 0.00000
3.366000 -2.261607 0.00000
3.402000 -2.261607 0.00000
3.438000 -2.261607 0.00000
3.474000 -2.261607 0.00000
3.510000 -2.261607 0.30103
3.546000 -2.261607 0.47712
3.582000 -2.261607 0.84510
3.618000 -2.261607 1.14613
3.654000 -2.261607 1.38021
3.690000 -2.261607 0.77815
3.726000 -2.261607 0.69897
3.762000 -2.261607 0.30103
3.798000 -2.261607 0.00000
3.834000 -2.261607 0.00000
3.870000 -2.261607 0.00000
3.906000 -2.261607 0.00000
3.942000 -2.261607 0.00000
3.978000 -2.261607 0.00000
4.014000 -2.261607 0.00000
4.050000 -2.261607 0.00000
4.086000 -2.261607 0.00000
4.122000 -2.261607 0.00000
4.158000 -2.261607 0.00000
4.194000 -2.261607 0.00000
4.230000 -2.261607 0.47712
4.266000 -2.261607 0.30103
4.302000 -2.261607 0.69897
4.338000 -2.261607 0.69897
4.374000 -2.261607 0.30103
4.410000 -2.261607 0.00000
4.446000 -2.261607 0.00000
4.482000 -2.261607 0.00000
4.518000 -2.261607 0.00000
4.554000 -2.261607 0.00000
4.590000 -2.261607 0.00000
4.626000 -2.261607 0.00000
4.662000 -2.261607 0.00000
4.698000 -2.261607 0.00000
4.734000 -2.261607 0.00000
4.770000 -2.261607 0.00000
4.806000 -2.261607 0.00000
4.842000 -2.261607 0.00000
4.878000 -2.261607 0.00000
4.914000 -2.261607 0.47712
4.950000 -2.261607 0.95424
4.986000 -2.261607 1.00000
5.022000 -2.261607 0.00000
5.058000 -2.261607 0.00000
5.094000 -2.261607 0.00000
5.130000 -2.261607 0.00000
5.166000 -2.261607 0.00000
5.202000 -2.261607 0.00000
5.238000 -2.261607 0.00000
5.274000 -2.261607 0.00000
5.310000 -2.261607 0.00000
5.346000 -2.261607 0.00000
5.382000 -2.261607 0.00000
0.018000 -2.231250 0.00000
0.054000 -2.231250 0.00000
0.090000 -2.231250 0.00000
0.126000 -2.231250 0.00000
0.162000 -2.231250 0.00000
0.198000 -2.231250 0.00000
0.234000 -2.231250 1.11394
0.270000 -2.231250 1.83251
0.306000 -2.231250 0.00000
0.342000 -2.231250 0.00000
0.378000 -2.231250 0.00000
0.414000 -2.231250 0.00000
0.450000 -2.231250 0.00000
0.486000 -2.231250 0.00000
0.522000 -2.231250 0.00000
0.558000 -2.231250 0.00000
0.594000 -2.231250 0.00000
0.630000 -2.231250 0.00000
0.666000 -2.231250 0.00000
0.702000 -2.231250 0.00000
0.738000 -2.231250 0.00000
0.774000 -2.231250 0.00000
0.810000 -2.231250 0.00000
0.846000 -2.231250 0.00000
0.882000 -2.231250 0.00000
0.918000 -2.231250 0.00000
0.954000 -2.231250 0.00000
0.990000 -2.231250 0.00000
1.026000 -2.231250 0.00000
1.062000 -2.231250 0.00000
1.098000 -2.231250 0.00000
1.134000 -2.231250 0.00000
1.170000 -2.231250 0.00000
1.206000 -2.231250 0.00000
1.242000 -2.231250 0.00000
1.278000 -2.231250 0.00000
1.314000 -2.231250 0.00000
1.350000 -2.231250 0.00000
1.386000 -2.231250 0.00000
1.422000 -2.231250 0.00000
1.458000 -2.231250 0.47712
1.494000 -2.231250 0.00000
1.530000 -2.231250 0.30103
1.566000 -2.231250 0.00000
1.602000 -2.231250 0.00000
1.638000 -2.231250 0.00000
1.674000 -2.231250 0.00000
1.710000 -2.231250 0.00000
1.746000 -2.231250 0.00000
1.782000 -2.231250 0.60206
1.818000 -2.231250 0.30103
1.854000 -2.231250 0.47712
1.890000 -2.231250 0.30103
1.926000 -2.231250 0.00000
1.962000 -2.231250 0.00000
1.998000 -2.231250 0.00000
2.034000 -2.231250 0.00000
2.070000 -2.231250 0.00000
2.106000 -2.231250 0.00000
2.142000 -2.231250 0.00000
2.178000 -2.231250 0.47712
2.214000 -2.231250 0.00000
2.250000 -2.231250 0.77815
2.286000 -2.231250 0.47712
2.322000 -2.231250 0.00000
2.358000 -2.231250 0.00000
2.394000 -2.231250 0.00000
2.430000 -2.231250 0.00000
2.466000 -2.231250 0.30103
2.502000 -2.231250 0.00000
2.538000 -2.231250 0.69897
2.574000 -2.231250 1.17609
2.610000 -2.231250 0.69897
2.646000 -2.231250 0.47712
2.682000 -2.231250 0.30103
2.718000 -2.231250 0.00000
2.754000 -2.231250 0.00000
2.790000 -2.231250 0.00000
2.826000 -2.231250 0.84510
2.862000 -2.231250 0.47712
2.898000 -2.231250 0.00000
2.934000 -2.231250 1.07918
2.970000 -2.231250 0.77815
3.006000 -2.231250 0.69897
3.042000 -2.231250 0.47712
3.078000 -2.231250 0.00000
3.114000 -2.231250 0.00000
3.150000 -2.231250 0.00000
3.186000 -2.231250 0.30103
3.222000 -2.231250 0.30103
3.258000 -2.231250 0.69897
3.294000 -2.231250 0.47712
3.330000 -2.231250 0.30103
3.366000 -2.231250 0.00000
3.402000 -2.231250 0.00000
3.438000 -2.231250 0.00000
3.474000 -2.231250 0.00000
3.510000 -2.231250 0.00000
3.546000 -2.231250 0.47712
3.582000 -2.231250 0.60206
3.618000 -2.231250 0.69897
3.654000 -2.231250 1.43136
3.690000 -2.231250 0.84510
3.726000 -2.231250 0.60206
3.762000 -2.231250 0.77815
3.798000 -2.231250 0.30103
3.834000 -2.231250 0.00000
3.870000 -2.231250 0.00000
3.906000 -2.231250 0.00000
3.942000 -2.231250 0.00000
3.978000 -2.231250 0.00000
4.014000 -2.231250 0.00000
4.050000 -2.231250 0.00000
4.086000 -2.231250 0.00000
4.122000 -2.231250 0.00000
4.158000 -2.231250 0.00000
4.194000 -2.231250 0.00000
4.230000 -2.231250 0.00000
4.266000 -2.231250 0.30103
4.302000 -2.231250 0.30103
4.338000 -2.231250 0.77815
4.374000 -2.231250 0.60206
4.410000 -2.231250 0.00000
4.446000 -2.231250 0.00000
4.482000 -2.231250 0.00000
4.518000 -2.231250 0.00000
4.554000 -2.231250 0.00000
4.590000 -2.231250 0.00000
4.626000 -2.231250 0.00000
4.662000 -2.231250 0.00000
4.698000 -2.231250 0.00000
4.734000 -2.231250 0.00000
4.770000 -2.231250 0.00000
4.806000 -2.231250 0.00000
4.842000 -2.231250 0.00000
4.878000 -2.231250 0.00000
4.914000 -2.231250 0.00000
4.950000 -2.231250 0.00000
4.986000 -2.231250 0.47712
5.022000 -2.231250 0.90309
5.058000 -2.231250 0.00000
5.094000 -2.231250 0.00000
5.130000 -2.231250 0.00000
5.166000 -2.231250 0.00000
5.202000 -2.231250 0.00000
5.238000 -2.231250 0.00000
5.274000 -2.231250 0.00000
5.310000 -2.231250 0.00000
5.346000 -2.231250 0.00000
5.382000 -2.231250 0.00000
0.018000 -2.200893 0.00000
0.054000 -2.200893 0.00000
0.090000 -2.200893 0.00000
0.126000 -2.200893 0.00000
0.162000 -2.200893 0.00000
0.198000 -2.200893 0.00000
0.234000 -2.200893 1.60206
0.270000 -2.200893 1.49136
0.306000 -2.200893 0.00000
0.342000 -2.200893 0.00000
0.378000 -2.200893 0.00000
0.414000 -2.200893 0.00000
0.450000 -2.200893 0.00000
0.486000 -2.200893 0.00000
0.522000 -2.200893 0.00000
0.558000 -2.200893 0.00000
0.594000 -2.200893 0.00000
0.630000 -2.200893 0.00000
0.666000 -2.200893 0.00000
0.702000 -2.200893 0.00000
0.738000 -2.200893 0.00000
0.774000 -2.200893 0.00000
0.810000 -2.200893 0.00000
0.846000 -2.200893 0.00000
0.882000 -2.200893 0.00000
0.918000 -2.200893 0.00000
0.954000 -2.200893 0.00000
0.990000 -2.200893 0.00000
1.026000 -2.200893 0.00000
1.062000 -2.200893 0.00000
1.098000 -2.200893 0.00000
1.134000 -2.200893 0.00000
1.170000 -2.200893 0.00000
1.206000 -2.200893 0.00000
1.242000 -2.200893 0.00000
1.278000 -2.200893 0.00000
1.314000 -2.200893 0.00000
1.350000 -2.200893 0.00000
1.386000 -2.200893 0.00000
1.422000 -2.200893 0.00000
1.458000 -2.200893 0.00000
1.494000 -2.200893 0.00000
1.530000 -2.200893 0.00000
1.566000 -2.200893 0.30103
1.602000 -2.200893 0.00000
1.638000 -2.200893 0.00000
1.674000 -2.200893 0.00000
1.710000 -2.200893 0.00000
1.746000 -2.200893 0.00000
1.782000 -2.200893 0.60206
1.818000 -2.200893 0.47712
1.854000 -2.200893 0.47712
1.890000 -2.200893 0.00000
1.926000 -2.200893 0.00000
1.962000 -2.200893 0.00000
1.998000 -2.200893 0.00000
2.034000 -2.200893 0.00000
2.070000 -2.200893 0.00000
2.106000 -2.200893 0.00000
2.142000 -2.200893 0.00000
2.178000 -2.200893 0.00000
2.214000 -2.200893 0.00000
2.250000 -2.200893 0.47712
2.286000 -2.200893 0.47712
2.322000 -2.200893 0.00000
2.358000 -2.200893 0.00000
2.394000 -2.200893 0.00000
2.430000 -2.200893 0.00000
2.466000 -2.200893 0.30103
2.502000 -2.200893 0.95424
2.538000 -2.200893 0.47712
2.574000 -2.200893 1.46240
2.610000 -2.200893 0.95424
2.646000 -2.200893 0.84510
2.682000 -2.200893 0.60206
2.718000 -2.200893 0.00000
2.754000 -2.200893 0.00000
2.790000 -2.200893 0.00000
2.826000 -2.200893 0.00000
2.862000 -2.200893 0.00000
2.898000 -2.200893 0.00000
2.934000 -2.200893 0.30103
2.970000 -2.200893 1.04139
3.006000 -2.200893 0.00000
3.042000 -2.200893 0.47712
3.078000 -2.200893 0.00000
3.114000 -2.200893 0.00000
3.150000 -2.200893 0.00000
3.186000 -2.200893 0.00000
3.222000 -2.200893 0.30103
3.258000 -2.200893 0.30103
3.294000 -2.200893 0.60206
3.330000 -2.200893 0.60206
3.366000 -2.200893 0.00000
3.402000 -2.200893 0.00000
3.438000 -2.200893 0.00000
3.474000 -2.200893 0.00000
3.510000 -2.200893 0.00000
3.546000 -2.200893 0.00000
3.582000 -2.200893 0.47712
3.618000 -2.200893 0.47712
3.654000 -2.200893 0.47712
3.690000 -2.200893 1.20412
3.726000 -2.200893 0.47712
3.762000 -2.200893 0.30103
3.798000 -2.200893 0.47712
3.834000 -2.200893 0.00000
3.870000 -2.200893 0.00000
3.906000 -2.200893 0.00000
3.942000 -2.200893 0.00000
3.978000 -2.200893 0.00000
4.014000 -2.200893 0.00000
4.050000 -2.200893 0.00000
4.086000 -2.200893 0.00000
4.122000 -2.200893 0.00000
4.158000 -2.200893 0.00000
4.194000 -2.200893 0.00000
4.230000 -2.200893 0.00000
4.266000 -2.200893 0.00000
4.302000 -2.200893 0.47712
4.338000 -2.200893 1.14613
4.374000 -2.200893 1.04139
4.410000 -2.200893 1.00000
4.446000 -2.200893 0.00000
4.482000 -2.200893 0.00000
4.518000 -2.200893 0.00000
4.554000 -2.200893 0.00000
4.590000 -2.200893 0.00000
4.626000 -2.200893 0.00000
4.662000 -2.200893 0.00000
4.698000 -2.200893 0.00000
4.734000 -2.200893 0.00000
4.770000 -2.200893 0.00000
4.806000 -2.200893 0.00000
4.842000 -2.200893 0.00000
4.878000 -2.200893 0.00000
4.914000 -2.200893 0.00000
4.950000 -2.200893 0.00000
4.986000 -2.200893 0.00000
5.022000 -2.200893 0.47712
5.058000 -2.200893 0.00000
5.094000 -2.200893 0.00000
5.130000 -2.200893 0.00000
5.166000 -2.200893 0.00000
5.202000 -2.200893 0.00000
5.238000 -2.200893 0.00000
5.274000 -2.200893 0.00000
5.310000 -2.200893 0.00000
5.346000 -2.200893 0.00000
5.382000 -2.200893 0.00000
0.018000 -2.170536 0.00000
0.054000 -2.170536 0.00000
0.090000 -2.170536 0.00000
0.126000 -2.170536 0.00000
0.162000 -2.170536 0.00000
0.198000 -2.170536 0.77815
0.234000 -2.170536 1.44716
0.270000 -2.170536 0.77815
0.306000 -2.170536 0.00000
0.342000 -2.170536 0.00000
0.378000 -2.170536 0.00000
0.414000 -2.170536 0.00000
0.450000 -2.170536 0.00000
0.486000 -2.170536 0.00000
0.522000 -2.170536 0.00000
0.558000 -2.170536 0.00000
0.594000 -2.170536 0.00000
0.630000 -2.170536 0.00000
0.666000 -2.170536 0.00000
0.702000 -2.170536 0.00000
0.738000 -2.170536 0.00000
0.774000 -2.170536 0.00000
0.810000 -2.170536 0.00000
0.846000 -2.170536 0.00000
0.882000 -2.170536 0.00000
0.918000 -2.170536 0.00000
0.954000 -2.170536 0.00000
0.990000 -2.170536 0.00000
1.026000 -2.170536 0.00000
1.062000 -2.170536 0.00000
1.098000 -2.170536 0.00000
1.134000 -2.170536 0.00000
1.170000 -2.170536 0.00000
1.206000 -2.170536 0.00000
1.242000 -2.170536 0.00000
1.278000 -2.170536 0.00000
1.314000 -2.170536 0.00000
1.350000 -2.170536 0.00000
1.386000 -2.170536 0.00000
1.422000 -2.170536 0.00000
1.458000 -2.170536 0.00000
1.494000 -2.170536 0.00000
1.530000 -2.170536 0.00000
1.566000 -2.170536 0.00000
1.602000 -2.170536 0.00000
1.638000 -2.170536 0.00000
1.674000 -2.170536 0.00000
1.710000 -2.170536 0.00000
1.746000 -2.170536 0.00000
1.782000 -2.170536 0.30103
1.818000 -2.170536 0.00000
1.854000 -2.170536 0.00000
1.890000 -2.170536 0.30103
1.926000 -2.170536 0.00000
1.962000 -2.170536 0.00000
1.998000 -2.170536 0.00000
2.034000 -2.170536 0.00000
2.070000 -2.170536 0.00000
2.106000 -2.170536 0.00000
2.142000 -2.170536 0.00000
2.178000 -2.170536 0.00000
2.214000 -2.170536 0.00000
2.250000 -2.170536 0.00000
2.286000 -2.170536 0.00000
2.322000 -2.170536 0.00000
2.358000 -2.170536 0.00000
2.394000 -2.170536 0.00000
2.430000 -2.170536 0.00000
2.466000 -2.170536 0.00000
2.502000 -2.170536 0.30103
2.538000 -2.170536 0.47712
2.574000 -2.170536 0.60206
2.610000 -2.170536 1.11394
2.646000 -2.170536 0.47712
2.682000 -2.170536 0.47712
2.718000 -2.170536 0.30103
2.754000 -2.170536 0.00000
2.790000 -2.170536 0.00000
2.826000 -2.170536 0.00000
2.862000 -2.170536 0.00000
2.898000 -2.170536 0.00000
2.934000 -2.170536 0.00000
2.970000 -2.170536 0.84510
3.006000 -2.170536 0.60206
3.042000 -2.170536 0.47712
3.078000 -2.170536 0.47712
3.114000 -2.170536 0.00000
3.150000 -2.170536 0.00000
3.186000 -2.170536 0.00000
3.222000 -2.170536 0.00000
3.258000 -2.170536 0.47712
3.294000 -2.170536 0.00000
3.330000 -2.170536 0.00000
3.366000 -2.170536 0.30103
3.402000 -2.170536 0.00000
3.438000 -2.170536 0.00000
3.474000 -2.170536 0.00000
3.510000 -2.170536 0.00000
3.546000 -2.170536 0.00000
3.582000 -2.170536 0.00000
3.618000 -2.170536 0.30103
3.654000 -2.170536 0.47712
3.690000 -2.170536 0.60206
3.726000 -2.170536 0.84510
3.762000 -2.170536 0.30103
3.798000 -2.170536 0.30103
3.834000 -2.170536 0.30103
3.870000 -2.170536 0.00000
3.906000 -2.170536 0.00000
3.942000 -2.170536 0.00000
3.978000 -2.170536 0.00000
4.014000 -2.170536 0.00000
4.050000 -2.170536 0.00000
4.086000 -2.170536 0.00000
4.122000 -2.170536 0.00000
4.158000 -2.170536 0.00000
4.194000 -2.170536 0.00000
4.230000 -2.170536 0.00000
4.266000 -2.170536 0.00000
4.302000 -2.170536 0.00000
4.338000 -2.170536 0.47712
4.374000 -2.170536 0.77815
4.410000 -2.170536 0.69897
4.446000 -2.170536 0.77815
4.482000 -2.170536 0.00000
4.518000 -2.170536 0.00000
4.554000 -2.170536 0.00000
4.590000 -2.170536 0.00000
4.626000 -2.170536 0.00000
4.662000 -2.170536 0.00000
4.698000 -2.170536 0.00000
4.734000 -2.170536 0.00000
4.770000 -2.170536 0.00000
4.806000 -2.170536 0.00000
4.842000 -2.170536 0.00000
4.878000 -2.170536 0.00000
4.914000 -2.170536 0.00000
4.950000 -2.170536 0.00000
4.986000 -2.170536 0.00000
5.022000 -2.170536 0.00000
5.058000 -2.170536 1.34242
5.094000 -2.170536 1.14613
5.130000 -2.170536 0.00000
5.166000 -2.170536 0.00000
5.202000 -2.170536 0.00000
5.238000 -2.170536 0.00000
5.274000 -2.170536 0.00000
5.310000 -2.170536 0.00000
5.346000 -2.170536 0.00000
5.382000 -2.170536 0.00000
0.018000 -2.140179 0.00000
0.054000 -2.140179 0.00000
0.090000 -2.140179 0.00000
0.126000 -2.140179 0.00000
0.162000 -2.140179 0.00000
0.198000 -2.140179 0.00000
0.234000 -2.140179 1.17609
0.270000 -2.140179 0.69897
0.306000 -2.140179 0.00000
0.342000 -2.140179 0.00000
0.378000 -2.140179 0.00000
0.414000 -2.140179 0.00000
0.450000 -2.140179 0.00000
0.486000 -2.140179 0.00000
0.522000 -2.140179 0.00000
0.558000 -2.140179 0.00000
0.594000 -2.140179 0.00000
0.630000 -2.140179 0.00000
0.666000 -2.140179 0.00000
0.702000 -2.140179 0.00000
0.738000 -2.140179 0.00000
0.774000 -2.140179 0.00000
0.810000 -2.140179 0.00000
0.846000 -2.140179 0.00000
0.882000 -2.140179 0.00000
0.918000 -2.140179 0.00000
0.954000 -2.140179 0.00000
0.990000 -2.140179 0.00000
1.026000 -2.140179 0.00000
1.062000 -2.140179 0.00000
1.098000 -2.140179 0.00000
1.134000 -2.140179 0.00000
1.170000 -2.140179 0.00000
1.206000 -2.140179 0.00000
1.242000 -2.140179 0.00000
1.278000 -2.140179 0.00000
1.314000 -2.140179 0.00000
1.350000 -2.140179 0.00000
1.386000 -2.140179 0.00000
1.422000 -2.140179 0.00000
1.458000 -2.140179 0.00000
1.494000 -2.140179 0.00000
1.530000 -2.140179 0.00000
1.566000 -2.140179 0.00000
1.602000 -2.140179 0.00000
1.638000 -2.140179 0.00000
1.674000 -2.140179 0.00000
1.710000 -2.140179 0.00000
1.746000 -2.140179 0.00000
1.782000 -2.140179 0.60206
1.818000 -2.140179 0.60206
1.854000 -2.140179 0.30103
1.890000 -2.140179 0.30103
1.926000 -2.140179 0.00000
1.962000 -2.140179 0.00000
1.998000 -2.140179 0.00000
2.034000 -2.140179 0.00000
2.070000 -2.140179 0.00000
2.106000 -2.140179 0.00000
2.142000 -2.140179 0.00000
2.178000 -2.140179 0.00000
2.214000 -2.140179 0.00000
2.250000 -2.140179 0.00000
2.286000 -2.140179 0.00000
2.322000 -2.140179 0.00000
2.358000 -2.140179 0.00000
2.394000 -2.140179 0.00000
2.430000 -2.140179 0.00000
2.466000 -2.140179 0.00000
2.502000 -2.140179 0.00000
2.538000 -2.140179 0.47712
2.574000 -2.140179 0.30103
2.610000 -2.140179 0.69897
2.646000 -2.140179 0.60206
2.682000 -2.140179 0.30103
2.718000 -2.140179 0.30103
2.754000 -2.140179 0.00000
2.790000 -2.140179 0.00000
2.826000 -2.140179 0.00000
2.862000 -2.140179 0.00000
2.898000 -2.140179 0.00000
2.934000 -2.140179 0.00000
2.970000 -2.140179 0.60206
3.006000 -2.140179 0.69897
3.042000 -2.140179 0.00000
3.078000 -2.140179 0.00000
3.114000 -2.140179 0.00000
3.150000 -2.140179 0.00000
3.186000 -2.140179 0.00000
3.222000 -2.140179 0.00000
3.258000 -2.140179 0.00000
3.294000 -2.140179 0.00000
3.330000 -2.140179 0.00000
3.366000 -2.140179 0.00000
3.402000 -2.140179 0.00000
3.438000 -2.140179 0.00000
3.474000 -2.140179 0.00000
3.510000 -2.140179 0.00000
3.546000 -2.140179 0.00000
3.582000 -2.140179 0.00000
3.618000 -2.140179 0.00000
3.654000 -2.140179 0.30103
3.690000 -2.140179 0.47712
3.726000 -2.140179 0.90309
3.762000 -2.140179 0.77815
3.798000 -2.140179 0.30103
3.834000 -2.140179 0.30103
3.870000 -2.140179 0.30103
3.906000 -2.140179 0.00000
3.942000 -2.140179 0.00000
3.978000 -2.140179 0.00000
4.014000 -2.140179 0.00000
4.050000 -2.140179 0.00000
4.086000 -2.140179 0.00000
4.122000 -2.140179 0.00000
4.158000 -2.140179 0.00000
4.194000 -2.140179 0.00000
4.230000 -2.140179 0.00000
4.266000 -2.140179 0.00000
4.302000 -2.140179 0.00000
4.338000 -2.140179 0.00000
4.374000 -2.140179 0.30103
4.410000 -2.140179 0.47712
4.446000 -2.140179 0.77815
4.482000 -2.140179 0.60206
4.518000 -2.140179 0.00000
4.554000 -2.140179 0.00000
4.590000 -2.140179 0.00000
4.626000 -2.140179 0.00000
4.662000 -2.140179 0.00000
4.698000 -2.140179 0.00000
4.734000 -2.140179 0.00000
4.770000 -2.140179 0.00000
4.806000 -2.140179 0.00000
4.842000 -2.140179 0.00000
4.878000 -2.140179 0.00000
4.914000 -2.140179 0.00000
4.950000 -2.140179 0.00000
4.986000 -2.140179 0.00000
5.022000 -2.140179 0.00000
5.058000 -2.140179 0.00000
5.094000 -2.140179 1.00000
5.130000 -2.140179 1.00000
5.166000 -2.140179 0.00000
5.202000 -2.140179 0.00000
5.238000 -2.140179 0.00000
5.274000 -2.140179 0.00000
5.310000 -2.140179 0.00000
5.346000 -2.140179 0.00000
5.382000 -2.140179 0.00000
0.018000 -2.109821 0.00000
0.054000 -2.109821 0.00000
0.090000 -2.109821 0.00000
0.126000 -2.109821 0.00000
0.162000 -2.109821 0.00000
0.198000 -2.109821 0.77815
0.234000 -2.109821 1.04139
0.270000 -2.109821 0.00000
0.306000 -2.109821 0.00000
0.342000 -2.109821 0.00000
0.378000 -2.109821 0.00000
0.414000 -2.109821 0.00000
0.450000 -2.109821 0.00000
0.486000 -2.109821 0.00000
0.522000 -2.109821 0.00000
0.558000 -2.109821 0.00000
0.594000 -2.109821 0.00000
0.630000 -2.109821 0.84510
0.666000 -2.109821 1.00000
0.702000 -2.109821 0.00000
0.738000 -2.109821 0.00000
0.774000 -2.109821 0.00000
0.810000 -2.109821 0.00000
0.846000 -2.109821 0.00000
0.882000 -2.109821 0.00000
0.918000 -2.109821 0.00000
0.954000 -2.109821 0.00000
0.990000 -2.109821 0.00000
1.026000 -2.109821 0.00000
1.062000 -2.109821 0.00000
1.098000 -2.109821 0.00000
1.134000 -2.109821 0.00000
1.170000 -2.109821 0.00000
1.206000 -2.109821 0.00000
1.242000 -2.109821 0.00000
1.278000 -2.109821 0.00000
1.314000 -2.109821 0.00000
1.350000 -2.109821 0.00000
1.386000 -2.109821 0.00000
1.422000 -2.109821 0.00000
1.458000 -2.109821 0.00000
1.494000 -2.109821 0.00000
1.530000 -2.109821 0.00000
1.566000 -2.109821 0.00000
1.602000 -2.109821 0.00000
1.638000 -2.109821 0.00000
1.674000 -2.109821 0.00000
1.710000 -2.109821 0.00000
1.746000 -2.109821 0.00000
1.782000 -2.109821 0.00000
1.818000 -2.109821 0.00000
1.854000 -2.109821 0.00000
1.890000 -2.109821 0.30103
1.926000 -2.109821 0.00000
1.962000 -2.109821 0.00000
1.998000 -2.109821 0.00000
2.034000 -2.109821 0.00000
2.070000 -2.109821 0.00000
2.106000 -2.109821 0.00000
2.142000 -2.109821 0.00000
2.178000 -2.109821 0.00000
2.214000 -2.109821 0.00000
2.250000 -2.109821 0.00000
2.286000 -2.109821 0.00000
2.322000 -2.109821 0.00000
2.358000 -2.109821 0.00000
2.394000 -2.109821 0.00000
2.430000 -2.109821 0.00000
2.466000 -2.109821 0.00000
2.502000 -2.109821 0.00000
2.538000 -2.109821 0.30103
2.574000 -2.109821 0.47712
2.610000 -2.109821 0.30103
2.646000 -2.109821 0.95424
2.682000 -2.109821 0.30103
2.718000 -2.109821 0.30103
2.754000 -2.109821 0.30103
2.790000 -2.109821 0.00000
2.826000 -2.109821 0.00000
2.862000 -2.109821 0.00000
2.898000 -2.109821 0.00000
2.934000 -2.109821 0.00000
2.970000 -2.109821 0.00000
3.006000 -2.109821 0.00000
3.042000 -2.109821 0.00000
3.078000 -2.109821 0.00000
3.114000 -2.109821 0.00000
3.150000 -2.109821 0.00000
3.186000 -2.109821 0.00000
3.222000 -2.109821 0.00000
3.258000 -2.109821 0.00000
3.294000 -2.109821 0.00000
3.330000 -2.109821 0.00000
3.366000 -2.109821 0.00000
3.402000 -2.109821 0.00000
3.438000 -2.109821 0.00000
3.474000 -2.109821 0.00000
3.510000 -2.109821 0.00000
3.546000 -2.109821 0.00000
3.582000 -2.109821 0.00000
3.618000 -2.109821 0.00000
3.654000 -2.109821 0.00000
3.690000 -2.109821 0.00000
3.726000 -2.109821 0.00000
3.762000 -2.109821 0.00000
3.798000 -2.109821 0.00000
3.834000 -2.109821 0.00000
3.870000 -2.109821 0.00000
3.906000 -2.109821 0.00000
3.942000 -2.109821 0.00000
3.978000 -2.109821 0.00000
4.014000 -2.109821 0.00000
4.050000 -2.109821 0.00000
4.086000 -2.109821 0.00000
4.122000 -2.109821 0.00000
4.158000 -2.109821 0.00000
4.194000 -2.109821 0.00000
4.230000 -2.109821 0.00000
4.266000 -2.109821 0.00000
4.302000 -2.109821 0.00000
4.338000 -2.109821 0.00000
4.374000 -2.109821 0.00000
4.410000 -2.109821 0.47712
4.446000 -2.109821 0.00000
4.482000 -2.109821 0.00000
4.518000 -2.109821 0.30103
4.554000 -2.109821 0.00000
4.590000 -2.109821 0.00000
4.626000 -2.109821 0.00000
4.662000 -2.109821 0.00000
4.698000 -2.109821 0.00000
4.734000 -2.109821 0.00000
4.770000 -2.109821 0.00000
4.806000 -2.109821 0.00000
4.842000 -2.109821 0.00000
4.878000 -2.109821 0.00000
4.914000 -2.109821 0.00000
4.950000 -2.109821 0.00000
4.986000 -2.109821 0.00000
5.022000 -2.109821 0.00000
5.058000 -2.109821 0.00000
5.094000 -2.109821 0.00000
5.130000 -2.109821 0.47712
5.166000 -2.109821 1.00000
5.202000 -2.109821 0.00000
5.238000 -2.109821 0.00000
5.274000 -2.109821 0.00000
5.310000 -2.109821 0.00000
5.346000 -2.109821 0.00000
5.382000 -2.109821 0.00000
0.018000 -2.079464 0.00000
0.054000 -2.079464 0.00000
0.090000 -2.079464 0.00000
0.126000 -2.079464 0.00000
0.162000 -2.079464 0.90309
0.198000 -2.079464 0.69897
0.234000 -2.079464 0.00000
0.270000 -2.079464 0.00000
0.306000 -2.079464 0.00000
0.342000 -2.079464 0.00000
0.378000 -2.079464 0.00000
0.414000 -2.079464 0.00000
0.450000 -2.079464 0.00000
0.486000 -2.079464 0.00000
0.522000 -2.079464 0.00000
0.558000 -2.079464 0.00000
0.594000 -2.079464 0.30103
0.630000 -2.079464 0.90309
0.666000 -2.079464 1.20412
0.702000 -2.079464 1.17609
0.738000 -2.079464 0.30103
0.774000 -2.079464 0.00000
0.810000 -2.079464 0.00000
0.846000 -2.079464 0.00000
0.882000 -2.079464 0.00000
0.918000 -2.079464 0.00000
0.954000 -2.079464 0.00000
0.990000 -2.079464 0.00000
1.026000 -2.079464 0.00000
1.062000 -2.079464 0.00000
1.098000 -2.079464 0.00000
1.134000 -2.079464 0.00000
1.170000 -2.079464 0.00000
1.206000 -2.079464 0.00000
1.242000 -2.079464 0.00000
1.278000 -2.079464 0.00000
1.314000 -2.079464 0.00000
1.350000 -2.079464 0.00000
1.386000 -2.079464 0.00000
1.422000 -2.079464 0.00000
1.458000 -2.079464 0.00000
1.494000 -2.079464 0.00000
1.530000 -2.079464 0.00000
1.566000 -2.079464 0.00000
1.602000 -2.079464 0.00000
1.638000 -2.079464 0.00000
1.674000 -2.079464 0.00000
1.710000 -2.079464 0.00000
1.746000 -2.079464 0.00000
1.782000 -2.079464 0.00000
1.818000 -2.079464 0.00000
1.854000 -2.079464 0.00000
1.890000 -2.079464 0.00000
1.926000 -2.079464 0.00000
1.962000 -2.079464 0.00000
1.998000 -2.079464 0.00000
2.034000 -2.079464 0.00000
2.070000 -2.079464 0.00000
2.106000 -2.079464 0.00000
2.142000 -2.079464 0.00000
2.178000 -2.079464 0.00000
2.214000 -2.079464 0.00000
2.250000 -2.079464 0.00000
2.286000 -2.079464 0.00000
2.322000 -2.079464 0.00000
2.358000 -2.079464 0.00000
2.394000 -2.079464 0.00000
2.430000 -2.079464 0.00000
2.466000 -2.079464 0.00000
2.502000 -2.079464 0.00000
2.538000 -2.079464 0.00000
2.574000 -2.079464 0.00000
2.610000 -2.079464 0.30103
2.646000 -2.079464 1.00000
2.682000 -2.079464 0.30103
2.718000 -2.079464 0.47712
2.754000 -2.079464 0.30103
2.790000 -2.079464 0.00000
2.826000 -2.079464 0.00000
2.862000 -2.079464 0.00000
2.898000 -2.079464 0.00000
2.934000 -2.079464 0.00000
2.970000 -2.079464 0.00000
3.006000 -2.079464 0.00000
3.042000 -2.079464 0.00000
3.078000 -2.079464 0.00000
3.114000 -2.079464 0.00000
3.150000 -2.079464 0.90309
3.186000 -2.079464 0.00000
3.222000 -2.079464 0.00000
3.258000 -2.079464 0.00000
3.294000 -2.079464 0.00000
3.330000 -2.079464 0.00000
3.366000 -2.079464 0.00000
3.402000 -2.079464 0.00000
3.438000 -2.079464 0.00000
3.474000 -2.079464 0.00000
3.510000 -2.079464 0.00000
3.546000 -2.079464 0.00000
3.582000 -2.079464 0.00000
3.618000 -2.079464 0.00000
3.654000 -2.079464 0.00000
3.690000 -2.079464 0.00000
3.726000 -2.079464 0.00000
3.762000 -2.079464 0.00000
3.798000 -2.079464 0.00000
3.834000 -2.079464 0.00000
3.870000 -2.079464 0.00000
3.906000 -2.079464 0.00000
3.942000 -2.079464 0.00000
3.978000 -2.079464 0.00000
4.014000 -2.079464 0.00000
4.050000 -2.079464 0.00000
4.086000 -2.079464 0.00000
4.122000 -2.079464 0.00000
4.158000 -2.079464 0.00000
4.194000 -2.079464 0.00000
4.230000 -2.079464 0.00000
4.266000 -2.079464 0.00000
4.302000 -2.079464 0.00000
4.338000 -2.079464 0.00000
4.374000 -2.079464 0.00000
4.410000 -2.079464 0.00000
4.446000 -2.079464 0.00000
4.482000 -2.079464 0.00000
4.518000 -2.079464 0.00000
4.554000 -2.079464 0.00000
4.590000 -2.079464 0.00000
4.626000 -2.079464 0.00000
4.662000 -2.079464 0.00000
4.698000 -2.079464 0.00000
4.734000 -2.079464 0.00000
4.770000 -2.079464 0.00000
4.806000 -2.079464 0.00000
4.842000 -2.079464 0.00000
4.878000 -2.079464 0.00000
4.914000 -2.079464 0.00000
4.950000 -2.079464 0.00000
4.986000 -2.079464 0.00000
5.022000 -2.079464 0.00000
5.058000 -2.079464 0.00000
5.094000 -2.079464 0.00000
5.130000 -2.079464 0.00000
5.166000 -2.079464 0.00000
5.202000 -2.079464 0.00000
5.238000 -2.079464 0.00000
5.274000 -2.079464 0.00000
5.310000 -2.079464 0.00000
5.346000 -2.079464 0.00000
5.382000 -2.079464 0.00000
0.018000 -2.049107 0.00000
0.054000 -2.049107 0.00000
0.090000 -2.049107 0.00000
0.126000 -2.049107 0.00000
0.162000 -2.049107 0.47712
0.198000 -2.049107 0.00000
0.234000 -2.049107 0.00000
0.270000 -2.049107 0.00000
0.306000 -2.049107 0.00000
0.342000 -2.049107 0.00000
0.378000 -2.049107 0.00000
0.414000 -2.049107 0.00000
0.450000 -2.049107 0.00000
0.486000 -2.049107 0.00000
0.522000 -2.049107 0.00000
0.558000 -2.049107 0.00000
0.594000 -2.049107 0.60206
0.630000 -2.049107 0.90309
0.666000 -2.049107 0.95424
0.702000 -2.049107 1.00000
0.738000 -2.049107 1.17609
0.774000 -2.049107 0.60206
0.810000 -2.049107 0.00000
0.846000 -2.049107 0.00000
0.882000 -2.049107 0.00000
0.918000 -2.049107 0.00000
0.954000 -2.049107 0.00000
0.990000 -2.049107 0.00000
1.026000 -2.049107 0.00000
1.062000 -2.049107 0.00000
1.098000 -2.049107 0.00000
1.134000 -2.049107 0.00000
1.170000 -2.049107 0.00000
1.206000 -2.049107 0.00000
1.242000 -2.049107 0.00000
1.278000 -2.049107 0.00000
1.314000 -2.049107 0.00000
1.350000 -2.049107 0.00000
1.386000 -2.049107 0.00000
1.422000 -2.049107 0.00000
1.458000 -2.049107 0.00000
1.494000 -2.049107 0.00000
1.530000 -2.049107 0.00000
1.566000 -2.049107 0.00000
1.602000 -2.049107 0.00000
1.638000 -2.049107 0.00000
1.674000 -2.049107 0.00000
1.710000 -2.049107 0.00000
1.746000 -2.049107 0.00000
1.782000 -2.049107 0.00000
1.818000 -2.049107 0.00000
1.854000 -2.049107 0.00000
1.890000 -2.049107 0.00000
1.926000 -2.049107 0.00000
1.962000 -2.049107 0.00000
1.998000 -2.049107 0.00000
2.034000 -2.049107 0.00000
2.070000 -2.049107 0.00000
2.106000 -2.049107 0.00000
2.142000 -2.049107 0.00000
2.178000 -2.049107 0.00000
2.214000 -2.049107 0.00000
2.250000 -2.049107 0.00000
2.286000 -2.049107 0.00000
2.322000 -2.049107 0.00000
2.358000 -2.049107 0.00000
2.394000 -2.049107 0.00000
2.430000 -2.049107 0.00000
2.466000 -2.049107 0.00000
2.502000 -2.049107 0.00000
2.538000 -2.049107 0.00000
2.574000 -2.049107 0.30103
2.610000 -2.049107 0.30103
2.646000 -2.049107 0.00000
2.682000 -2.049107 0.47712
2.718000 -2.049107 0.00000
2.754000 -2.049107 0.00000
2.790000 -2.049107 0.00000
2.826000 -2.049107 0.00000
2.862000 -2.049107 0.00000
2.898000 -2.049107 0.00000
2.934000 -2.049107 0.00000
2.970000 -2.049107 0.00000
3.006000 -2.049107 0.00000
3.042000 -2.049107 0.00000
3.078000 -2.049107 0.00000
3.114000 -2.049107 0.00000
3.150000 -2.049107 0.47712
3.186000 -2.049107 0.00000
3.222000 -2.049107 0.00000
3.258000 -2.049107 0.00000
3.294000 -2.049107 0.00000
3.330000 -2.049107 0.00000
3.366000 -2.049107 0.00000
3.402000 -2.049107 0.00000
3.438000 -2.049107 0.00000
3.474000 -2.049107 0.00000
3.510000 -2.049107 0.00000
3.546000 -2.049107 0.00000
3.582000 -2.049107 0.00000
3.618000 -2.049107 0.00000
3.654000 -2.049107 0.00000
3.690000 -2.049107 0.00000
3.726000 -2.049107 0.00000
3.762000 -2.049107 0.00000
3.798000 -2.049107 0.00000
3.834000 -2.049107 0.00000
3.870000 -2.049107 0.00000
3.906000 -2.049107 0.00000
3.942000 -2.049107 0.00000
3.978000 -2.049107 0.00000
4.014000 -2.049107 0.00000
4.050000 -2.049107 0.00000
4.086000 -2.049107 0.00000
4.122000 -2.049107 0.00000
4.158000 -2.049107 0.00000
4.194000 -2.049107 0.00000
4.230000 -2.049107 0.00000
4.266000 -2.049107 0.00000
4.302000 -2.049107 0.00000
4.338000 -2.049107 0.00000
4.374000 -2.049107 0.00000
4.410000 -2.049107 0.00000
4.446000 -2.049107 0.00000
4.482000 -2.049107 0.00000
4.518000 -2.049107 0.00000
4.554000 -2.049107 0.00000
4.590000 -2.049107 0.00000
4.626000 -2.049107 0.00000
4.662000 -2.049107 0.00000
4.698000 -2.049107 0.00000
4.734000 -2.049107 0.00000
4.770000 -2.049107 0.00000
4.806000 -2.049107 0.00000
4.842000 -2.049107 0.00000
4.878000 -2.049107 0.00000
4.914000 -2.049107 0.00000
4.950000 -2.049107 0.00000
4.986000 -2.049107 0.00000
5.022000 -2.049107 0.00000
5.058000 -2.049107 0.00000
5.094000 -2.049107 0.00000
5.130000 -2.049107 0.00000
5.166000 -2.049107 0.00000
5.202000 -2.049107 0.00000
5.238000 -2.049107 0.00000
5.274000 -2.049107 0.00000
5.310000 -2.049107 0.00000
5.346000 -2.049107 0.00000
5.382000 -2.049107 0.00000
0.018000 -2.018750 0.00000
0.054000 -2.018750 0.00000
0.090000 -2.018750 0.00000
0.126000 -2.018750 0.00000
0.162000 -2.018750 0.00000
0.198000 -2.018750 0.00000
0.234000 -2.018750 0.00000
0.270000 -2.018750 0.00000
0.306000 -2.018750 0.00000
0.342000 -2.018750 0.00000
0.378000 -2.018750 0.00000
0.414000 -2.018750 0.00000
0.450000 -2.018750 0.00000
0.486000 -2.018750 0.00000
0.522000 -2.018750 0.00000
0.558000 -2.018750 0.30103
0.594000 -2.018750 0.77815
0.630000 -2.018750 0.90309
0.666000 -2.018750 0.84510
0.702000 -2.018750 1.11394
0.738000 -2.018750 1.11394
0.774000 -2.018750 1.14613
0.810000 -2.018750 0.30103
0.846000 -2.018750 0.00000
0.882000 -2.018750 0.00000
0.918000 -2.018750 0.00000
0.954000 -2.018750 0.00000
0.990000 -2.018750 0.00000
1.026000 -2.018750 0.00000
1.062000 -2.018750 0.00000
1.098000 -2.018750 0.00000
1.134000 -2.018750 0.00000
1.170000 -2.018750 0.00000
1.206000 -2.018750 0.00000
1.242000 -2.018750 0.00000
1.278000 -2.018750 0.00000
1.314000 -2.018750 0.00000
1.350000 -2.018750 0.00000
1.386000 -2.018750 0.00000
1.422000 -2.018750 0.00000
1.458000 -2.018750 0.00000
1.494000 -2.018750 0.00000
1.530000 -2.018750 0.00000
1.566000 -2.018750 0.00000
1.602000 -2.018750 0.00000
1.638000 -2.018750 0.00000
1.674000 -2.018750 0.00000
1.710000 -2.018750 0.00000
1.746000 -2.018750 0.00000
1.782000 -2.018750 0.00000
1.818000 -2.018750 0.00000
1.854000 -2.018750 0.00000
1.890000 -2.018750 0.00000
1.926000 -2.018750 0.00000
1.962000 -2.018750 0.00000
1.998000 -2.018750 0.00000
2.034000 -2.018750 0.00000
2.070000 -2.018750 0.00000
2.106000 -2.018750 0.00000
2.142000 -2.018750 0.00000
2.178000 -2.018750 0.00000
2.214000 -2.018750 0.00000
2.250000 -2.018750 0.00000
2.286000 -2.018750 0.00000
2.322000 -2.018750 0.00000
2.358000 -2.018750 0.00000
2.394000 -2.018750 0.00000
2.430000 -2.018750 0.00000
2.466000 -2.018750 0.00000
2.502000 -2.018750 0.00000
2.538000 -2.018750 0.00000
2.574000 -2.018750 0.00000
2.610000 -2.018750 0.00000
2.646000 -2.018750 0.00000
2.682000 -2.018750 0.00000
2.718000 -2.018750 0.00000
2.754000 -2.018750 0.00000
2.790000 -2.018750 0.00000
2.826000 -2.018750 0.00000
2.862000 -2.018750 0.00000
2.898000 -2.018750 0.00000
2.934000 -2.018750 0.00000
2.970000 -2.018750 0.00000
3.006000 -2.018750 0.00000
3.042000 -2.018750 0.00000
3.078000 -2.018750 0.00000
3.114000 -2.018750 0.00000
3.150000 -2.018750 0.00000
3.186000 -2.018750 0.00000
3.222000 -2.018750 0.00000
3.258000 -2.018750 0.00000
3.294000 -2.018750 0.00000
3.330000 -2.018750 0.00000
3.366000 -2.018750 0.00000
3.402000 -2.018750 0.00000
3.438000 -2.018750 0.00000
3.474000 -2.018750 0.00000
3.510000 -2.018750 0.00000
3.546000 -2.018750 0.00000
3.582000 -2.018750 0.00000
3.618000 -2.018750 0.00000
3.654000 -2.018750 0.00000
3.690000 -2.018750 0.00000
3.726000 -2.018750 0.00000
3.762000 -2.018750 0.00000
3.798000 -2.018750 0.00000
3.834000 -2.018750 0.00000
3.870000 -2.018750 0.00000
3.906000 -2.018750 0.00000
3.942000 -2.018750 0.00000
3.978000 -2.018750 0.00000
4.014000 -2.018750 0.00000
4.050000 -2.018750 0.00000
4.086000 -2.018750 0.00000
4.122000 -2.018750 0.00000
4.158000 -2.018750 0.00000
4.194000 -2.018750 0.00000
4.230000 -2.018750 0.00000
4.266000 -2.018750 0.00000
4.302000 -2.018750 0.00000
4.338000 -2.018750 0.00000
4.374000 -2.018750 0.00000
4.410000 -2.018750 0.00000
4.446000 -2.018750 0.00000
4.482000 -2.018750 0.00000
4.518000 -2.018750 0.00000
4.554000 -2.018750 0.00000
4.590000 -2.018750 0.00000
4.626000 -2.018750 0.00000
4.662000 -2.018750 0.00000
4.698000 -2.018750 0.00000
4.734000 -2.018750 0.00000
4.770000 -2.018750 0.00000
4.806000 -2.018750 0.00000
4.842000 -2.018750 0.00000
4.878000 -2.018750 0.00000
4.914000 -2.018750 0.00000
4.950000 -2.018750 0.00000
4.986000 -2.018750 0.00000
5.022000 -2.018750 0.00000
5.058000 -2.018750 0.00000
5.094000 -2.018750 0.00000
5.130000 -2.018750 0.00000
5.166000 -2.018750 0.00000
5.202000 -2.018750 0.00000
5.238000 -2.018750 0.00000
5.274000 -2.018750 0.00000
5.310000 -2.018750 0.00000
5.346000 -2.018750 0.00000
5.382000 -2.018750 0.00000
0.018000 -1.988393 0.00000
0.054000 -1.988393 0.00000
0.090000 -1.988393 0.00000
0.126000 -1.988393 0.00000
0.162000 -1.988393 0.00000
0.198000 -1.988393 0.00000
0.234000 -1.988393 0.00000
0.270000 -1.988393 0.00000
0.306000 -1.988393 0.00000
0.342000 -1.988393 0.00000
0.378000 -1.988393 0.00000
0.414000 -1.988393 0.00000
0.450000 -1.988393 0.00000
0.486000 -1.988393 0.00000
0.522000 -1.988393 0.00000
0.558000 -1.988393 0.60206
0.594000 -1.988393 0.69897
0.630000 -1.988393 0.69897
0.666000 -1.988393 0.77815
0.702000 -1.988393 0.84510
0.738000 -1.988393 1.04139
0.774000 -1.988393 1.14613
0.810000 -1.988393 1.04139
0.846000 -1.988393 0.00000
0.882000 -1.988393 0.00000
0.918000 -1.988393 0.00000
0.954000 -1.988393 0.00000
0.990000 -1.988393 0.00000
1.026000 -1.988393 0.00000
1.062000 -1.988393 0.00000
1.098000 -1.988393 0.00000
1.134000 -1.988393 0.00000
1.170000 -1.988393 0.00000
1.206000 -1.988393 0.00000
1.242000 -1.988393 0.00000
1.278000 -1.988393 0.00000
1.314000 -1.988393 0.00000
1.350000 -1.988393 0.00000
1.386000 -1.988393 0.00000
1.422000 -1.988393 0.00000
1.458000 -1.988393 0.00000
1.494000 -1.988393 0.00000
1.530000 -1.988393 0.00000
1.566000 -1.988393 0.00000
1.602000 -1.988393 0.00000
1.638000 -1.988393 0.00000
1.674000 -1.988393 0.00000
1.710000 -1.988393 0.00000
1.746000 -1.988393 0.00000
1.782000 -1.988393 0.00000
1.818000 -1.988393 0.00000
1.854000 -1.988393 0.00000
1.890000 -1.988393 0.00000
1.926000 -1.988393 0.00000
1.962000 -1.988393 0.00000
1.998000 -1.988393 0.00000
2.034000 -1.988393 0.00000
2.070000 -1.988393 0.00000
2.106000 -1.988393 0.00000
2.142000 -1.988393 0.00000
2.178000 -1.988393 0.00000
2.214000 -1.988393 0.00000
2.250000 -1.988393 0.00000
2.286000 -1.988393 0.00000
2.322000 -1.988393 0.00000
2.358000 -1.988393 0.00000
2.394000 -1.988393 0.00000
2.430000 -1.988393 0.00000
2.466000 -1.988393 0.00000
2.502000 -1.988393 0.00000
2.538000 -1.988393 0.00000
2.574000 -1.988393 0.00000
2.610000 -1.988393 0.00000
2.646000 -1.988393 0.00000
2.682000 -1.988393 0.00000
2.718000 -1.988393 0.00000
2.754000 -1.988393 0.00000
2.790000 -1.988393 0.00000
2.826000 -1.988393 0.00000
2.862000 -1.988393 0.00000
2.898000 -1.988393 0.00000
2.934000 -1.988393 0.00000
2.970000 -1.988393 0.00000
3.006000 -1.988393 0.00000
3.042000 -1.988393 0.00000
3.078000 -1.988393 0.00000
3.114000 -1.988393 0.00000
3.150000 -1.988393 0.00000
3.186000 -1.988393 0.00000
3.222000 -1.988393 0.00000
3.258000 -1.988393 0.00000
3.294000 -1.988393 0.00000
3.330000 -1.988393 0.00000
3.366000 -1.988393 0.00000
3.402000 -1.988393 0.00000
3.438000 -1.988393 0.00000
3.474000 -1.988393 0.00000
3.510000 -1.988393 0.00000
3.546000 -1.988393 0.00000
3.582000 -1.988393 0.00000
3.618000 -1.988393 0.00000
3.654000 -1.988393 0.00000
3.690000 -1.988393 0.00000
3.726000 -1.988393 0.00000
3.762000 -1.988393 0.00000
3.798000 -1.988393 0.00000
3.834000 -1.988393 0.00000
3.870000 -1.988393 0.00000
3.906000 -1.988393 0.00000
3.942000 -1.988393 0.00000
3.978000 -1.988393 0.00000
4.014000 -1.988393 0.00000
4.050000 -1.988393 0.00000
4.086000 -1.988393 0.00000
4.122000 -1.988393 0.00000
4.158000 -1.988393 0.00000
4.194000 -1.988393 0.00000
4.230000 -1.988393 0.00000
4.266000 -1.988393 0.00000
4.302000 -1.988393 0.00000
4.338000 -1.988393 0.00000
4.374000 -1.988393 0.00000
4.410000 -1.988393 0.00000
4.446000 -1.988393 0.00000
4.482000 -1.988393 0.00000
4.518000 -1.988393 0.00000
4.554000 -1.988393 0.00000
4.590000 -1.988393 0.00000
4.626000 -1.988393 0.00000
4.662000 -1.988393 0.00000
4.698000 -1.988393 0.00000
4.734000 -1.988393 0.00000
4.770000 -1.988393 0.00000
4.806000 -1.988393 0.00000
4.842000 -1.988393 0.00000
4.878000 -1.988393 0.00000
4.914000 -1.988393 0.00000
4.950000 -1.988393 0.00000
4.986000 -1.988393 0.00000
5.022000 -1.988393 0.00000
5.058000 -1.988393 0.00000
5.094000 -1.988393 0.00000
5.130000 -1.988393 0.00000
5.166000 -1.988393 0.00000
5.202000 -1.988393 0.00000
5.238000 -1.988393 0.00000
5.274000 -1.988393 0.00000
5.310000 -1.988393 0.00000
5.346000 -1.988393 0.00000
5.382000 -1.988393 0.00000
0.018000 -1.958036 0.00000
0.054000 -1.958036 0.00000
0.090000 -1.958036 0.00000
0.126000 -1.958036 0.00000
0.162000 -1.958036 0.00000
0.198000 -1.958036 0.00000
0.234000 -1.958036 0.00000
0.270000 -1.958036 0.00000
0.306000 -1.958036 0.00000
0.342000 -1.958036 0.00000
0.378000 -1.958036 0.00000
0.414000 -1.958036 0.00000
0.450000 -1.958036 0.00000
0.486000 -1.958036 0.00000
0.522000 -1.958036 0.00000
0.558000 -1.958036 0.30103
0.594000 -1.958036 0.77815
0.630000 -1.958036 0.90309
0.666000 -1.958036 0.69897
0.702000 -1.958036 0.90309
0.738000 -1.958036 0.77815
0.774000 -1.958036 0.90309
0.810000 -1.958036 0.90309
0.846000 -1.958036 0.77815
0.882000 -1.958036 0.00000
0.918000 -1.958036 0.00000
0.954000 -1.958036 0.00000
0.990000 -1.958036 0.00000
1.026000 -1.958036 0.69897
1.062000 -1.958036 1.14613
1.098000 -1.958036 1.04139
1.134000 -1.958036 1.23045
1.170000 -1.958036 0.84510
1.206000 -1.958036 1.04139
1.242000 -1.958036 0.00000
1.278000 -1.958036 0.00000
1.314000 -1.958036 0.00000
1.350000 -1.958036 0.00000
1.386000 -1.958036 0.00000
1.422000 -1.958036 0.00000
1.458000 -1.958036 0.00000
1.494000 -1.958036 0.00000
1.530000 -1.958036 0.00000
1.566000 -1.958036 0.00000
1.602000 -1.958036 0.00000
1.638000 -1.958036 0.00000
1.674000 -1.958036 0.00000
1.710000 -1.958036 0.00000
1.746000 -1.958036 0.00000
1.782000 -1.958036 0.00000
1.818000 -1.958036 0.00000
1.854000 -1.958036 0.00000
1.890000 -1.958036 0.00000
1.926000 -1.958036 0.00000
1.962000 -1.958036 0.00000
1.998000 -1.958036 0.00000
2.034000 -1.958036 0.00000
2.070000 -1.958036 0.00000
2.106000 -1.958036 0.00000
2.142000 -1.958036 0.00000
2.178000 -1.958036 0.00000
2.214000 -1.958036 0.00000
2.250000 -1.958036 0.00000
2.286000 -1.958036 0.00000
2.322000 -1.958036 0.00000
2.358000 -1.958036 0.00000
2.394000 -1.958036 0.00000
2.430000 -1.958036 0.00000
2.466000 -1.958036 0.00000
2.502000 -1.958036 0.00000
2.538000 -1.958036 0.00000
2.574000 -1.958036 0.00000
2.610000 -1.958036 0.00000
2.646000 -1.958036 0.00000
2.682000 -1.958036 0.00000
2.718000 -1.958036 0.00000
2.754000 -1.958036 0.00000
2.790000 -1.958036 0.00000
2.826000 -1.958036 0.00000
2.862000 -1.958036 0.00000
2.898000 -1.958036 0.00000
2.934000 -1.958036 0.00000
2.970000 -1.958036 0.00000
3.006000 -1.958036 0.00000
3.042000 -1.958036 0.00000
3.078000 -1.958036 0.00000
3.114000 -1.958036 0.00000
3.150000 -1.958036 0.00000
3.186000 -1.958036 0.00000
3.222000 -1.958036 0.00000
3.258000 -1.958036 0.00000
3.294000 -1.958036 0.00000
3.330000 -1.958036 0.00000
3.366000 -1.958036 0.00000
3.402000 -1.958036 0.00000
3.438000 -1.958036 0.00000
3.474000 -1.958036 0.00000
3.510000 -1.958036 0.00000
3.546000 -1.958036 0.00000
3.582000 -1.958036 0.00000
3.618000 -1.958036 0.00000
3.654000 -1.958036 0.00000
3.690000 -1.958036 0.00000
3.726000 -1.958036 0.00000
3.762000 -1.958036 0.00000
3.798000 -1.958036 0.00000
3.834000 -1.958036 0.00000
3.870000 -1.958036 0.00000
3.906000 -1.958036 0.00000
3.942000 -1.958036 0.00000
3.978000 -1.958036 0.00000
4.014000 -1.958036 0.00000
4.050000 -1.958036 0.00000
4.086000 -1.958036 0.00000
4.122000 -1.958036 0.00000
4.158000 -1.958036 0.00000
4.194000 -1.958036 0.00000
4.230000 -1.958036 0.00000
4.266000 -1.958036 0.00000
4.302000 -1.958036 0.00000
4.338000 -1.958036 0.00000
4.374000 -1.958036 0.00000
4.410000 -1.958036 0.00000
4.446000 -1.958036 0.00000
4.482000 -1.958036 0.00000
4.518000 -1.958036 0.00000
4.554000 -1.958036 0.00000
4.590000 -1.958036 0.00000
4.626000 -1.958036 0.00000
4.662000 -1.958036 0.00000
4.698000 -1.958036 0.00000
4.734000 -1.958036 0.00000
4.770000 -1.958036 0.00000
4.806000 -1.958036 0.00000
4.842000 -1.958036 0.00000
4.878000 -1.958036 0.00000
4.914000 -1.958036 0.00000
4.950000 -1.958036 0.00000
4.986000 -1.958036 0.00000
5.022000 -1.958036 0.00000
5.058000 -1.958036 0.00000
5.094000 -1.958036 0.00000
5.130000 -1.958036 0.00000
5.166000 -1.958036 0.00000
5.202000 -1.958036 0.00000
5.238000 -1.958036 0.00000
5.274000 -1.958036 0.00000
5.310000 -1.958036 0.00000
5.346000 -1.958036 0.00000
5.382000 -1.958036 0.00000
0.018000 -1.927679 0.00000
0.054000 -1.927679 0.00000
0.090000 -1.927679 0.00000
0.126000 -1.927679 0.00000
0.162000 -1.927679 0.00000
0.198000 -1.927679 0.00000
0.234000 -1.927679 0.00000
0.270000 -1.927679 0.00000
0.306000 -1.927679 0.00000
0.342000 -1.927679 0.00000
0.378000 -1.927679 0.00000
0.414000 -1.927679 0.00000
0.450000 -1.927679 0.00000
0.486000 -1.927679 0.00000
0.522000 -1.927679 0.47712
0.558000 -1.927679 0.90309
0.594000 -1.927679 0.69897
0.630000 -1.927679 0.60206
0.666000 -1.927679 0.90309
0.702000 -1.927679 0.77815
0.738000 -1.927679 1.04139
0.774000 -1.927679 0.90309
0.810000 -1.927679 1.00000
0.846000 -1.927679 0.84510
0.882000 -1.927679 0.47712
0.918000 -1.927679 0.00000
0.954000 -1.927679 0.84510
0.990000 -1.927679 1.34242
1.026000 -1.927679 1.43136
1.062000 -1.927679 1.27875
1.098000 -1.927679 1.44716
1.134000 -1.927679 1.41497
1.170000 -1.927679 1.38021
1.206000 -1.927679 1.85733
1.242000 -1.927679 1.36173
1.278000 -1.927679 1.20412
1.314000 -1.927679 0.30103
1.350000 -1.927679 0.00000
1.386000 -1.927679 0.00000
1.422000 -1.927679 0.00000
1.458000 -1.927679 0.00000
1.494000 -1.927679 0.00000
1.530000 -1.927679 0.00000
1.566000 -1.927679 0.00000
1.602000 -1.927679 0.00000
1.638000 -1.927679 0.00000
1.674000 -1.927679 0.00000
1.710000 -1.927679 0.00000
1.746000 -1.927679 0.00000
1.782000 -1.927679 0.00000
1.818000 -1.927679 0.00000
1.854000 -1.927679 0.00000
1.890000 -1.927679 0.00000
1.926000 -1.927679 0.00000
1.962000 -1.927679 0.00000
1.998000 -1.927679 0.00000
2.034000 -1.927679 0.00000
2.070000 -1.927679 0.00000
2.106000 -1.927679 0.00000
2.142000 -1.927679 0.00000
2.178000 -1.927679 0.00000
2.214000 -1.927679 0.00000
2.250000 -1.927679 0.00000
2.286000 -1.927679 0.00000
2.322000 -1.927679 0.00000
2.358000 -1.927679 0.00000
2.394000 -1.927679 0.00000
2.430000 -1.927679 0.00000
2.466000 -1.927679 0.00000
2.502000 -1.927679 0.00000
2.538000 -1.927679 0.00000
2.574000 -1.927679 0.00000
2.610000 -1.927679 0.00000
2.646000 -1.927679 0.00000
2.682000 -1.927679 0.00000
2.718000 -1.927679 0.00000
2.754000 -1.927679 0.00000
2.790000 -1.927679 0.00000
2.826000 -1.927679 0.00000
2.862000 -1.927679 0.00000
2.898000 -1.927679 0.00000
2.934000 -1.927679 0.00000
2.970000 -1.927679 0.00000
3.006000 -1.927679 0.00000
3.042000 -1.927679 0.00000
3.078000 -1.927679 0.00000
3.114000 -1.927679 0.00000
3.150000 -1.927679 0.00000
3.186000 -1.927679 0.00000
3.222000 -1.927679 0.00000
3.258000 -1.927679 0.00000
3.294000 -1.927679 0.00000
3.330000 -1.927679 0.00000
3.366000 -1.927679 0.00000
3.402000 -1.927679 0.00000
3.438000 -1.927679 0.00000
3.474000 -1.927679 0.00000
3.510000 -1.927679 0.00000
3.546000 -1.927679 0.00000
3.582000 -1.927679 0.00000
3.618000 -1.927679 0.00000
3.654000 -1.927679 0.00000
3.690000 -1.927679 0.00000
3.726000 -1.927679 0.00000
3.762000 -1.927679 0.00000
3.798000 -1.927679 0.00000
3.834000 -1.927679 0.00000
3.870000 -1.927679 0.00000
3.906000 -1.927679 0.00000
3.942000 -1.927679 0.00000
3.978000 -1.927679 0.00000
4.014000 -1.927679 0.00000
4.050000 -1.927679 0.00000
4.086000 -1.927679 0.00000
4.122000 -1.927679 0.00000
4.158000 -1.927679 0.00000
4.194000 -1.927679 0.00000
4.230000 -1.927679 0.00000
4.266000 -1.927679 0.00000
4.302000 -1.927679 0.00000
4.338000 -1.927679 0.00000
4.374000 -1.927679 0.00000
4.410000 -1.927679 0.00000
4.446000 -1.927679 0.00000
4.482000 -1.927679 0.00000
4.518000 -1.927679 0.00000
4.554000 -1.927679 0.00000
4.590000 -1.927679 0.00000
4.626000 -1.927679 0.00000
4.662000 -1.927679 0.00000
4.698000 -1.927679 0.00000
4.734000 -1.927679 0.00000
4.770000 -1.927679 0.00000
4.806000 -1.927679 0.00000
4.842000 -1.927679 0.00000
4.878000 -1.927679 0.00000
4.914000 -1.927679 0.00000
4.950000 -1.927679 0.00000
4.986000 -1.927679 0.00000
5.022000 -1.927679 0.00000
5.058000 -1.927679 0.00000
5.094000 -1.927679 0.00000
5.130000 -1.927679 0.00000
5.166000 -1.927679 0.00000
5.202000 -1.927679 0.00000
5.238000 -1.927679 0.00000
5.274000 -1.927679 0.00000
5.310000 -1.927679 0.00000
5.346000 -1.927679 0.00000
5.382000 -1.927679 0.00000
0.018000 -1.897321 0.00000
0.054000 -1.897321 0.00000
0.090000 -1.897321 0.00000
0.126000 -1.897321 0.00000
0.162000 -1.897321 0.00000
0.198000 -1.897321 0.00000
0.234000 -1.897321 0.00000
0.270000 -1.897321 0.00000
0.306000 -1.897321 0.00000
0.342000 -1.897321 0.00000
0.378000 -1.897321 0.00000
0.414000 -1.897321 0.00000
0.450000 -1.897321 0.00000
0.486000 -1.897321 0.00000
0.522000 -1.897321 0.00000
0.558000 -1.897321 0.30103
0.594000 -1.897321 0.60206
0.630000 -1.897321 0.90309
0.666000 -1.897321 0.69897
0.702000 -1.897321 0.84510
0.738000 -1.897321 0.60206
0.774000 -1.897321 0.95424
0.810000 -1.897321 0.84510
0.846000 -1.897321 0.69897
0.882000 -1.897321 0.60206
0.918000 -1.897321 0.00000
0.954000 -1.897321 0.77815
0.990000 -1.897321 1.23045
1.026000 -1.897321 1.30103
1.062000 -1.897321 1.11394
1.098000 -1.897321 1.00000
1.134000 -1.897321 1.00000
1.170000 -1.897321 1.17609
1.206000 -1.897321 1.91908
1.242000 -1.897321 1.38021
1.278000 -1.897321 1.25527
1.314000 -1.897321 1.30103
1.350000 -1.897321 1.27875
1.386000 -1.897321 0.60206
1.422000 -1.897321 0.30103
1.458000 -1.897321 0.00000
1.494000 -1.897321 0.00000
1.530000 -1.897321 0.00000
1.566000 -1.897321 0.00000
1.602000 -1.897321 0.00000
1.638000 -1.897321 0.00000
1.674000 -1.897321 0.00000
1.710000 -1.897321 0.00000
1.746000 -1.897321 0.00000
1.782000 -1.897321 0.00000
1.818000 -1.897321 0.00000
1.854000 -1.897321 0.00000
1.890000 -1.897321 0.00000
1.926000 -1.897321 0.00000
1.962000 -1.897321 0.00000
1.998000 -1.897321 0.00000
2.034000 -1.897321 0.00000
2.070000 -1.897321 0.00000
2.106000 -1.897321 0.00000
2.142000 -1.897321 0.00000
2.178000 -1.897321 0.00000
2.214000 -1.897321 0.00000
2.250000 -1.897321 0.00000
2.286000 -1.897321 0.00000
2.322000 -1.897321 0.00000
2.358000 -1.897321 0.00000
2.394000 -1.897321 0.00000
2.430000 -1.897321 0.00000
2.466000 -1.897321 0.00000
2.502000 -1.897321 0.00000
2.538000 -1.897321 0.00000
2.574000 -1.897321 0.00000
2.610000 -1.897321 0.00000
2.646000 -1.897321 0.00000
2.682000 -1.897321 0.00000
2.718000 -1.897321 0.00000
2.754000 -1.897321 0.00000
2.790000 -1.897321 0.00000
2.826000 -1.897321 0.00000
2.862000 -1.897321 0.00000
2.898000 -1.897321 0.00000
2.934000 -1.897321 0.00000
2.970000 -1.897321 0.00000
3.006000 -1.897321 0.00000
3.042000 -1.897321 0.00000
3.078000 -1.897321 0.00000
3.114000 -1.897321 0.00000
3.150000 -1.897321 0.00000
3.186000 -1.897321 0.00000
3.222000 -1.897321 0.00000
3.258000 -1.897321 0.00000
3.294000 -1.897321 0.00000
3.330000 -1.897321 0.00000
3.366000 -1.897321 0.00000
3.402000 -1.897321 0.00000
3.438000 -1.897321 0.00000
3.474000 -1.897321 0.00000
3.510000 -1.897321 0.00000
3.546000 -1.897321 0.00000
3.582000 -1.897321 0.00000
3.618000 -1.897321 0.00000
3.654000 -1.897321 0.00000
3.690000 -1.897321 0.00000
3.726000 -1.897321 0.00000
3.762000 -1.897321 0.00000
3.798000 -1.897321 0.00000
3.834000 -1.897321 0.00000
3.870000 -1.897321 0.00000
3.906000 -1.897321 0.00000
3.942000 -1.897321 0.00000
3.978000 -1.897321 0.00000
4.014000 -1.897321 0.00000
4.050000 -1.897321 0.00000
4.086000 -1.897321 0.00000
4.122000 -1.897321 0.00000
4.158000 -1.897321 0.00000
4.194000 -1.897321 0.00000
4.230000 -1.897321 0.00000
4.266000 -1.897321 0.00000
4.302000 -1.897321 0.00000
4.338000 -1.897321 0.00000
4.374000 -1.897321 0.00000
4.410000 -1.897321 0.00000
4.446000 -1.897321 0.00000
4.482000 -1.897321 0.00000
4.518000 -1.897321 0.00000
4.554000 -1.897321 0.00000
4.590000 -1.897321 0.00000
4.626000 -1.897321 0.00000
4.662000 -1.897321 0.00000
4.698000 -1.897321 0.00000
4.734000 -1.897321 0.00000
4.770000 -1.897321 0.00000
4.806000 -1.897321 0.00000
4.842000 -1.897321 0.00000
4.878000 -1.897321 0.00000
4.914000 -1.897321 0.00000
4.950000 -1.897321 0.00000
4.986000 -1.897321 0.00000
5.022000 -1.897321 0.00000
5.058000 -1.897321 0.00000
5.094000 -1.897321 0.00000
5.130000 -1.897321 0.00000
5.166000 -1.897321 0.00000
5.202000 -1.897321 0.00000
5.238000 -1.897321 0.00000
5.274000 -1.897321 0.00000
5.310000 -1.897321 0.00000
5.346000 -1.897321 0.00000
5.382000 -1.897321 0.00000
0.018000 -1.866964 0.00000
0.054000 -1.866964 0.00000
0.090000 -1.866964 0.00000
0.126000 -1.866964 0.00000
0.162000 -1.866964 0.00000
0.198000 -1.866964 0.00000
0.234000 -1.866964 0.00000
0.270000 -1.866964 0.00000
0.306000 -1.866964 0.00000
0.342000 -1.866964 0.00000
0.378000 -1.866964 0.00000
0.414000 -1.866964 0.00000
0.450000 -1.866964 0.00000
0.486000 -1.866964 0.00000
0.522000 -1.866964 0.00000
0.558000 -1.866964 0.00000
0.594000 -1.866964 0.47712
0.630000 -1.866964 0.60206
0.666000 -1.866964 0.84510
0.702000 -1.866964 0.60206
0.738000 -1.866964 0.84510
0.774000 -1.866964 0.60206
0.810000 -1.866964 0.95424
0.846000 -1.866964 0.95424
0.882000 -1.866964 0.84510
0.918000 -1.866964 0.30103
0.954000 -1.866964 0.00000
0.990000 -1.866964 1.11394
1.026000 -1.866964 1.17609
1.062000 -1.866964 1.07918
1.098000 -1.866964 1.14613
1.134000 -1.866964 1.11394
1.170000 -1.866964 1.30103
1.206000 -1.866964 1.66276
1.242000 -1.866964 1.56820
1.278000 -1.866964 1.04139
1.314000 -1.866964 1.11394
1.350000 -1.866964 1.23045
1.386000 -1.866964 1.30103
1.422000 -1.866964 0.95424
1.458000 -1.866964 0.84510
1.494000 -1.866964 0.00000
1.530000 -1.866964 0.00000
1.566000 -1.866964 0.00000
1.602000 -1.866964 0.00000
1.638000 -1.866964 0.00000
1.674000 -1.866964 0.00000
1.710000 -1.866964 0.30103
1.746000 -1.866964 1.32222
1.782000 -1.866964 1.23045
1.818000 -1.866964 0.95424
1.854000 -1.866964 0.30103
1.890000 -1.866964 0.00000
1.926000 -1.866964 0.00000
1.962000 -1.866964 0.00000
1.998000 -1.866964 0.00000
2.034000 -1.866964 0.00000
2.070000 -1.866964 0.00000
2.106000 -1.866964 0.00000
2.142000 -1.866964 0.00000
2.178000 -1.866964 0.00000
2.214000 -1.866964 0.00000
2.250000 -1.866964 0.00000
2.286000 -1.866964 0.00000
2.322000 -1.866964 0.00000
2.358000 -1.866964 0.00000
2.394000 -1.866964 0.00000
2.430000 -1.866964 0.00000
2.466000 -1.866964 0.00000
2.502000 -1.866964 0.00000
2.538000 -1.866964 0.00000
2.574000 -1.866964 0.00000
2.610000 -1.866964 0.00000
2.646000 -1.866964 0.00000
2.682000 -1.866964 0.00000
2.718000 -1.866964 0.00000
2.754000 -1.866964 0.00000
2.790000 -1.866964 0.00000
2.826000 -1.866964 0.00000
2.862000 -1.866964 0.00000
2.898000 -1.866964 0.00000
2.934000 -1.866964 0.00000
2.970000 -1.866964 0.00000
3.006000 -1.866964 0.00000
3.042000 -1.866964 0.00000
3.078000 -1.866964 0.00000
3.114000 -1.866964 0.00000
3.150000 -1.866964 0.00000
3.186000 -1.866964 0.00000
3.222000 -1.866964 0.00000
3.258000 -1.866964 0.00000
3.294000 -1.866964 0.00000
3.330000 -1.866964 0.00000
3.366000 -1.866964 0.00000
3.402000 -1.866964 0.00000
3.438000 -1.866964 0.00000
3.474000 -1.866964 0.00000
3.510000 -1.866964 0.00000
3.546000 -1.866964 0.00000
3.582000 -1.866964 0.00000
3.618000 -1.866964 0.00000
3.654000 -1.866964 0.00000
3.690000 -1.866964 0.00000
3.726000 -1.866964 0.00000
3.762000 -1.866964 0.00000
3.798000 -1.866964 0.00000
3.834000 -1.866964 0.00000
3.870000 -1.866964 0.00000
3.906000 -1.866964 0.00000
3.942000 -1.866964 0.00000
3.978000 -1.866964 0.00000
4.014000 -1.866964 0.00000
4.050000 -1.866964 0.00000
4.086000 -1.866964 0.00000
4.122000 -1.866964 0.00000
4.158000 -1.866964 0.00000
4.194000 -1.866964 0.00000
4.230000 -1.866964 0.00000
4.266000 -1.866964 0.00000
4.302000 -1.866964 0.00000
4.338000 -1.866964 0.00000
4.374000 -1.866964 0.00000
4.410000 -1.866964 0.00000
4.446000 -1.866964 0.00000
4.482000 -1.866964 0.00000
4.518000 -1.866964 0.00000
4.554000 -1.866964 0.00000
4.590000 -1.866964 0.00000
4.626000 -1.866964 0.00000
4.662000 -1.866964 0.00000
4.698000 -1.866964 0.00000
4.734000 -1.866964 0.00000
4.770000 -1.866964 0.00000
4.806000 -1.866964 0.00000
4.842000 -1.866964 0.00000
4.878000 -1.866964 0.00000
4.914000 -1.866964 0.00000
4.950000 -1.866964 0.00000
4.986000 -1.866964 0.00000
5.022000 -1.866964 0.00000
5.058000 -1.866964 0.00000
5.094000 -1.866964 0.00000
5.130000 -1.866964 0.00000
5.166000 -1.866964 0.00000
5.202000 -1.866964 0.00000
5.238000 -1.866964 0.00000
5.274000 -1.866964 0.00000
5.310000 -1.866964 0.00000
5.346000 -1.866964 0.00000
5.382000 -1.866964 0.00000
0.018000 -1.836607 0.00000
0.054000 -1.836607 0.00000
0.090000 -1.836607 0.00000
0.126000 -1.836607 0.00000
0.162000 -1.836607 0.00000
0.198000 -1.836607 0.00000
0.234000 -1.836607 0.00000
0.270000 -1.836607 0.00000
0.306000 -1.836607 0.00000
0.342000 -1.836607 0.00000
0.378000 -1.836607 0.00000
0.414000 -1.836607 0.00000
0.450000 -1.836607 0.00000
0.486000 -1.836607 0.00000
0.522000 -1.836607 0.00000
0.558000 -1.836607 0.00000
0.594000 -1.836607 0.00000
0.630000 -1.836607 0.30103
0.666000 -1.836607 0.30103
0.702000 -1.836607 0.90309
0.738000 -1.836607 0.60206
0.774000 -1.836607 0.90309
0.810000 -1.836607 0.69897
0.846000 -1.836607 0.77815
0.882000 -1.836607 0.69897
0.918000 -1.836607 0.60206
0.954000 -1.836607 0.90309
0.990000 -1.836607 0.84510
1.026000 -1.836607 0.95424
1.062000 -1.836607 0.47712
1.098000 -1.836607 0.69897
1.134000 -1.836607 0.47712
1.170000 -1.836607 0.77815
1.206000 -1.836607 1.46240
1.242000 -1.836607 1.63347
1.278000 -1.836607 1.17609
1.314000 -1.836607 0.95424
1.350000 -1.836607 1.14613
1.386000 -1.836607 1.20412
1.422000 -1.836607 1.20412
1.458000 -1.836607 1.00000
1.494000 -1.836607 0.84510
1.530000 -1.836607 0.47712
1.566000 -1.836607 0.00000
1.602000 -1.836607 0.00000
1.638000 -1.836607 0.00000
1.674000 -1.836607 0.00000
1.710000 -1.836607 0.60206
1.746000 -1.836607 1.32222
1.782000 -1.836607 1.36173
1.818000 -1.836607 1.51851
1.854000 -1.836607 1.46240
1.890000 -1.836607 1.17609
1.926000 -1.836607 1.04139
1.962000 -1.836607 0.69897
1.998000 -1.836607 0.00000
2.034000 -1.836607 0.00000
2.070000 -1.836607 0.00000
2.106000 -1.836607 0.00000
2.142000 -1.836607 0.00000
2.178000 -1.836607 0.00000
2.214000 -1.836607 0.84510
2.250000 -1.836607 1.17609
2.286000 -1.836607 1.70757
2.322000 -1.836607 1.07918
2.358000 -1.836607 1.25527
2.394000 -1.836607 0.69897
2.430000 -1.836607 0.00000
2.466000 -1.836607 0.00000
2.502000 -1.836607 0.00000
2.538000 -1.836607 0.00000
2.574000 -1.836607 0.00000
2.610000 -1.836607 0.00000
2.646000 -1.836607 0.00000
2.682000 -1.836607 0.00000
2.718000 -1.836607 0.00000
2.754000 -1.836607 0.00000
2.790000 -1.836607 0.00000
2.826000 -1.836607 0.00000
2.862000 -1.836607 0.00000
2.898000 -1.836607 0.00000
2.934000 -1.836607 0.00000
2.970000 -1.836607 0.00000
3.006000 -1.836607 0.00000
3.042000 -1.836607 0.00000
3.078000 -1.836607 0.00000
3.114000 -1.836607 0.00000
3.150000 -1.836607 0.00000
3.186000 -1.836607 0.00000
3.222000 -1.836607 0.00000
3.258000 -1.836607 0.00000
3.294000 -1.836607 0.00000
3.330000 -1.836607 0.00000
3.366000 -1.836607 0.00000
3.402000 -1.836607 0.00000
3.438000 -1.836607 0.00000
3.474000 -1.836607 0.00000
3.510000 -1.836607 0.00000
3.546000 -1.836607 0.00000
3.582000 -1.836607 0.00000
3.618000 -1.836607 0.00000
3.654000 -1.836607 0.00000
3.690000 -1.836607 0.00000
3.726000 -1.836607 0.00000
3.762000 -1.836607 0.00000
3.798000 -1.836607 0.00000
3.834000 -1.836607 0.00000
3.870000 -1.836607 0.00000
3.906000 -1.836607 0.00000
3.942000 -1.836607 0.00000
3.978000 -1.836607 0.00000
4.014000 -1.836607 0.00000
4.050000 -1.836607 0.00000
4.086000 -1.836607 0.00000
4.122000 -1.836607 0.00000
4.158000 -1.836607 0.00000
4.194000 -1.836607 0.00000
4.230000 -1.836607 0.00000
4.266000 -1.836607 0.00000
4.302000 -1.836607 0.00000
4.338000 -1.836607 0.00000
4.374000 -1.836607 0.00000
4.410000 -1.836607 0.00000
4.446000 -1.836607 0.00000
4.482000 -1.836607 0.00000
4.518000 -1.836607 0.00000
4.554000 -1.836607 0.00000
4.590000 -1.836607 0.00000
4.626000 -1.836607 0.00000
4.662000 -1.836607 0.00000
4.698000 -1.836607 0.00000
4.734000 -1.836607 0.00000
4.770000 -1.836607 0.00000
4.806000 -1.836607 0.00000
4.842000 -1.836607 0.00000
4.878000 -1.836607 0.00000
4.914000 -1.836607 0.00000
4.950000 -1.836607 0.00000
4.986000 -1.836607 0.00000
5.022000 -1.836607 0.00000
5.058000 -1.836607 0.00000
5.094000 -1.836607 0.00000
5.130000 -1.836607 0.00000
5.166000 -1.836607 0.00000
5.202000 -1.836607 0.00000
5.238000 -1.836607 0.00000
5.274000 -1.836607 0.00000
5.310000 -1.836607 0.00000
5.346000 -1.836607 0.00000
5.382000 -1.836607 0.00000
0.018000 -1.806250 0.00000
0.054000 -1.806250 0.00000
0.090000 -1.806250 0.00000
0.126000 -1.806250 0.00000
0.162000 -1.806250 0.00000
0.198000 -1.806250 0.00000
0.234000 -1.806250 0.00000
0.270000 -1.806250 0.00000
0.306000 -1.806250 0.00000
0.342000 -1.806250 0.00000
0.378000 -1.806250 0.00000
0.414000 -1.806250 0.00000
0.450000 -1.806250 0.00000
0.486000 -1.806250 0.00000
0.522000 -1.806250 0.00000
0.558000 -1.806250 0.00000
0.594000 -1.806250 0.00000
0.630000 -1.806250 0.00000
0.666000 -1.806250 0.47712
0.702000 -1.806250 0.60206
0.738000 -1.806250 0.84510
0.774000 -1.806250 0.69897
0.810000 -1.806250 0.60206
0.846000 -1.806250 0.69897
0.882000 -1.806250 0.47712
0.918000 -1.806250 0.47712
0.954000 -1.806250 0.60206
0.990000 -1.806250 1.04139
1.026000 -1.806250 1.00000
1.062000 -1.806250 1.11394
1.098000 -1.806250 1.07918
1.134000 -1.806250 1.14613
1.170000 -1.806250 1.44716
1.206000 -1.806250 1.39794
1.242000 -1.806250 1.65321
1.278000 -1.806250 0.84510
1.314000 -1.806250 0.60206
1.350000 -1.806250 0.90309
1.386000 -1.806250 1.11394
1.422000 -1.806250 1.11394
1.458000 -1.806250 1.20412
1.494000 -1.806250 1.25527
1.530000 -1.806250 0.77815
1.566000 -1.806250 0.30103
1.602000 -1.806250 0.47712
1.638000 -1.806250 0.00000
1.674000 -1.806250 0.00000
1.710000 -1.806250 0.30103
1.746000 -1.806250 0.69897
1.782000 -1.806250 1.25527
1.818000 -1.806250 1.20412
1.854000 -1.806250 1.32222
1.890000 -1.806250 1.41497
1.926000 -1.806250 1.00000
1.962000 -1.806250 1.14613
1.998000 -1.806250 1.11394
2.034000 -1.806250 0.69897
2.070000 -1.806250 0.00000
2.106000 -1.806250 0.00000
2.142000 -1.806250 0.60206
2.178000 -1.806250 1.44716
2.214000 -1.806250 1.56820
2.250000 -1.806250 1.55630
2.286000 -1.806250 1.67210
2.322000 -1.806250 2.06446
2.358000 -1.806250 1.70757
2.394000 -1.806250 1.75587
2.430000 -1.806250 1.53148
2.466000 -1.806250 1.47712
2.502000 -1.806250 0.84510
2.538000 -1.806250 1.00000
2.574000 -1.806250 0.00000
2.610000 -1.806250 0.00000
2.646000 -1.806250 0.00000
2.682000 -1.806250 0.00000
2.718000 -1.806250 0.00000
2.754000 -1.806250 0.00000
2.790000 -1.806250 0.47712
2.826000 -1.806250 1.51851
2.862000 -1.806250 1.46240
2.898000 -1.806250 1.34242
2.934000 -1.806250 1.04139
2.970000 -1.806250 0.84510
3.006000 -1.806250 0.00000
3.042000 -1.806250 0.00000
3.078000 -1.806250 0.00000
3.114000 -1.806250 0.00000
3.150000 -1.806250 0.00000
3.186000 -1.806250 0.00000
3.222000 -1.806250 0.00000
3.258000 -1.806250 0.00000
3.294000 -1.806250 0.95424
3.330000 -1.806250 1.43136
3.366000 -1.806250 1.34242
3.402000 -1.806250 1.32222
3.438000 -1.806250 1.00000
3.474000 -1.806250 0.00000
3.510000 -1.806250 0.00000
3.546000 -1.806250 0.00000
3.582000 -1.806250 0.00000
3.618000 -1.806250 0.00000
3.654000 -1.806250 0.00000
3.690000 -1.806250 0.00000
3.726000 -1.806250 0.00000
3.762000 -1.806250 0.00000
3.798000 -1.806250 0.00000
3.834000 -1.806250 0.00000
3.870000 -1.806250 0.47712
3.906000 -1.806250 0.30103
3.942000 -1.806250 0.00000
3.978000 -1.806250 0.00000
4.014000 -1.806250 0.00000
4.050000 -1.806250 0.00000
4.086000 -1.806250 0.00000
4.122000 -1.806250 0.00000
4.158000 -1.806250 0.00000
4.194000 -1.806250 0.00000
4.230000 -1.806250 0.00000
4.266000 -1.806250 0.00000
4.302000 -1.806250 0.00000
4.338000 -1.806250 0.00000
4.374000 -1.806250 0.00000
4.410000 -1.806250 0.00000
4.446000 -1.806250 0.00000
4.482000 -1.806250 0.00000
4.518000 -1.806250 0.00000
4.554000 -1.806250 0.00000
4.590000 -1.806250 0.00000
4.626000 -1.806250 0.00000
4.662000 -1.806250 0.00000
4.698000 -1.806250 0.00000
4.734000 -1.806250 0.00000
4.770000 -1.806250 0.00000
4.806000 -1.806250 0.00000
4.842000 -1.806250 0.00000
4.878000 -1.806250 0.00000
4.914000 -1.806250 0.00000
4.950000 -1.806250 0.00000
4.986000 -1.806250 0.00000
5.022000 -1.806250 0.00000
5.058000 -1.806250 0.00000
5.094000 -1.806250 0.00000
5.130000 -1.806250 0.00000
5.166000 -1.806250 0.00000
5.202000 -1.806250 0.00000
5.238000 -1.806250 0.00000
5.274000 -1.806250 0.00000
5.310000 -1.806250 0.00000
5.346000 -1.806250 0.00000
5.382000 -1.806250 0.00000
0.018000 -1.775893 0.00000
0.054000 -1.775893 0.00000
0.090000 -1.775893 0.00000
0.126000 -1.775893 0.00000
0.162000 -1.775893 0.00000
0.198000 -1.775893 0.00000
0.234000 -1.775893 0.00000
0.270000 -1.775893 0.00000
0.306000 -1.775893 0.00000
0.342000 -1.775893 0.00000
0.378000 -1.775893 0.00000
0.414000 -1.775893 0.00000
0.450000 -1.775893 0.00000
0.486000 -1.775893 0.00000
0.522000 -1.775893 0.00000
0.558000 -1.775893 0.00000
0.594000 -1.775893 0.00000
0.630000 -1.775893 0.00000
0.666000 -1.775893 0.00000
0.702000 -1.775893 0.00000
0.738000 -1.775893 0.30103
0.774000 -1.775893 0.60206
0.810000 -1.775893 0.84510
0.846000 -1.775893 0.90309
0.882000 -1.775893 0.95424
0.918000 -1.775893 0.77815
0.954000 -1.775893 1.00000
0.990000 -1.775893 0.84510
1.026000 -1.775893 0.84510
1.062000 -1.775893 0.69897
1.098000 -1.775893 0.47712
1.134000 -1.775893 0.69897
1.170000 -1.775893 0.60206
1.206000 -1.775893 1.41497
1.242000 -1.775893 1.54407
1.278000 -1.775893 1.04139
1.314000 -1.775893 0.95424
1.350000 -1.775893 1.00000
1.386000 -1.775893 0.84510
1.422000 -1.775893 0.60206
1.458000 -1.775893 1.14613
1.494000 -1.775893 1.25527
1.530000 -1.775893 0.60206
1.566000 -1.775893 0.47712
1.602000 -1.775893 0.60206
1.638000 -1.775893 0.30103
1.674000 -1.775893 0.00000
1.710000 -1.775893 0.00000
1.746000 -1.775893 0.69897
1.782000 -1.775893 0.90309
1.818000 -1.775893 1.17609
1.854000 -1.775893 1.34242
1.890000 -1.775893 1.36173
1.926000 -1.775893 1.25527
1.962000 -1.775893 1.11394
1.998000 -1.775893 0.30103
2.034000 -1.775893 0.95424
2.070000 -1.775893 1.14613
2.106000 -1.775893 0.95424
2.142000 -1.775893 1.44716
2.178000 -1.775893 1.50515
2.214000 -1.775893 1.23045
2.250000 -1.775893 1.25527
2.286000 -1.775893 1.27875
2.322000 -1.775893 1.95424
2.358000 -1.775893 1.61278
2.394000 -1.775893 1.49136
2.430000 -1.775893 1.51851
2.466000 -1.775893 1.50515
2.502000 -1.775893 1.49136
2.538000 -1.775893 1.41497
2.574000 -1.775893 1.07918
2.610000 -1.775893 1.25527
2.646000 -1.775893 0.00000
2.682000 -1.775893 0.60206
2.718000 -1.775893 0.00000
2.754000 -1.775893 0.00000
2.790000 -1.775893 0.30103
2.826000 -1.775893 1.17609
2.862000 -1.775893 1.53148
2.898000 -1.775893 1.56820
2.934000 -1.775893 1.67210
2.970000 -1.775893 1.43136
3.006000 -1.775893 1.34242
3.042000 -1.775893 1.07918
3.078000 -1.775893 0.90309
3.114000 -1.775893 0.00000
3.150000 -1.775893 0.00000
3.186000 -1.775893 0.00000
3.222000 -1.775893 0.60206
3.258000 -1.775893 1.49136
3.294000 -1.775893 1.72428
3.330000 -1.775893 1.65321
3.366000 -1.775893 1.59106
3.402000 -1.775893 1.83885
3.438000 -1.775893 1.82607
3.474000 -1.775893 1.76343
3.510000 -1.775893 1.69020
3.546000 -1.775893 1.30103
3.582000 -1.775893 1.11394
3.618000 -1.775893 1.04139
3.654000 -1.775893 0.00000
3.690000 -1.775893 0.00000
3.726000 -1.775893 0.00000
3.762000 -1.775893 0.00000
3.798000 -1.775893 0.00000
3.834000 -1.775893 0.00000
3.870000 -1.775893 1.11394
3.906000 -1.775893 1.25527
3.942000 -1.775893 1.39794
3.978000 -1.775893 1.34242
4.014000 -1.775893 1.23045
4.050000 -1.775893 1.11394
4.086000 -1.775893 0.84510
4.122000 -1.775893 0.00000
4.158000 -1.775893 0.00000
4.194000 -1.775893 0.00000
4.230000 -1.775893 0.00000
4.266000 -1.775893 0.00000
4.302000 -1.775893 0.00000
4.338000 -1.775893 0.00000
4.374000 -1.775893 0.69897
4.410000 -1.775893 0.95424
4.446000 -1.775893 1.39794
4.482000 -1.775893 1.34242
4.518000 -1.775893 1.20412
4.554000 -1.775893 1.00000
4.590000 -1.775893 1.07918
4.626000 -1.775893 0.00000
4.662000 -1.775893 0.00000
4.698000 -1.775893 0.00000
4.734000 -1.775893 0.00000
4.770000 -1.775893 0.00000
4.806000 -1.775893 0.00000
4.842000 -1.775893 0.00000
4.878000 -1.775893 0.00000
4.914000 -1.775893 0.00000
4.950000 -1.775893 0.00000
4.986000 -1.775893 0.00000
5.022000 -1.775893 0.00000
5.058000 -1.775893 0.00000
5.094000 -1.775893 0.00000
5.130000 -1.775893 0.00000
5.166000 -1.775893 0.00000
5.202000 -1.775893 0.00000
5.238000 -1.775893 0.00000
5.274000 -1.775893 0.00000
5.310000 -1.775893 0.00000
5.346000 -1.775893 0.00000
5.382000 -1.775893 0.00000
0.018000 -1.745536 0.00000
0.054000 -1.745536 0.00000
0.090000 -1.745536 0.00000
0.126000 -1.745536 0.00000
0.162000 -1.745536 0.00000
0.198000 -1.745536 0.00000
0.234000 -1.745536 0.00000
0.270000 -1.745536 0.00000
0.306000 -1.745536 0.00000
0.342000 -1.745536 0.00000
0.378000 -1.745536 0.00000
0.414000 -1.745536 0.00000
0.450000 -1.745536 0.00000
0.486000 -1.745536 0.00000
0.522000 -1.745536 0.00000
0.558000 -1.745536 0.00000
0.594000 -1.745536 0.00000
0.630000 -1.745536 0.00000
0.666000 -1.745536 0.00000
0.702000 -1.745536 0.30103
0.738000 -1.745536 0.69897
0.774000 -1.745536 0.69897
0.810000 -1.745536 0.77815
0.846000 -1.745536 0.60206
0.882000 -1.745536 0.84510
0.918000 -1.745536 0.60206
0.954000 -1.745536 0.69897
0.990000 -1.745536 0.84510
1.026000 -1.745536 0.77815
1.062000 -1.745536 1.00000
1.098000 -1.745536 0.95424
1.134000 -1.745536 0.90309
1.170000 -1.745536 1.38021
1.206000 -1.745536 1.11394
1.242000 -1.745536 1.56820
1.278000 -1.745536 0.47712
1.314000 -1.745536 0.30103
1.350000 -1.745536 0.60206
1.386000 -1.745536 1.11394
1.422000 -1.745536 0.60206
1.458000 -1.745536 1.00000
1.494000 -1.745536 1.17609
1.530000 -1.745536 0.69897
1.566000 -1.745536 1.32222
1.602000 -1.745536 0.77815
1.638000 -1.745536 0.60206
1.674000 -1.745536 0.00000
1.710000 -1.745536 0.00000
1.746000 -1.745536 0.00000
1.782000 -1.745536 1.07918
1.818000 -1.745536 1.00000
1.854000 -1.745536 1.20412
1.890000 -1.745536 1.17609
1.926000 -1.745536 1.23045
1.962000 -1.745536 1.07918
1.998000 -1.745536 0.90309
2.034000 -1.745536 0.77815
2.070000 -1.745536 0.47712
2.106000 -1.745536 1.04139
2.142000 -1.745536 1.49136
2.178000 -1.745536 1.30103
2.214000 -1.745536 1.30103
2.250000 -1.745536 1.14613
2.286000 -1.745536 0.90309
2.322000 -1.745536 0.84510
2.358000 -1.745536 1.89209
2.394000 -1.745536 1.07918
2.430000 -1.745536 1.30103
2.466000 -1.745536 1.34242
2.502000 -1.745536 1.46240
2.538000 -1.745536 1.55630
2.574000 -1.745536 1.07918
2.610000 -1.745536 1.17609
2.646000 -1.745536 0.84510
2.682000 -1.745536 1.07918
2.718000 -1.745536 1.07918
2.754000 -1.745536 0.00000
2.790000 -1.745536 0.30103
2.826000 -1.745536 0.47712
2.862000 -1.745536 0.95424
2.898000 -1.745536 1.38021
2.934000 -1.745536 1.44716
2.970000 -1.745536 1.49136
3.006000 -1.745536 1.39794
3.042000 -1.745536 1.00000
3.078000 -1.745536 1.14613
3.114000 -1.745536 1.20412
3.150000 -1.745536 0.95424
3.186000 -1.745536 0.60206
3.222000 -1.745536 1.36173
3.258000 -1.745536 1.62325
3.294000 -1.745536 1.32222
3.330000 -1.745536 1.39794
3.366000 -1.745536 1.32222
3.402000 -1.745536 1.44716
3.438000 -1.745536 1.47712
3.474000 -1.745536 1.71600
3.510000 -1.745536 1.70757
3.546000 -1.745536 1.74819
3.582000 -1.745536 1.59106
3.618000 -1.745536 1.36173
3.654000 -1.745536 1.30103
3.690000 -1.745536 0.00000
3.726000 -1.745536 1.25527
3.762000 -1.745536 0.00000
3.798000 -1.745536 0.00000
3.834000 -1.745536 0.00000
3.870000 -1.745536 0.00000
3.906000 -1.745536 0.69897
3.942000 -1.745536 0.95424
3.978000 -1.745536 1.17609
4.014000 -1.745536 1.30103
4.050000 -1.745536 1.32222
4.086000 -1.745536 1.23045
4.122000 -1.745536 1.27875
4.158000 -1.745536 1.00000
4.194000 -1.745536 0.60206
4.230000 -1.745536 0.00000
4.266000 -1.745536 0.00000
4.302000 -1.745536 0.00000
4.338000 -1.745536 0.00000
4.374000 -1.745536 0.00000
4.410000 -1.745536 0.00000
4.446000 -1.745536 0.47712
4.482000 -1.745536 1.14613
4.518000 -1.745536 1.20412
4.554000 -1.745536 1.30103
4.590000 -1.745536 1.25527
4.626000 -1.745536 1.34242
4.662000 -1.745536 1.44716
4.698000 -1.745536 0.47712
4.734000 -1.745536 1.14613
4.770000 -1.745536 0.00000
4.806000 -1.745536 0.00000
4.842000 -1.745536 0.00000
4.878000 -1.745536 0.00000
4.914000 -1.745536 0.00000
4.950000 -1.745536 0.00000
4.986000 -1.745536 0.00000
5.022000 -1.745536 0.00000
5.058000 -1.745536 0.00000
5.094000 -1.745536 0.00000
5.130000 -1.745536 0.00000
5.166000 -1.745536 0.00000
5.202000 -1.745536 0.00000
5.238000 -1.745536 0.00000
5.274000 -1.745536 0.00000
5.310000 -1.745536 0.00000
5.346000 -1.745536 0.00000
5.382000 -1.745536 0.00000
0.018000 -1.715179 0.00000
0.054000 -1.715179 0.00000
0.090000 -1.715179 0.00000
0.126000 -1.715179 0.00000
0.162000 -1.715179 0.00000
0.198000 -1.715179 0.00000
0.234000 -1.715179 0.00000
0.270000 -1.715179 0.00000
0.306000 -1.715179 0.00000
0.342000 -1.715179 0.00000
0.378000 -1.715179 0.00000
0.414000 -1.715179 0.00000
0.450000 -1.715179 0.00000
0.486000 -1.715179 0.00000
0.522000 -1.715179 0.00000
0.558000 -1.715179 0.00000
0.594000 -1.715179 0.00000
0.630000 -1.715179 0.00000
0.666000 -1.715179 0.00000
0.702000 -1.715179 0.00000
0.738000 -1.715179 0.00000
0.774000 -1.715179 0.00000
0.810000 -1.715179 0.47712
0.846000 -1.715179 0.77815
0.882000 -1.715179 0.47712
0.918000 -1.715179 0.90309
0.954000 -1.715179 1.14613
0.990000 -1.715179 0.95424
1.026000 -1.715179 0.95424
1.062000 -1.715179 0.84510
1.098000 -1.715179 0.90309
1.134000 -1.715179 0.84510
1.170000 -1.715179 1.25527
1.206000 -1.715179 1.30103
1.242000 -1.715179 1.49136
1.278000 -1.715179 1.14613
1.314000 -1.715179 0.95424
1.350000 -1.715179 0.77815
1.386000 -1.715179 0.47712
1.422000 -1.715179 0.30103
1.458000 -1.715179 1.11394
1.494000 -1.715179 0.90309
1.530000 -1.715179 0.47712
1.566000 -1.715179 1.14613
1.602000 -1.715179 0.60206
1.638000 -1.715179 0.60206
1.674000 -1.715179 0.47712
1.710000 -1.715179 0.30103
1.746000 -1.715179 0.77815
1.782000 -1.715179 1.14613
1.818000 -1.715179 1.20412
1.854000 -1.715179 1.11394
1.890000 -1.715179 1.36173
1.926000 -1.715179 1.32222
1.962000 -1.715179 1.07918
1.998000 -1.715179 1.00000
2.034000 -1.715179 0.84510
2.070000 -1.715179 0.69897
2.106000 -1.715179 0.47712
2.142000 -1.715179 0.84510
2.178000 -1.715179 1.32222
2.214000 -1.715179 1.23045
2.250000 -1.715179 1.11394
2.286000 -1.715179 1.23045
2.322000 -1.715179 1.32222
2.358000 -1.715179 1.88081
2.394000 -1.715179 1.69897
2.430000 -1.715179 1.30103
2.466000 -1.715179 1.46240
2.502000 -1.715179 1.34242
2.538000 -1.715179 1.41497
2.574000 -1.715179 1.55630
2.610000 -1.715179 1.17609
2.646000 -1.715179 1.14613
2.682000 -1.715179 0.77815
2.718000 -1.715179 1.07918
2.754000 -1.715179 0.00000
2.790000 -1.715179 1.39794
2.826000 -1.715179 0.00000
2.862000 -1.715179 0.47712
2.898000 -1.715179 1.14613
2.934000 -1.715179 1.38021
2.970000 -1.715179 1.51851
3.006000 -1.715179 1.39794
3.042000 -1.715179 1.38021
3.078000 -1.715179 1.00000
3.114000 -1.715179 1.04139
3.150000 -1.715179 1.14613
3.186000 -1.715179 1.07918
3.222000 -1.715179 1.54407
3.258000 -1.715179 1.41497
3.294000 -1.715179 1.32222
3.330000 -1.715179 1.25527
3.366000 -1.715179 1.32222
3.402000 -1.715179 1.14613
3.438000 -1.715179 1.20412
3.474000 -1.715179 1.34242
3.510000 -1.715179 1.47712
3.546000 -1.715179 1.46240
3.582000 -1.715179 1.63347
3.618000 -1.715179 1.67210
3.654000 -1.715179 1.20412
3.690000 -1.715179 1.27875
3.726000 -1.715179 1.23045
3.762000 -1.715179 0.84510
3.798000 -1.715179 1.34242
3.834000 -1.715179 0.00000
3.870000 -1.715179 0.00000
3.906000 -1.715179 0.00000
3.942000 -1.715179 0.30103
3.978000 -1.715179 0.90309
4.014000 -1.715179 0.90309
4.050000 -1.715179 1.07918
4.086000 -1.715179 1.14613
4.122000 -1.715179 1.23045
4.158000 -1.715179 1.20412
4.194000 -1.715179 1.32222
4.230000 -1.715179 1.17609
4.266000 -1.715179 0.69897
4.302000 -1.715179 0.00000
4.338000 -1.715179 0.00000
4.374000 -1.715179 0.00000
4.410000 -1.715179 0.00000
4.446000 -1.715179 0.00000
4.482000 -1.715179 0.47712
4.518000 -1.715179 1.00000
4.554000 -1.715179 0.90309
4.590000 -1.715179 0.95424
4.626000 -1.715179 1.07918
4.662000 -1.715179 1.07918
4.698000 -1.715179 1.14613
4.734000 -1.715179 1.20412
4.770000 -1.715179 1.27875
4.806000 -1.715179 1.30103
4.842000 -1.715179 0.77815
4.878000 -1.715179 0.00000
4.914000 -1.715179 0.00000
4.950000 -1.715179 0.00000
4.986000 -1.715179 0.00000
5.022000 -1.715179 0.00000
5.058000 -1.715179 0.00000
5.094000 -1.715179 0.00000
5.130000 -1.715179 0.00000
5.166000 -1.715179 0.00000
5.202000 -1.715179 0.00000
5.238000 -1.715179 0.00000
5.274000 -1.715179 0.00000
5.310000 -1.715179 0.00000
5.346000 -1.715179 0.00000
5.382000 -1.715179 0.00000
0.018000 -1.684821 0.00000
0.054000 -1.684821 0.00000
0.090000 -1.684821 0.00000
0.126000 -1.684821 0.00000
0.162000 -1.684821 0.00000
0.198000 -1.684821 0.00000
0.234000 -1.684821 0.00000
0.270000 -1.684821 0.00000
0.306000 -1.684821 0.00000
0.342000 -1.684821 0.00000
0.378000 -1.684821 0.00000
0.414000 -1.684821 0.00000
0.450000 -1.684821 0.00000
0.486000 -1.684821 0.00000
0.522000 -1.684821 0.00000
0.558000 -1.684821 0.00000
0.594000 -1.684821 0.00000
0.630000 -1.684821 0.00000
0.666000 -1.684821 0.00000
0.702000 -1.684821 0.00000
0.738000 -1.684821 0.00000
0.774000 -1.684821 0.69897
0.810000 -1.684821 0.60206
0.846000 -1.684821 0.77815
0.882000 -1.684821 0.69897
0.918000 -1.684821 0.30103
0.954000 -1.684821 0.77815
0.990000 -1.684821 0.69897
1.026000 -1.684821 0.00000
1.062000 -1.684821 0.00000
1.098000 -1.684821 0.00000
1.134000 -1.684821 0.00000
1.170000 -1.684821 0.00000
1.206000 -1.684821 1.23045
1.242000 -1.684821 1.25527
1.278000 -1.684821 0.60206
1.314000 -1.684821 0.77815
1.350000 -1.684821 0.60206
1.386000 -1.684821 1.04139
1.422000 -1.684821 0.77815
1.458000 -1.684821 0.84510
1.494000 -1.684821 1.07918
1.530000 -1.684821 0.84510
1.566000 -1.684821 1.17609
1.602000 -1.684821 0.77815
1.638000 -1.684821 1.11394
1.674000 -1.684821 0.47712
1.710000 -1.684821 0.69897
1.746000 -1.684821 0.30103
1.782000 -1.684821 0.30103
1.818000 -1.684821 0.60206
1.854000 -1.684821 1.04139
1.890000 -1.684821 0.84510
1.926000 -1.684821 1.11394
1.962000 -1.684821 1.17609
1.998000 -1.684821 0.90309
2.034000 -1.684821 0.30103
2.070000 -1.684821 0.47712
2.106000 -1.684821 0.69897
2.142000 -1.684821 0.77815
2.178000 -1.684821 0.90309
2.214000 -1.684821 1.39794
2.250000 -1.684821 1.23045
2.286000 -1.684821 1.11394
2.322000 -1.684821 0.00000
2.358000 -1.684821 0.90309
2.394000 -1.684821 1.83885
2.430000 -1.684821 1.00000
2.466000 -1.684821 0.90309
2.502000 -1.684821 1.14613
2.538000 -1.684821 1.04139
2.574000 -1.684821 1.20412
2.610000 -1.684821 1.46240
2.646000 -1.684821 1.14613
2.682000 -1.684821 0.77815
2.718000 -1.684821 0.69897
2.754000 -1.684821 0.90309
2.790000 -1.684821 0.47712
2.826000 -1.684821 1.00000
2.862000 -1.684821 0.00000
2.898000 -1.684821 1.20412
2.934000 -1.684821 1.23045
2.970000 -1.684821 1.32222
3.006000 -1.684821 1.53148
3.042000 -1.684821 1.39794
3.078000 -1.684821 1.25527
3.114000 -1.684821 0.84510
3.150000 -1.684821 0.95424
3.186000 -1.684821 0.95424
3.222000 -1.684821 1.23045
3.258000 -1.684821 1.44716
3.294000 -1.684821 1.32222
3.330000 -1.684821 1.17609
3.366000 -1.684821 0.95424
3.402000 -1.684821 1.39794
3.438000 -1.684821 1.32222
3.474000 -1.684821 1.07918
3.510000 -1.684821 1.34242
3.546000 -1.684821 1.51851
3.582000 -1.684821 1.46240
3.618000 -1.684821 1.43136
3.654000 -1.684821 1.74036
3.690000 -1.684821 1.38021
3.726000 -1.684821 1.17609
3.762000 -1.684821 1.11394
3.798000 -1.684821 0.90309
3.834000 -1.684821 1.17609
3.870000 -1.684821 1.04139
3.906000 -1.684821 1.00000
3.942000 -1.684821 0.00000
3.978000 -1.684821 0.30103
4.014000 -1.684821 0.69897
4.050000 -1.684821 0.84510
4.086000 -1.684821 1.04139
4.122000 -1.684821 0.95424
4.158000 -1.684821 1.07918
4.194000 -1.684821 1.00000
4.230000 -1.684821 1.23045
4.266000 -1.684821 1.34242
4.302000 -1.684821 1.04139
4.338000 -1.684821 0.69897
4.374000 -1.684821 0.00000
4.410000 -1.684821 0.00000
4.446000 -1.684821 0.00000
4.482000 -1.684821 0.00000
4.518000 -1.684821 0.47712
4.554000 -1.684821 0.77815
4.590000 -1.684821 0.69897
4.626000 -1.684821 1.00000
4.662000 -1.684821 0.90309
4.698000 -1.684821 0.90309
4.734000 -1.684821 0.95424
4.770000 -1.684821 1.00000
4.806000 -1.684821 1.00000
4.842000 -1.684821 1.27875
4.878000 -1.684821 1.04139
4.914000 -1.684821 1.34242
4.950000 -1.684821 0.00000
4.986000 -1.684821 0.00000
5.022000 -1.684821 0.00000
5.058000 -1.684821 0.00000
5.094000 -1.684821 0.00000
5.130000 -1.684821 0.00000
5.166000 -1.684821 0.00000
5.202000 -1.684821 0.00000
5.238000 -1.684821 0.00000
5.274000 -1.684821 0.00000
5.310000 -1.684821 0.00000
5.346000 -1.684821 0.00000
5.382000 -1.684821 0.00000
0.018000 -1.654464 0.00000
0.054000 -1.654464 0.00000
0.090000 -1.654464 0.00000
0.126000 -1.654464 0.00000
0.162000 -1.654464 0.00000
0.198000 -1.654464 0.00000
0.234000 -1.654464 0.00000
0.270000 -1.654464 0.00000
0.306000 -1.654464 0.00000
0.342000 -1.654464 0.00000
0.378000 -1.654464 0.00000
0.414000 -1.654464 0.00000
0.450000 -1.654464 0.00000
0.486000 -1.654464 0.00000
0.522000 -1.654464 0.00000
0.558000 -1.654464 0.00000
0.594000 -1.654464 0.00000
0.630000 -1.654464 0.00000
0.666000 -1.654464 0.00000
0.702000 -1.654464 0.00000
0.738000 -1.654464 0.00000
0.774000 -1.654464 0.00000
0.810000 -1.654464 0.30103
0.846000 -1.654464 0.77815
0.882000 -1.654464 0.47712
0.918000 -1.654464 0.47712
0.954000 -1.654464 0.60206
0.990000 -1.654464 0.95424
1.026000 -1.654464 1.11394
1.062000 -1.654464 1.00000
1.098000 -1.654464 1.17609
1.134000 -1.654464 1.34242
1.170000 -1.654464 1.32222
1.206000 -1.654464 1.14613
1.242000 -1.654464 1.17609
1.278000 -1.654464 0.77815
1.314000 -1.654464 0.00000
1.350000 -1.654464 0.47712
1.386000 -1.654464 0.60206
1.422000 -1.654464 0.60206
1.458000 -1.654464 1.00000
1.494000 -1.654464 0.47712
1.530000 -1.654464 0.69897
1.566000 -1.654464 1.04139
1.602000 -1.654464 0.60206
1.638000 -1.654464 1.34242
1.674000 -1.654464 0.60206
1.710000 -1.654464 0.60206
1.746000 -1.654464 0.47712
1.782000 -1.654464 0.95424
1.818000 -1.654464 1.23045
1.854000 -1.654464 1.20412
1.890000 -1.654464 1.23045
1.926000 -1.654464 1.27875
1.962000 -1.654464 1.14613
1.998000 -1.654464 1.00000
2.034000 -1.654464 1.11394
2.070000 -1.654464 0.60206
2.106000 -1.654464 0.30103
2.142000 -1.654464 0.47712
2.178000 -1.654464 1.00000
2.214000 -1.654464 1.11394
2.250000 -1.654464 0.90309
2.286000 -1.654464 0.95424
2.322000 -1.654464 1.25527
2.358000 -1.654464 1.36173
2.394000 -1.654464 1.73239
2.430000 -1.654464 1.63347
2.466000 -1.654464 1.23045
2.502000 -1.654464 1.36173
2.538000 -1.654464 1.32222
2.574000 -1.654464 1.14613
2.610000 -1.654464 1.41497
2.646000 -1.654464 1.49136
2.682000 -1.654464 1.23045
2.718000 -1.654464 0.84510
2.754000 -1.654464 0.84510
2.790000 -1.654464 0.77815
2.826000 -1.654464 0.90309
2.862000 -1.654464 0.47712
2.898000 -1.654464 1.17609
2.934000 -1.654464 1.04139
2.970000 -1.654464 0.84510
3.006000 -1.654464 1.04139
3.042000 -1.654464 1.36173
3.078000 -1.654464 1.25527
3.114000 -1.654464 1.07918
3.150000 -1.654464 0.47712
3.186000 -1.654464 0.90309
3.222000 -1.654464 0.84510
3.258000 -1.654464 0.90309
3.294000 -1.654464 1.32222
3.330000 -1.654464 1.32222
3.366000 -1.654464 1.25527
3.402000 -1.654464 0.47712
3.438000 -1.654464 0.95424
3.474000 -1.654464 1.20412
3.510000 -1.654464 1.30103
3.546000 -1.654464 1.44716
3.582000 -1.654464 1.38021
3.618000 -1.654464 1.50515
3.654000 -1.654464 1.54407
3.690000 -1.654464 1.71600
3.726000 -1.654464 1.41497
3.762000 -1.654464 1.23045
3.798000 -1.654464 1.07918
3.834000 -1.654464 0.60206
3.870000 -1.654464 1.00000
3.906000 -1.654464 1.30103
3.942000 -1.654464 0.77815
3.978000 -1.654464 0.00000
4.014000 -1.654464 0.47712
4.050000 -1.654464 0.47712
4.086000 -1.654464 0.47712
4.122000 -1.654464 0.60206
4.158000 -1.654464 0.60206
4.194000 -1.654464 1.00000
4.230000 -1.654464 0.77815
4.266000 -1.654464 1.07918
4.302000 -1.654464 1.23045
4.338000 -1.654464 1.23045
4.374000 -1.654464 1.04139
4.410000 -1.654464 0.00000
4.446000 -1.654464 0.00000
4.482000 -1.654464 0.00000
4.518000 -1.654464 0.00000
4.554000 -1.654464 0.00000
4.590000 -1.654464 0.00000
4.626000 -1.654464 0.00000
4.662000 -1.654464 0.00000
4.698000 -1.654464 0.00000
4.734000 -1.654464 0.00000
4.770000 -1.654464 0.00000
4.806000 -1.654464 0.47712
4.842000 -1.654464 0.77815
4.878000 -1.654464 1.00000
4.914000 -1.654464 1.25527
4.950000 -1.654464 1.20412
4.986000 -1.654464 1.00000
5.022000 -1.654464 0.00000
5.058000 -1.654464 0.00000
5.094000 -1.654464 0.00000
5.130000 -1.654464 0.00000
5.166000 -1.654464 0.00000
5.202000 -1.654464 0.00000
5.238000 -1.654464 0.00000
5.274000 -1.654464 0.00000
5.310000 -1.654464 0.00000
5.346000 -1.654464 0.00000
5.382000 -1.654464 0.00000
0.018000 -1.624107 0.00000
0.054000 -1.624107 0.00000
0.090000 -1.624107 0.00000
0.126000 -1.624107 0.00000
0.162000 -1.624107 0.00000
0.198000 -1.624107 0.00000
0.234000 -1.624107 0.00000
0.270000 -1.624107 0.00000
0.306000 -1.624107 0.00000
0.342000 -1.624107 0.00000
0.378000 -1.624107 0.00000
0.414000 -1.624107 0.00000
0.450000 -1.624107 0.00000
0.486000 -1.624107 0.00000
0.522000 -1.624107 0.00000
0.558000 -1.624107 0.00000
0.594000 -1.624107 0.00000
0.630000 -1.624107 0.00000
0.666000 -1.624107 0.00000
0.702000 -1.624107 0.00000
0.738000 -1.624107 0.00000
0.774000 -1.624107 0.00000
0.810000 -1.624107 0.00000
0.846000 -1.624107 0.47712
0.882000 -1.624107 0.84510
0.918000 -1.624107 1.04139
0.954000 -1.624107 1.04139
0.990000 -1.624107 0.84510
1.026000 -1.624107 0.47712
1.062000 -1.624107 0.47712
1.098000 -1.624107 0.69897
1.134000 -1.624107 0.60206
1.170000 -1.624107 1.41497
1.206000 -1.624107 0.69897
1.242000 -1.624107 1.30103
1.278000 -1.624107 1.07918
1.314000 -1.624107 1.14613
1.350000 -1.624107 1.00000
1.386000 -1.624107 0.69897
1.422000 -1.624107 0.69897
1.458000 -1.624107 0.30103
1.494000 -1.624107 1.04139
1.530000 -1.624107 0.60206
1.566000 -1.624107 0.90309
1.602000 -1.624107 0.69897
1.638000 -1.624107 1.04139
1.674000 -1.624107 0.47712
1.710000 -1.624107 0.60206
1.746000 -1.624107 0.47712
1.782000 -1.624107 0.00000
1.818000 -1.624107 0.30103
1.854000 -1.624107 0.47712
1.890000 -1.624107 0.60206
1.926000 -1.624107 0.60206
1.962000 -1.624107 0.90309
1.998000 -1.624107 0.77815
2.034000 -1.624107 0.47712
2.070000 -1.624107 0.47712
2.106000 -1.624107 0.69897
2.142000 -1.624107 0.60206
2.178000 -1.624107 0.47712
2.214000 -1.624107 0.77815
2.250000 -1.624107 1.14613
2.286000 -1.624107 1.32222
2.322000 -1.624107 1.25527
2.358000 -1.624107 1.00000
2.394000 -1.624107 0.47712
2.430000 -1.624107 1.50515
2.466000 -1.624107 0.60206
2.502000 -1.624107 0.77815
2.538000 -1.624107 0.84510
2.574000 -1.624107 1.46240
2.610000 -1.624107 1.20412
2.646000 -1.624107 0.47712
2.682000 -1.624107 1.11394
2.718000 -1.624107 0.47712
2.754000 -1.624107 0.30103
2.790000 -1.624107 0.84510
2.826000 -1.624107 0.00000
2.862000 -1.624107 0.90309
2.898000 -1.624107 0.00000
2.934000 -1.624107 1.00000
2.970000 -1.624107 1.11394
3.006000 -1.624107 1.47712
3.042000 -1.624107 1.47712
3.078000 -1.624107 1.46240
3.114000 -1.624107 1.39794
3.150000 -1.624107 1.17609
3.186000 -1.624107 0.69897
3.222000 -1.624107 0.69897
3.258000 -1.624107 0.84510
3.294000 -1.624107 1.04139
3.330000 -1.624107 1.38021
3.366000 -1.624107 1.17609
3.402000 -1.624107 1.14613
3.438000 -1.624107 1.27875
3.474000 -1.624107 1.00000
3.510000 -1.624107 0.69897
3.546000 -1.624107 0.47712
3.582000 -1.624107 0.69897
3.618000 -1.624107 0.77815
3.654000 -1.624107 1.07918
3.690000 -1.624107 1.27875
3.726000 -1.624107 1.49136
3.762000 -1.624107 1.17609
3.798000 -1.624107 0.90309
3.834000 -1.624107 0.95424
3.870000 -1.624107 0.77815
3.906000 -1.624107 0.77815
3.942000 -1.624107 0.95424
3.978000 -1.624107 1.20412
4.014000 -1.624107 1.32222
4.050000 -1.624107 0.00000
4.086000 -1.624107 0.00000
4.122000 -1.624107 0.00000
4.158000 -1.624107 0.00000
4.194000 -1.624107 0.00000
4.230000 -1.624107 0.30103
4.266000 -1.624107 0.00000
4.302000 -1.624107 0.77815
4.338000 -1.624107 1.14613
4.374000 -1.624107 1.07918
4.410000 -1.624107 1.20412
4.446000 -1.624107 0.47712
4.482000 -1.624107 0.00000
4.518000 -1.624107 0.00000
4.554000 -1.624107 0.00000
4.590000 -1.624107 0.00000
4.626000 -1.624107 0.00000
4.662000 -1.624107 0.00000
4.698000 -1.624107 0.00000
4.734000 -1.624107 0.00000
4.770000 -1.624107 0.00000
4.806000 -1.624107 0.00000
4.842000 -1.624107 0.00000
4.878000 -1.624107 0.00000
4.914000 -1.624107 0.00000
4.950000 -1.624107 0.69897
4.986000 -1.624107 1.11394
5.022000 -1.624107 1.50515
5.058000 -1.624107 0.77815
5.094000 -1.624107 0.00000
5.130000 -1.624107 0.00000
5.166000 -1.624107 0.00000
5.202000 -1.624107 0.00000
5.238000 -1.624107 0.00000
5.274000 -1.624107 0.00000
5.310000 -1.624107 0.00000
5.346000 -1.624107 0.00000
5.382000 -1.624107 0.00000
0.018000 -1.593750 0.00000
0.054000 -1.593750 0.00000
0.090000 -1.593750 0.00000
0.126000 -1.593750 0.00000
0.162000 -1.593750 0.00000
0.198000 -1.593750 0.00000
0.234000 -1.593750 0.00000
0.270000 -1.593750 0.00000
0.306000 -1.593750 0.00000
0.342000 -1.593750 0.00000
0.378000 -1.593750 0.00000
0.414000 -1.593750 0.00000
0.450000 -1.593750 0.00000
0.486000 -1.593750 0.00000
0.522000 -1.593750 0.00000
0.558000 -1.593750 0.00000
0.594000 -1.593750 0.00000
0.630000 -1.593750 0.00000
0.666000 -1.593750 0.00000
0.702000 -1.593750 0.00000
0.738000 -1.593750 0.00000
0.774000 -1.593750 0.00000
0.810000 -1.593750 0.47712
0.846000 -1.593750 0.47712
0.882000 -1.593750 0.47712
0.918000 -1.593750 0.69897
0.954000 -1.593750 0.47712
0.990000 -1.593750 0.00000
1.026000 -1.593750 0.00000
1.062000 -1.593750 0.00000
1.098000 -1.593750 0.00000
1.134000 -1.593750 0.00000
1.170000 -1.593750 0.00000
1.206000 -1.593750 1.14613
1.242000 -1.593750 0.60206
1.278000 -1.593750 0.60206
1.314000 -1.593750 0.47712
1.350000 -1.593750 0.30103
1.386000 -1.593750 0.84510
1.422000 -1.593750 0.90309
1.458000 -1.593750 0.47712
1.494000 -1.593750 0.60206
1.530000 -1.593750 0.47712
1.566000 -1.593750 0.90309
1.602000 -1.593750 0.30103
1.638000 -1.593750 0.95424
1.674000 -1.593750 0.30103
1.710000 -1.593750 0.00000
1.746000 -1.593750 0.30103
1.782000 -1.593750 0.00000
1.818000 -1.593750 0.00000
1.854000 -1.593750 0.30103
1.890000 -1.593750 0.60206
1.926000 -1.593750 0.77815
1.962000 -1.593750 0.77815
1.998000 -1.593750 0.77815
2.034000 -1.593750 0.84510
2.070000 -1.593750 0.00000
2.106000 -1.593750 0.00000
2.142000 -1.593750 0.00000
2.178000 -1.593750 0.60206
2.214000 -1.593750 0.69897
2.250000 -1.593750 1.27875
2.286000 -1.593750 0.69897
2.322000 -1.593750 0.69897
2.358000 -1.593750 0.84510
2.394000 -1.593750 1.30103
2.430000 -1.593750 1.66276
2.466000 -1.593750 1.69020
2.502000 -1.593750 1.27875
2.538000 -1.593750 1.47712
2.574000 -1.593750 1.49136
2.610000 -1.593750 1.49136
2.646000 -1.593750 1.56820
2.682000 -1.593750 1.07918
2.718000 -1.593750 1.17609
2.754000 -1.593750 0.30103
2.790000 -1.593750 0.00000
2.826000 -1.593750 0.90309
2.862000 -1.593750 0.47712
2.898000 -1.593750 0.00000
2.934000 -1.593750 0.47712
2.970000 -1.593750 1.00000
3.006000 -1.593750 0.95424
3.042000 -1.593750 1.34242
3.078000 -1.593750 1.11394
3.114000 -1.593750 1.23045
3.150000 -1.593750 1.23045
3.186000 -1.593750 0.84510
3.222000 -1.593750 0.00000
3.258000 -1.593750 0.00000
3.294000 -1.593750 0.47712
3.330000 -1.593750 0.69897
3.366000 -1.593750 0.95424
3.402000 -1.593750 1.39794
3.438000 -1.593750 0.69897
3.474000 -1.593750 0.00000
3.510000 -1.593750 0.00000
3.546000 -1.593750 0.00000
3.582000 -1.593750 0.00000
3.618000 -1.593750 0.00000
3.654000 -1.593750 0.47712
3.690000 -1.593750 0.95424
3.726000 -1.593750 1.07918
3.762000 -1.593750 1.67210
3.798000 -1.593750 1.38021
3.834000 -1.593750 0.95424
3.870000 -1.593750 0.77815
3.906000 -1.593750 0.47712
3.942000 -1.593750 0.69897
3.978000 -1.593750 0.47712
4.014000 -1.593750 1.14613
4.050000 -1.593750 1.00000
4.086000 -1.593750 0.00000
4.122000 -1.593750 0.00000
4.158000 -1.593750 0.00000
4.194000 -1.593750 0.00000
4.230000 -1.593750 0.00000
4.266000 -1.593750 0.00000
4.302000 -1.593750 0.00000
4.338000 -1.593750 0.00000
4.374000 -1.593750 0.69897
4.410000 -1.593750 0.77815
4.446000 -1.593750 0.77815
4.482000 -1.593750 0.60206
4.518000 -1.593750 0.00000
4.554000 -1.593750 0.00000
4.590000 -1.593750 0.00000
4.626000 -1.593750 0.00000
4.662000 -1.593750 0.00000
4.698000 -1.593750 0.00000
4.734000 -1.593750 0.00000
4.770000 -1.593750 0.00000
4.806000 -1.593750 0.00000
4.842000 -1.593750 0.00000
4.878000 -1.593750 0.00000
4.914000 -1.593750 0.00000
4.950000 -1.593750 0.00000
4.986000 -1.593750 0.00000
5.022000 -1.593750 0.47712
5.058000 -1.593750 0.90309
5.094000 -1.593750 1.00000
5.130000 -1.593750 0.47712
5.166000 -1.593750 0.00000
5.202000 -1.593750 0.00000
5.238000 -1.593750 0.00000
5.274000 -1.593750 0.00000
5.310000 -1.593750 0.00000
5.346000 -1.593750 0.00000
5.382000 -1.593750 0.00000
0.018000 -1.563393 0.00000
0.054000 -1.563393 0.00000
0.090000 -1.563393 0.00000
0.126000 -1.563393 0.00000
0.162000 -1.563393 0.00000
0.198000 -1.563393 0.00000
0.234000 -1.563393 0.00000
0.270000 -1.563393 0.00000
0.306000 -1.563393 0.00000
0.342000 -1.563393 0.00000
0.378000 -1.563393 0.00000
0.414000 -1.563393 0.00000
0.450000 -1.563393 0.00000
0.486000 -1.563393 0.00000
0.522000 -1.563393 0.00000
0.558000 -1.563393 0.00000
0.594000 -1.563393 0.00000
0.630000 -1.563393 0.00000
0.666000 -1.563393 0.00000
0.702000 -1.563393 0.00000
0.738000 -1.563393 0.00000
0.774000 -1.563393 0.00000
0.810000 -1.563393 0.00000
0.846000 -1.563393 0.00000
0.882000 -1.563393 0.00000
0.918000 -1.563393 0.30103
0.954000 -1.563393 0.00000
0.990000 -1.563393 0.00000
1.026000 -1.563393 0.00000
1.062000 -1.563393 0.00000
1.098000 -1.563393 0.00000
1.134000 -1.563393 0.00000
1.170000 -1.563393 0.00000
1.206000 -1.563393 0.90309
1.242000 -1.563393 1.00000
1.278000 -1.563393 0.47712
1.314000 -1.563393 0.30103
1.350000 -1.563393 0.00000
1.386000 -1.563393 0.00000
1.422000 -1.563393 0.00000
1.458000 -1.563393 0.84510
1.494000 -1.563393 0.95424
1.530000 -1.563393 0.47712
1.566000 -1.563393 0.69897
1.602000 -1.563393 0.84510
1.638000 -1.563393 0.60206
1.674000 -1.563393 0.77815
1.710000 -1.563393 0.47712
1.746000 -1.563393 0.30103
1.782000 -1.563393 0.60206
1.818000 -1.563393 1.23045
1.854000 -1.563393 1.04139
1.890000 -1.563393 1.04139
1.926000 -1.563393 1.11394
1.962000 -1.563393 1.14613
1.998000 -1.563393 0.84510
2.034000 -1.563393 0.77815
2.070000 -1.563393 0.69897
2.106000 -1.563393 0.60206
2.142000 -1.563393 0.77815
2.178000 -1.563393 0.60206
2.214000 -1.563393 0.30103
2.250000 -1.563393 0.69897
2.286000 -1.563393 0.69897
2.322000 -1.563393 1.17609
2.358000 -1.563393 1.34242
2.394000 -1.563393 1.04139
2.430000 -1.563393 0.84510
2.466000 -1.563393 1.62325
2.502000 -1.563393 0.90309
2.538000 -1.563393 0.84510
2.574000 -1.563393 1.11394
2.610000 -1.563393 1.36173
2.646000 -1.563393 1.38021
2.682000 -1.563393 1.20412
2.718000 -1.563393 1.49136
2.754000 -1.563393 1.00000
2.790000 -1.563393 0.60206
2.826000 -1.563393 0.84510
2.862000 -1.563393 0.00000
2.898000 -1.563393 1.00000
2.934000 -1.563393 0.00000
2.970000 -1.563393 0.47712
3.006000 -1.563393 0.00000
3.042000 -1.563393 0.47712
3.078000 -1.563393 1.04139
3.114000 -1.563393 0.84510
3.150000 -1.563393 0.77815
3.186000 -1.563393 1.14613
3.222000 -1.563393 1.00000
3.258000 -1.563393 0.95424
3.294000 -1.563393 0.69897
3.330000 -1.563393 0.00000
3.366000 -1.563393 0.77815
3.402000 -1.563393 0.69897
3.438000 -1.563393 0.00000
3.474000 -1.563393 0.00000
3.510000 -1.563393 0.00000
3.546000 -1.563393 0.00000
3.582000 -1.563393 0.00000
3.618000 -1.563393 0.00000
3.654000 -1.563393 0.00000
3.690000 -1.563393 0.00000
3.726000 -1.563393 0.60206
3.762000 -1.563393 0.77815
3.798000 -1.563393 1.04139
3.834000 -1.563393 1.27875
3.870000 -1.563393 0.60206
3.906000 -1.563393 0.60206
3.942000 -1.563393 0.47712
3.978000 -1.563393 0.00000
4.014000 -1.563393 0.47712
4.050000 -1.563393 0.47712
4.086000 -1.563393 1.00000
4.122000 -1.563393 0.00000
4.158000 -1.563393 0.00000
4.194000 -1.563393 0.00000
4.230000 -1.563393 0.00000
4.266000 -1.563393 0.00000
4.302000 -1.563393 0.00000
4.338000 -1.563393 0.00000
4.374000 -1.563393 0.00000
4.410000 -1.563393 0.84510
4.446000 -1.563393 1.25527
4.482000 -1.563393 1.11394
4.518000 -1.563393 1.00000
4.554000 -1.563393 0.30103
4.590000 -1.563393 0.00000
4.626000 -1.563393 0.00000
4.662000 -1.563393 0.00000
4.698000 -1.563393 0.00000
4.734000 -1.563393 0.00000
4.770000 -1.563393 0.00000
4.806000 -1.563393 0.00000
4.842000 -1.563393 0.00000
4.878000 -1.563393 0.00000
4.914000 -1.563393 0.00000
4.950000 -1.563393 0.00000
4.986000 -1.563393 0.00000
5.022000 -1.563393 0.00000
5.058000 -1.563393 0.00000
5.094000 -1.563393 0.00000
5.130000 -1.563393 1.17609
5.166000 -1.563393 0.60206
5.202000 -1.563393 0.00000
5.238000 -1.563393 0.00000
5.274000 -1.563393 0.00000
5.310000 -1.563393 0.00000
5.346000 -1.563393 0.00000
5.382000 -1.563393 0.00000
0.018000 -1.533036 0.00000
0.054000 -1.533036 0.00000
0.090000 -1.533036 0.00000
0.126000 -1.533036 0.00000
0.162000 -1.533036 0.00000
0.198000 -1.533036 0.00000
0.234000 -1.533036 0.00000
0.270000 -1.533036 0.00000
0.306000 -1.533036 0.00000
0.342000 -1.533036 0.00000
0.378000 -1.533036 0.00000
0.414000 -1.533036 0.00000
0.450000 -1.533036 0.00000
0.486000 -1.533036 0.00000
0.522000 -1.533036 0.00000
0.558000 -1.533036 0.00000
0.594000 -1.533036 0.00000
0.630000 -1.533036 0.00000
0.666000 -1.533036 0.00000
0.702000 -1.533036 0.00000
0.738000 -1.533036 0.00000
0.774000 -1.533036 0.00000
0.810000 -1.533036 0.00000
0.846000 -1.533036 0.00000
0.882000 -1.533036 0.00000
0.918000 -1.533036 0.00000
0.954000 -1.533036 0.00000
0.990000 -1.533036 0.00000
1.026000 -1.533036 0.00000
1.062000 -1.533036 0.00000
1.098000 -1.533036 0.00000
1.134000 -1.533036 0.00000
1.170000 -1.533036 0.00000
1.206000 -1.533036 0.00000
1.242000 -1.533036 1.00000
1.278000 -1.533036 0.47712
1.314000 -1.533036 0.00000
1.350000 -1.533036 0.00000
1.386000 -1.533036 0.00000
1.422000 -1.533036 0.47712
1.458000 -1.533036 0.00000
1.494000 -1.533036 0.47712
1.530000 -1.533036 0.47712
1.566000 -1.533036 0.00000
1.602000 -1.533036 0.30103
1.638000 -1.533036 0.47712
1.674000 -1.533036 0.90309
1.710000 -1.533036 0.30103
1.746000 -1.533036 0.00000
1.782000 -1.533036 0.00000
1.818000 -1.533036 0.00000
1.854000 -1.533036 0.30103
1.890000 -1.533036 0.47712
1.926000 -1.533036 0.69897
1.962000 -1.533036 0.60206
1.998000 -1.533036 0.60206
2.034000 -1.533036 0.60206
2.070000 -1.533036 0.30103
2.106000 -1.533036 0.30103
2.142000 -1.533036 0.00000
2.178000 -1.533036 0.00000
2.214000 -1.533036 0.69897
2.250000 -1.533036 0.47712
2.286000 -1.533036 1.11394
2.322000 -1.533036 1.20412
2.358000 -1.533036 0.47712
2.394000 -1.533036 0.47712
2.430000 -1.533036 0.47712
2.466000 -1.533036 0.00000
2.502000 -1.533036 1.30103
2.538000 -1.533036 0.00000
2.574000 -1.533036 0.60206
2.610000 -1.533036 0.60206
2.646000 -1.533036 0.69897
2.682000 -1.533036 0.47712
2.718000 -1.533036 1.00000
2.754000 -1.533036 1.23045
2.790000 -1.533036 0.77815
2.826000 -1.533036 0.30103
2.862000 -1.533036 0.30103
2.898000 -1.533036 0.00000
2.934000 -1.533036 0.00000
2.970000 -1.533036 0.00000
3.006000 -1.533036 1.00000
3.042000 -1.533036 0.00000
3.078000 -1.533036 0.00000
3.114000 -1.533036 1.00000
3.150000 -1.533036 0.84510
3.186000 -1.533036 0.30103
3.222000 -1.533036 0.60206
3.258000 -1.533036 0.47712
3.294000 -1.533036 0.60206
3.330000 -1.533036 0.69897
3.366000 -1.533036 0.00000
3.402000 -1.533036 0.90309
3.438000 -1.533036 1.04139
3.474000 -1.533036 1.04139
3.510000 -1.533036 0.69897
3.546000 -1.533036 0.00000
3.582000 -1.533036 0.00000
3.618000 -1.533036 0.00000
3.654000 -1.533036 0.00000
3.690000 -1.533036 0.00000
3.726000 -1.533036 0.00000
3.762000 -1.533036 0.30103
3.798000 -1.533036 0.47712
3.834000 -1.533036 0.90309
3.870000 -1.533036 0.77815
3.906000 -1.533036 0.30103
3.942000 -1.533036 0.30103
3.978000 -1.533036 0.30103
4.014000 -1.533036 0.00000
4.050000 -1.533036 0.00000
4.086000 -1.533036 0.00000
4.122000 -1.533036 1.00000
4.158000 -1.533036 0.84510
4.194000 -1.533036 0.00000
4.230000 -1.533036 0.00000
4.266000 -1.533036 0.00000
4.302000 -1.533036 0.00000
4.338000 -1.533036 0.00000
4.374000 -1.533036 0.00000
4.410000 -1.533036 0.00000
4.446000 -1.533036 0.30103
4.482000 -1.533036 0.69897
4.518000 -1.533036 0.77815
4.554000 -1.533036 0.77815
4.590000 -1.533036 0.30103
4.626000 -1.533036 0.00000
4.662000 -1.533036 0.00000
4.698000 -1.533036 0.00000
4.734000 -1.533036 0.00000
4.770000 -1.533036 0.00000
4.806000 -1.533036 0.00000
4.842000 -1.533036 0.00000
4.878000 -1.533036 0.00000
4.914000 -1.533036 0.00000
4.950000 -1.533036 0.00000
4.986000 -1.533036 0.00000
5.022000 -1.533036 0.00000
5.058000 -1.533036 0.00000
5.094000 -1.533036 0.00000
5.130000 -1.533036 0.47712
5.166000 -1.533036 1.34242
5.202000 -1.533036 1.17609
5.238000 -1.533036 0.00000
5.274000 -1.533036 0.00000
5.310000 -1.533036 0.00000
5.346000 -1.533036 0.00000
5.382000 -1.533036 0.00000
0.018000 -1.502679 0.00000
0.054000 -1.502679 0.00000
0.090000 -1.502679 0.00000
0.126000 -1.502679 0.00000
0.162000 -1.502679 0.00000
0.198000 -1.502679 0.00000
0.234000 -1.502679 0.00000
0.270000 -1.502679 0.00000
0.306000 -1.502679 0.00000
0.342000 -1.502679 0.00000
0.378000 -1.502679 0.00000
0.414000 -1.502679 0.00000
0.450000 -1.502679 0.00000
0.486000 -1.502679 0.00000
0.522000 -1.502679 0.00000
0.558000 -1.502679 0.00000
0.594000 -1.502679 0.00000
0.630000 -1.502679 0.00000
0.666000 -1.502679 0.00000
0.702000 -1.502679 0.00000
0.738000 -1.502679 0.00000
0.774000 -1.502679 0.00000
0.810000 -1.502679 0.00000
0.846000 -1.502679 0.00000
0.882000 -1.502679 0.00000
0.918000 -1.502679 0.00000
0.954000 -1.502679 0.00000
0.990000 -1.502679 0.00000
1.026000 -1.502679 0.00000
1.062000 -1.502679 0.00000
1.098000 -1.502679 0.00000
1.134000 -1.502679 0.00000
1.170000 -1.502679 0.00000
1.206000 -1.502679 0.00000
1.242000 -1.502679 0.47712
1.278000 -1.502679 0.00000
1.314000 -1.502679 0.00000
1.350000 -1.502679 0.00000
1.386000 -1.502679 0.00000
1.422000 -1.502679 0.00000
1.458000 -1.502679 0.00000
1.494000 -1.502679 0.47712
1.530000 -1.502679 0.30103
1.566000 -1.502679 0.95424
1.602000 -1.502679 0.84510
1.638000 -1.502679 0.30103
1.674000 -1.502679 0.77815
1.710000 -1.502679 0.30103
1.746000 -1.502679 0.30103
1.782000 -1.502679 0.30103
1.818000 -1.502679 0.00000
1.854000 -1.502679 0.00000
1.890000 -1.502679 0.00000
1.926000 -1.502679 0.00000
1.962000 -1.502679 0.30103
1.998000 -1.502679 0.69897
2.034000 -1.502679 0.47712
2.070000 -1.502679 0.47712
2.106000 -1.502679 0.30103
2.142000 -1.502679 0.00000
2.178000 -1.502679 0.00000
2.214000 -1.502679 0.00000
2.250000 -1.502679 0.00000
2.286000 -1.502679 1.14613
2.322000 -1.502679 0.77815
2.358000 -1.502679 0.77815
2.394000 -1.502679 0.47712
2.430000 -1.502679 0.47712
2.466000 -1.502679 0.69897
2.502000 -1.502679 0.90309
2.538000 -1.502679 0.90309
2.574000 -1.502679 0.00000
2.610000 -1.502679 0.00000
2.646000 -1.502679 0.00000
2.682000 -1.502679 0.00000
2.718000 -1.502679 0.00000
2.754000 -1.502679 0.47712
2.790000 -1.502679 0.00000
2.826000 -1.502679 0.00000
2.862000 -1.502679 0.00000
2.898000 -1.502679 0.00000
2.934000 -1.502679 0.00000
2.970000 -1.502679 0.00000
3.006000 -1.502679 0.00000
3.042000 -1.502679 0.00000
3.078000 -1.502679 0.00000
3.114000 -1.502679 0.00000
3.150000 -1.502679 0.77815
3.186000 -1.502679 0.60206
3.222000 -1.502679 0.60206
3.258000 -1.502679 0.69897
3.294000 -1.502679 0.77815
3.330000 -1.502679 0.77815
3.366000 -1.502679 0.47712
3.402000 -1.502679 0.00000
3.438000 -1.502679 0.60206
3.474000 -1.502679 0.69897
3.510000 -1.502679 0.77815
3.546000 -1.502679 0.47712
3.582000 -1.502679 0.00000
3.618000 -1.502679 0.00000
3.654000 -1.502679 0.00000
3.690000 -1.502679 0.00000
3.726000 -1.502679 0.00000
3.762000 -1.502679 0.00000
3.798000 -1.502679 0.00000
3.834000 -1.502679 0.60206
3.870000 -1.502679 0.30103
3.906000 -1.502679 1.07918
3.942000 -1.502679 0.30103
3.978000 -1.502679 0.30103
4.014000 -1.502679 0.30103
4.050000 -1.502679 0.00000
4.086000 -1.502679 0.00000
4.122000 -1.502679 0.00000
4.158000 -1.502679 1.34242
4.194000 -1.502679 1.00000
4.230000 -1.502679 0.00000
4.266000 -1.502679 0.00000
4.302000 -1.502679 0.00000
4.338000 -1.502679 0.00000
4.374000 -1.502679 0.00000
4.410000 -1.502679 0.00000
4.446000 -1.502679 0.00000
4.482000 -1.502679 0.30103
4.518000 -1.502679 0.00000
4.554000 -1.502679 0.77815
4.590000 -1.502679 0.47712
4.626000 -1.502679 0.47712
4.662000 -1.502679 0.00000
4.698000 -1.502679 0.00000
4.734000 -1.502679 0.00000
4.770000 -1.502679 0.00000
4.806000 -1.502679 0.00000
4.842000 -1.502679 0.00000
4.878000 -1.502679 0.00000
4.914000 -1.502679 0.00000
4.950000 -1.502679 0.00000
4.986000 -1.502679 0.00000
5.022000 -1.502679 0.00000
5.058000 -1.502679 0.00000
5.094000 -1.502679 0.00000
5.130000 -1.502679 0.00000
5.166000 -1.502679 0.00000
5.202000 -1.502679 0.00000
5.238000 -1.502679 1.07918
5.274000 -1.502679 0.47712
5.310000 -1.502679 0.00000
5.346000 -1.502679 0.00000
5.382000 -1.502679 0.00000
0.018000 -1.472321 0.00000
0.054000 -1.472321 0.00000
0.090000 -1.472321 0.00000
0.126000 -1.472321 0.00000
0.162000 -1.472321 0.00000
0.198000 -1.472321 0.00000
0.234000 -1.472321 0.00000
0.270000 -1.472321 0.00000
0.306000 -1.472321 0.00000
0.342000 -1.472321 0.00000
0.378000 -1.472321 0.00000
0.414000 -1.472321 0.00000
0.450000 -1.472321 0.00000
0.486000 -1.472321 0.00000
0.522000 -1.472321 0.00000
0.558000 -1.472321 0.00000
0.594000 -1.472321 0.00000
0.630000 -1.472321 0.00000
0.666000 -1.472321 0.00000
0.702000 -1.472321 0.00000
0.738000 -1.472321 0.00000
0.774000 -1.472321 0.00000
0.810000 -1.472321 0.00000
0.846000 -1.472321 0.00000
0.882000 -1.472321 0.00000
0.918000 -1.472321 0.00000
0.954000 -1.472321 0.00000
0.990000 -1.472321 0.00000
1.026000 -1.472321 0.00000
1.062000 -1.472321 0.00000
1.098000 -1.472321 0.00000
1.134000 -1.472321 0.00000
1.170000 -1.472321 0.00000
1.206000 -1.472321 0.00000
1.242000 -1.472321 0.77815
1.278000 -1.472321 0.69897
1.314000 -1.472321 0.00000
1.350000 -1.472321 0.00000
1.386000 -1.472321 0.00000
1.422000 -1.472321 0.00000
1.458000 -1.472321 0.00000
1.494000 -1.472321 0.00000
1.530000 -1.472321 0.00000
1.566000 -1.472321 0.00000
1.602000 -1.472321 0.00000
1.638000 -1.472321 0.00000
1.674000 -1.472321 0.60206
1.710000 -1.472321 0.30103
1.746000 -1.472321 0.00000
1.782000 -1.472321 0.00000
1.818000 -1.472321 0.00000
1.854000 -1.472321 0.00000
1.890000 -1.472321 0.00000
1.926000 -1.472321 0.00000
1.962000 -1.472321 0.00000
1.998000 -1.472321 0.00000
2.034000 -1.472321 0.00000
2.070000 -1.472321 0.00000
2.106000 -1.472321 0.00000
2.142000 -1.472321 0.00000
2.178000 -1.472321 0.00000
2.214000 -1.472321 0.00000
2.250000 -1.472321 0.00000
2.286000 -1.472321 0.00000
2.322000 -1.472321 0.00000
2.358000 -1.472321 0.00000
2.394000 -1.472321 0.00000
2.430000 -1.472321 0.69897
2.466000 -1.472321 1.04139
2.502000 -1.472321 0.84510
2.538000 -1.472321 1.14613
2.574000 -1.472321 0.00000
2.610000 -1.472321 0.00000
2.646000 -1.472321 0.00000
2.682000 -1.472321 0.00000
2.718000 -1.472321 0.00000
2.754000 -1.472321 0.00000
2.790000 -1.472321 0.00000
2.826000 -1.472321 0.00000
2.862000 -1.472321 0.00000
2.898000 -1.472321 0.00000
2.934000 -1.472321 0.00000
2.970000 -1.472321 0.00000
3.006000 -1.472321 0.00000
3.042000 -1.472321 0.00000
3.078000 -1.472321 0.00000
3.114000 -1.472321 0.00000
3.150000 -1.472321 0.69897
3.186000 -1.472321 0.00000
3.222000 -1.472321 1.41497
3.258000 -1.472321 0.00000
3.294000 -1.472321 0.00000
3.330000 -1.472321 0.00000
3.366000 -1.472321 0.60206
3.402000 -1.472321 0.47712
3.438000 -1.472321 0.00000
3.474000 -1.472321 0.00000
3.510000 -1.472321 0.00000
3.546000 -1.472321 0.00000
3.582000 -1.472321 0.00000
3.618000 -1.472321 0.00000
3.654000 -1.472321 0.00000
3.690000 -1.472321 0.00000
3.726000 -1.472321 0.00000
3.762000 -1.472321 0.00000
3.798000 -1.472321 0.00000
3.834000 -1.472321 0.00000
3.870000 -1.472321 0.00000
3.906000 -1.472321 0.00000
3.942000 -1.472321 0.00000
3.978000 -1.472321 0.00000
4.014000 -1.472321 0.77815
4.050000 -1.472321 0.00000
4.086000 -1.472321 0.00000
4.122000 -1.472321 0.00000
4.158000 -1.472321 0.00000
4.194000 -1.472321 0.00000
4.230000 -1.472321 1.00000
4.266000 -1.472321 0.00000
4.302000 -1.472321 0.00000
4.338000 -1.472321 0.00000
4.374000 -1.472321 0.00000
4.410000 -1.472321 0.00000
4.446000 -1.472321 0.00000
4.482000 -1.472321 0.00000
4.518000 -1.472321 0.00000
4.554000 -1.472321 0.00000
4.590000 -1.472321 0.00000
4.626000 -1.472321 0.00000
4.662000 -1.472321 0.00000
4.698000 -1.472321 0.00000
4.734000 -1.472321 0.00000
4.770000 -1.472321 0.00000
4.806000 -1.472321 0.00000
4.842000 -1.472321 0.00000
4.878000 -1.472321 0.00000
4.914000 -1.472321 0.00000
4.950000 -1.472321 0.00000
4.986000 -1.472321 0.00000
5.022000 -1.472321 0.00000
5.058000 -1.472321 0.00000
5.094000 -1.472321 0.00000
5.130000 -1.472321 0.00000
5.166000 -1.472321 0.00000
5.202000 -1.472321 0.00000
5.238000 -1.472321 0.00000
5.274000 -1.472321 0.00000
5.310000 -1.472321 0.00000
5.346000 -1.472321 0.00000
5.382000 -1.472321 0.00000
0.018000 -1.441964 0.00000
0.054000 -1.441964 0.00000
0.090000 -1.441964 0.00000
0.126000 -1.441964 0.00000
0.162000 -1.441964 0.00000
0.198000 -1.441964 0.00000
0.234000 -1.441964 0.00000
0.270000 -1.441964 0.00000
0.306000 -1.441964 0.00000
0.342000 -1.441964 0.00000
0.378000 -1.441964 0.00000
0.414000 -1.441964 0.00000
0.450000 -1.441964 0.00000
0.486000 -1.441964 0.00000
0.522000 -1.441964 0.00000
0.558000 -1.441964 0.00000
0.594000 -1.441964 0.00000
0.630000 -1.441964 0.00000
0.666000 -1.441964 0.00000
0.702000 -1.441964 0.00000
0.738000 -1.441964 0.00000
0.774000 -1.441964 0.00000
0.810000 -1.441964 0.00000
0.846000 -1.441964 0.00000
0.882000 -1.441964 0.00000
0.918000 -1.441964 0.00000
0.954000 -1.441964 0.00000
0.990000 -1.441964 0.00000
1.026000 -1.441964 0.00000
1.062000 -1.441964 0.00000
1.098000 -1.441964 0.00000
1.134000 -1.441964 0.00000
1.170000 -1.441964 0.00000
1.206000 -1.441964 0.00000
1.242000 -1.441964 0.00000
1.278000 -1.441964 0.00000
1.314000 -1.441964 0.00000
1.350000 -1.441964 0.00000
1.386000 -1.441964 0.00000
1.422000 -1.441964 0.00000
1.458000 -1.441964 0.00000
1.494000 -1.441964 0.00000
1.530000 -1.441964 0.00000
1.566000 -1.441964 0.00000
1.602000 -1.441964 0.47712
1.638000 -1.441964 0.47712
1.674000 -1.441964 0.95424
1.710000 -1.441964 0.00000
1.746000 -1.441964 0.30103
1.782000 -1.441964 0.30103
1.818000 -1.441964 0.00000
1.854000 -1.441964 0.00000
1.890000 -1.441964 0.00000
1.926000 -1.441964 0.00000
1.962000 -1.441964 0.00000
1.998000 -1.441964 0.00000
2.034000 -1.441964 0.00000
2.070000 -1.441964 0.00000
2.106000 -1.441964 0.00000
2.142000 -1.441964 0.00000
2.178000 -1.441964 0.00000
2.214000 -1.441964 0.00000
2.250000 -1.441964 0.00000
2.286000 -1.441964 0.00000
2.322000 -1.441964 0.00000
2.358000 -1.441964 0.00000
2.394000 -1.441964 0.47712
2.430000 -1.441964 0.00000
2.466000 -1.441964 0.30103
2.502000 -1.441964 0.69897
2.538000 -1.441964 0.69897
2.574000 -1.441964 0.60206
2.610000 -1.441964 0.00000
2.646000 -1.441964 0.00000
2.682000 -1.441964 0.00000
2.718000 -1.441964 0.00000
2.754000 -1.441964 0.00000
2.790000 -1.441964 0.00000
2.826000 -1.441964 0.00000
2.862000 -1.441964 0.00000
2.898000 -1.441964 0.00000
2.934000 -1.441964 0.00000
2.970000 -1.441964 0.00000
3.006000 -1.441964 0.00000
3.042000 -1.441964 0.00000
3.078000 -1.441964 0.00000
3.114000 -1.441964 0.00000
3.150000 -1.441964 0.00000
3.186000 -1.441964 0.00000
3.222000 -1.441964 0.47712
3.258000 -1.441964 1.23045
3.294000 -1.441964 0.00000
3.330000 -1.441964 0.00000
3.366000 -1.441964 0.00000
3.402000 -1.441964 0.00000
3.438000 -1.441964 0.00000
3.474000 -1.441964 0.00000
3.510000 -1.441964 0.00000
3.546000 -1.441964 0.00000
3.582000 -1.441964 0.00000
3.618000 -1.441964 0.00000
3.654000 -1.441964 0.00000
3.690000 -1.441964 0.00000
3.726000 -1.441964 0.00000
3.762000 -1.441964 0.00000
3.798000 -1.441964 0.00000
3.834000 -1.441964 0.00000
3.870000 -1.441964 0.00000
3.906000 -1.441964 0.00000
3.942000 -1.441964 0.00000
3.978000 -1.441964 0.47712
4.014000 -1.441964 0.47712
4.050000 -1.441964 1.00000
4.086000 -1.441964 0.00000
4.122000 -1.441964 0.00000
4.158000 -1.441964 0.00000
4.194000 -1.441964 0.00000
4.230000 -1.441964 0.00000
4.266000 -1.441964 0.00000
4.302000 -1.441964 0.00000
4.338000 -1.441964 0.00000
4.374000 -1.441964 0.00000
4.410000 -1.441964 0.00000
4.446000 -1.441964 0.00000
4.482000 -1.441964 0.00000
4.518000 -1.441964 0.00000
4.554000 -1.441964 0.00000
4.590000 -1.441964 0.00000
4.626000 -1.441964 0.00000
4.662000 -1.441964 0.00000
4.698000 -1.441964 0.00000
4.734000 -1.441964 0.00000
4.770000 -1.441964 0.00000
4.806000 -1.441964 0.00000
4.842000 -1.441964 0.00000
4.878000 -1.441964 0.00000
4.914000 -1.441964 0.00000
4.950000 -1.441964 0.00000
4.986000 -1.441964 0.00000
5.022000 -1.441964 0.00000
5.058000 -1.441964 0.00000
5.094000 -1.441964 0.00000
5.130000 -1.441964 0.00000
5.166000 -1.441964 0.00000
5.202000 -1.441964 0.00000
5.238000 -1.441964 0.00000
5.274000 -1.441964 0.00000
5.310000 -1.441964 0.00000
5.346000 -1.441964 0.00000
5.382000 -1.441964 0.00000
0.018000 -1.411607 0.00000
0.054000 -1.411607 0.00000
0.090000 -1.411607 0.00000
0.126000 -1.411607 0.00000
0.162000 -1.411607 0.00000
0.198000 -1.411607 0.00000
0.234000 -1.411607 0.00000
0.270000 -1.411607 0.00000
0.306000 -1.411607 0.00000
0.342000 -1.411607 0.00000
0.378000 -1.411607 0.00000
0.414000 -1.411607 0.00000
0.450000 -1.411607 0.00000
0.486000 -1.411607 0.00000
0.522000 -1.411607 0.00000
0.558000 -1.411607 0.00000
0.594000 -1.411607 0.00000
0.630000 -1.411607 0.00000
0.666000 -1.411607 0.00000
0.702000 -1.411607 0.00000
0.738000 -1.411607 0.00000
0.774000 -1.411607 0.00000
0.810000 -1.411607 0.00000
0.846000 -1.411607 0.00000
0.882000 -1.411607 0.00000
0.918000 -1.411607 0.00000
0.954000 -1.411607 0.00000
0.990000 -1.411607 0.00000
1.026000 -1.411607 0.00000
1.062000 -1.411607 0.00000
1.098000 -1.411607 0.00000
1.134000 -1.411607 0.00000
1.170000 -1.411607 0.00000
1.206000 -1.411607 0.00000
1.242000 -1.411607 0.00000
1.278000 -1.411607 0.00000
1.314000 -1.411607 0.00000
1.350000 -1.411607 0.00000
1.386000 -1.411607 0.00000
1.422000 -1.411607 0.00000
1.458000 -1.411607 0.00000
1.494000 -1.411607 0.00000
1.530000 -1.411607 0.00000
1.566000 -1.411607 0.00000
1.602000 -1.411607 0.00000
1.638000 -1.411607 0.00000
1.674000 -1.411607 0.00000
1.710000 -1.411607 0.00000
1.746000 -1.411607 0.00000
1.782000 -1.411607 0.00000
1.818000 -1.411607 0.00000
1.854000 -1.411607 0.00000
1.890000 -1.411607 0.00000
1.926000 -1.411607 0.00000
1.962000 -1.411607 0.00000
1.998000 -1.411607 0.00000
2.034000 -1.411607 0.00000
2.070000 -1.411607 0.00000
2.106000 -1.411607 0.00000
2.142000 -1.411607 0.00000
2.178000 -1.411607 0.00000
2.214000 -1.411607 0.00000
2.250000 -1.411607 0.00000
2.286000 -1.411607 0.00000
2.322000 -1.411607 0.00000
2.358000 -1.411607 0.00000
2.394000 -1.411607 0.00000
2.430000 -1.411607 0.00000
2.466000 -1.411607 0.00000
2.502000 -1.411607 0.47712
2.538000 -1.411607 0.30103
2.574000 -1.411607 0.69897
2.610000 -1.411607 0.00000
2.646000 -1.411607 0.00000
2.682000 -1.411607 0.00000
2.718000 -1.411607 0.00000
2.754000 -1.411607 0.00000
2.790000 -1.411607 0.00000
2.826000 -1.411607 0.00000
2.862000 -1.411607 0.00000
2.898000 -1.411607 0.00000
2.934000 -1.411607 0.00000
2.970000 -1.411607 0.00000
3.006000 -1.411607 0.00000
3.042000 -1.411607 0.00000
3.078000 -1.411607 0.00000
3.114000 -1.411607 0.00000
3.150000 -1.411607 0.00000
3.186000 -1.411607 0.00000
3.222000 -1.411607 0.00000
3.258000 -1.411607 0.47712
3.294000 -1.411607 1.00000
3.330000 -1.411607 0.00000
3.366000 -1.411607 0.00000
3.402000 -1.411607 0.00000
3.438000 -1.411607 0.00000
3.474000 -1.411607 0.00000
3.510000 -1.411607 0.00000
3.546000 -1.411607 0.00000
3.582000 -1.411607 0.00000
3.618000 -1.411607 0.00000
3.654000 -1.411607 0.00000
3.690000 -1.411607 0.00000
3.726000 -1.411607 0.00000
3.762000 -1.411607 0.00000
3.798000 -1.411607 0.00000
3.834000 -1.411607 0.00000
3.870000 -1.411607 0.00000
3.906000 -1.411607 0.00000
3.942000 -1.411607 0.00000
3.978000 -1.411607 0.00000
4.014000 -1.411607 0.00000
4.050000 -1.411607 0.00000
4.086000 -1.411607 0.00000
4.122000 -1.411607 0.00000
4.158000 -1.411607 0.00000
4.194000 -1.411607 0.00000
4.230000 -1.411607 0.00000
4.266000 -1.411607 0.00000
4.302000 -1.411607 0.00000
4.338000 -1.411607 0.00000
4.374000 -1.411607 0.00000
4.410000 -1.411607 0.00000
4.446000 -1.411607 0.00000
4.482000 -1.411607 0.00000
4.518000 -1.411607 0.00000
4.554000 -1.411607 0.00000
4.590000 -1.411607 0.00000
4.626000 -1.411607 0.00000
4.662000 -1.411607 0.00000
4.698000 -1.411607 0.00000
4.734000 -1.411607 0.00000
4.770000 -1.411607 0.00000
4.806000 -1.411607 0.00000
4.842000 -1.411607 0.00000
4.878000 -1.411607 0.00000
4.914000 -1.411607 0.00000
4.950000 -1.411607 0.00000
4.986000 -1.411607 0.00000
5.022000 -1.411607 0.00000
5.058000 -1.411607 0.00000
5.094000 -1.411607 0.00000
5.130000 -1.411607 0.00000
5.166000 -1.411607 0.00000
5.202000 -1.411607 0.00000
5.238000 -1.411607 0.00000
5.274000 -1.411607 0.00000
5.310000 -1.411607 0.00000
5.346000 -1.411607 0.00000
5.382000 -1.411607 0.00000
0.018000 -1.381250 0.00000
0.054000 -1.381250 0.00000
0.090000 -1.381250 0.00000
0.126000 -1.381250 0.00000
0.162000 -1.381250 0.00000
0.198000 -1.381250 0.00000
0.234000 -1.381250 0.00000
0.270000 -1.381250 0.00000
0.306000 -1.381250 0.00000
0.342000 -1.381250 0.00000
0.378000 -1.381250 0.00000
0.414000 -1.381250 0.00000
0.450000 -1.381250 0.00000
0.486000 -1.381250 0.00000
0.522000 -1.381250 0.00000
0.558000 -1.381250 0.00000
0.594000 -1.381250 0.00000
0.630000 -1.381250 0.00000
0.666000 -1.381250 0.00000
0.702000 -1.381250 0.00000
0.738000 -1.381250 0.00000
0.774000 -1.381250 0.00000
0.810000 -1.381250 0.00000
0.846000 -1.381250 0.00000
0.882000 -1.381250 0.00000
0.918000 -1.381250 0.00000
0.954000 -1.381250 0.00000
0.990000 -1.381250 0.00000
1.026000 -1.381250 0.00000
1.062000 -1.381250 0.00000
1.098000 -1.381250 0.00000
1.134000 -1.381250 0.00000
1.170000 -1.381250 0.00000
1.206000 -1.381250 0.00000
1.242000 -1.381250 0.00000
1.278000 -1.381250 0.00000
1.314000 -1.381250 0.00000
1.350000 -1.381250 0.00000
1.386000 -1.381250 0.00000
1.422000 -1.381250 0.00000
1.458000 -1.381250 0.00000
1.494000 -1.381250 0.00000
1.530000 -1.381250 0.00000
1.566000 -1.381250 0.00000
1.602000 -1.381250 0.00000
1.638000 -1.381250 0.00000
1.674000 -1.381250 0.00000
1.710000 -1.381250 0.00000
1.746000 -1.381250 0.00000
1.782000 -1.381250 0.00000
1.818000 -1.381250 0.00000
1.854000 -1.381250 0.00000
1.890000 -1.381250 0.00000
1.926000 -1.381250 0.00000
1.962000 -1.381250 0.00000
1.998000 -1.381250 0.00000
2.034000 -1.381250 0.00000
2.070000 -1.381250 0.00000
2.106000 -1.381250 0.00000
2.142000 -1.381250 0.00000
2.178000 -1.381250 0.00000
2.214000 -1.381250 0.00000
2.250000 -1.381250 0.00000
2.286000 -1.381250 0.00000
2.322000 -1.381250 0.00000
2.358000 -1.381250 0.00000
2.394000 -1.381250 0.00000
2.430000 -1.381250 0.00000
2.466000 -1.381250 0.00000
2.502000 -1.381250 0.00000
2.538000 -1.381250 0.60206
2.574000 -1.381250 0.00000
2.610000 -1.381250 0.47712
2.646000 -1.381250 0.00000
2.682000 -1.381250 0.00000
2.718000 -1.381250 0.00000
2.754000 -1.381250 0.00000
2.790000 -1.381250 0.00000
2.826000 -1.381250 0.00000
2.862000 -1.381250 0.00000
2.898000 -1.381250 0.00000
2.934000 -1.381250 0.00000
2.970000 -1.381250 0.00000
3.006000 -1.381250 0.00000
3.042000 -1.381250 0.00000
3.078000 -1.381250 0.00000
3.114000 -1.381250 0.00000
3.150000 -1.381250 0.00000
3.186000 -1.381250 0.00000
3.222000 -1.381250 0.00000
3.258000 -1.381250 0.00000
3.294000 -1.381250 0.00000
3.330000 -1.381250 1.00000
3.366000 -1.381250 0.00000
3.402000 -1.381250 0.00000
3.438000 -1.381250 0.00000
3.474000 -1.381250 0.00000
3.510000 -1.381250 0.00000
3.546000 -1.381250 0.00000
3.582000 -1.381250 0.00000
3.618000 -1.381250 0.00000
3.654000 -1.381250 0.00000
3.690000 -1.381250 0.00000
3.726000 -1.381250 0.00000
3.762000 -1.381250 0.00000
3.798000 -1.381250 0.00000
3.834000 -1.381250 0.00000
3.870000 -1.381250 0.00000
3.906000 -1.381250 0.00000
3.942000 -1.381250 0.00000
3.978000 -1.381250 0.00000
4.014000 -1.381250 0.00000
4.050000 -1.381250 0.00000
4.086000 -1.381250 0.00000
4.122000 -1.381250 0.00000
4.158000 -1.381250 0.00000
4.194000 -1.381250 0.00000
4.230000 -1.381250 0.00000
4.266000 -1.381250 0.00000
4.302000 -1.381250 0.00000
4.338000 -1.381250 0.00000
4.374000 -1.381250 0.00000
4.410000 -1.381250 0.00000
4.446000 -1.381250 0.00000
4.482000 -1.381250 0.00000
4.518000 -1.381250 0.00000
4.554000 -1.381250 0.00000
4.590000 -1.381250 0.00000
4.626000 -1.381250 0.00000
4.662000 -1.381250 0.00000
4.698000 -1.381250 0.00000
4.734000 -1.381250 0.00000
4.770000 -1.381250 0.00000
4.806000 -1.381250 0.00000
4.842000 -1.381250 0.00000
4.878000 -1.381250 0.00000
4.914000 -1.381250 0.00000
4.950000 -1.381250 0.00000
4.986000 -1.381250 0.00000
5.022000 -1.381250 0.00000
5.058000 -1.381250 0.00000
5.094000 -1.381250 0.00000
5.130000 -1.381250 0.00000
5.166000 -1.381250 0.00000
5.202000 -1.381250 0.00000
5.238000 -1.381250 0.00000
5.274000 -1.381250 0.00000
5.310000 -1.381250 0.00000
5.346000 -1.381250 0.00000
5.382000 -1.381250 0.00000
0.018000 -1.350893 0.00000
0.054000 -1.350893 0.00000
0.090000 -1.350893 0.00000
0.126000 -1.350893 0.00000
0.162000 -1.350893 0.00000
0.198000 -1.350893 0.00000
0.234000 -1.350893 0.00000
0.270000 -1.350893 0.00000
0.306000 -1.350893 0.00000
0.342000 -1.350893 0.00000
0.378000 -1.350893 0.00000
0.414000 -1.350893 0.00000
0.450000 -1.350893 0.00000
0.486000 -1.350893 0.00000
0.522000 -1.350893 0.00000
0.558000 -1.350893 0.00000
0.594000 -1.350893 0.00000
0.630000 -1.350893 0.00000
0.666000 -1.350893 0.00000
0.702000 -1.350893 0.00000
0.738000 -1.350893 0.00000
0.774000 -1.350893 0.00000
0.810000 -1.350893 0.00000
0.846000 -1.350893 0.00000
0.882000 -1.350893 0.00000
0.918000 -1.350893 0.00000
0.954000 -1.350893 0.00000
0.990000 -1.350893 0.00000
1.026000 -1.350893 0.00000
1.062000 -1.350893 0.00000
1.098000 -1.350893 0.00000
1.134000 -1.350893 0.00000
1.170000 -1.350893 0.00000
1.206000 -1.350893 0.00000
1.242000 -1.350893 0.00000
1.278000 -1.350893 0.00000
1.314000 -1.350893 0.00000
1.350000 -1.350893 0.00000
1.386000 -1.350893 0.00000
1.422000 -1.350893 0.00000
1.458000 -1.350893 0.00000
1.494000 -1.350893 0.00000
1.530000 -1.350893 0.00000
1.566000 -1.350893 0.00000
1.602000 -1.350893 0.00000
1.638000 -1.350893 0.00000
1.674000 -1.350893 0.00000
1.710000 -1.350893 0.00000
1.746000 -1.350893 0.00000
1.782000 -1.350893 0.00000
1.818000 -1.350893 0.00000
1.854000 -1.350893 0.00000
1.890000 -1.350893 0.00000
1.926000 -1.350893 0.00000
1.962000 -1.350893 0.00000
1.998000 -1.350893 0.00000
2.034000 -1.350893 0.00000
2.070000 -1.350893 0.00000
2.106000 -1.350893 0.00000
2.142000 -1.350893 0.00000
2.178000 -1.350893 0.00000
2.214000 -1.350893 0.00000
2.250000 -1.350893 0.00000
2.286000 -1.350893 0.00000
2.322000 -1.350893 0.00000
2.358000 -1.350893 0.00000
2.394000 -1.350893 0.00000
2.430000 -1.350893 0.00000
2.466000 -1.350893 0.00000
2.502000 -1.350893 0.00000
2.538000 -1.350893 0.00000
2.574000 -1.350893 0.69897
2.610000 -1.350893 0.69897
2.646000 -1.350893 0.30103
2.682000 -1.350893 0.00000
2.718000 -1.350893 0.00000
2.754000 -1.350893 0.00000
2.790000 -1.350893 0.00000
2.826000 -1.350893 0.00000
2.862000 -1.350893 0.00000
2.898000 -1.350893 0.00000
2.934000 -1.350893 0.00000
2.970000 -1.350893 0.00000
3.006000 -1.350893 0.00000
3.042000 -1.350893 0.00000
3.078000 -1.350893 0.00000
3.114000 -1.350893 0.00000
3.150000 -1.350893 0.00000
3.186000 -1.350893 0.00000
3.222000 -1.350893 0.00000
3.258000 -1.350893 0.00000
3.294000 -1.350893 0.00000
3.330000 -1.350893 0.00000
3.366000 -1.350893 0.00000
3.402000 -1.350893 0.00000
3.438000 -1.350893 0.00000
3.474000 -1.350893 0.00000
3.510000 -1.350893 0.00000
3.546000 -1.350893 0.00000
3.582000 -1.350893 0.00000
3.618000 -1.350893 0.00000
3.654000 -1.350893 0.00000
3.690000 -1.350893 0.00000
3.726000 -1.350893 0.00000
3.762000 -1.350893 0.00000
3.798000 -1.350893 0.00000
3.834000 -1.350893 0.00000
3.870000 -1.350893 0.00000
3.906000 -1.350893 0.00000
3.942000 -1.350893 0.00000
3.978000 -1.350893 0.00000
4.014000 -1.350893 0.00000
4.050000 -1.350893 0.00000
4.086000 -1.350893 0.00000
4.122000 -1.350893 0.00000
4.158000 -1.350893 0.00000
4.194000 -1.350893 0.00000
4.230000 -1.350893 0.00000
4.266000 -1.350893 0.00000
4.302000 -1.350893 0.00000
4.338000 -1.350893 0.00000
4.374000 -1.350893 0.00000
4.410000 -1.350893 0.00000
4.446000 -1.350893 0.00000
4.482000 -1.350893 0.00000
4.518000 -1.350893 0.00000
4.554000 -1.350893 0.00000
4.590000 -1.350893 0.00000
4.626000 -1.350893 0.00000
4.662000 -1.350893 0.00000
4.698000 -1.350893 0.00000
4.734000 -1.350893 0.00000
4.770000 -1.350893 0.00000
4.806000 -1.350893 0.00000
4.842000 -1.350893 0.00000
4.878000 -1.350893 0.00000
4.914000 -1.350893 0.00000
4.950000 -1.350893 0.00000
4.986000 -1.350893 0.00000
5.022000 -1.350893 0.00000
5.058000 -1.350893 0.00000
5.094000 -1.350893 0.00000
5.130000 -1.350893 0.00000
5.166000 -1.350893 0.00000
5.202000 -1.350893 0.00000
5.238000 -1.350893 0.00000
5.274000 -1.350893 0.00000
5.310000 -1.350893 0.00000
5.346000 -1.350893 0.00000
5.382000 -1.350893 0.00000
0.018000 -1.320536 0.00000
0.054000 -1.320536 0.00000
0.090000 -1.320536 0.00000
0.126000 -1.320536 0.00000
0.162000 -1.320536 0.00000
0.198000 -1.320536 0.00000
0.234000 -1.320536 0.00000
0.270000 -1.320536 0.00000
0.306000 -1.320536 0.00000
0.342000 -1.320536 0.00000
0.378000 -1.320536 1.50515
0.414000 -1.320536 0.00000
0.450000 -1.320536 0.00000
0.486000 -1.320536 0.00000
0.522000 -1.320536 0.00000
0.558000 -1.320536 0.00000
0.594000 -1.320536 0.00000
0.630000 -1.320536 0.00000
0.666000 -1.320536 0.00000
0.702000 -1.320536 0.00000
0.738000 -1.320536 0.00000
0.774000 -1.320536 0.00000
0.810000 -1.320536 0.00000
0.846000 -1.320536 0.00000
0.882000 -1.320536 0.00000
0.918000 -1.320536 0.00000
0.954000 -1.320536 0.00000
0.990000 -1.320536 0.00000
1.026000 -1.320536 0.00000
1.062000 -1.320536 0.00000
1.098000 -1.320536 0.00000
1.134000 -1.320536 0.00000
1.170000 -1.320536 0.00000
1.206000 -1.320536 0.00000
1.242000 -1.320536 0.00000
1.278000 -1.320536 0.00000
1.314000 -1.320536 0.00000
1.350000 -1.320536 0.00000
1.386000 -1.320536 0.00000
1.422000 -1.320536 0.00000
1.458000 -1.320536 0.00000
1.494000 -1.320536 0.00000
1.530000 -1.320536 0.00000
1.566000 -1.320536 0.00000
1.602000 -1.320536 0.00000
1.638000 -1.320536 0.00000
1.674000 -1.320536 0.00000
1.710000 -1.320536 0.00000
1.746000 -1.320536 0.00000
1.782000 -1.320536 0.00000
1.818000 -1.320536 0.00000
1.854000 -1.320536 0.00000
1.890000 -1.320536 0.00000
1.926000 -1.320536 0.00000
1.962000 -1.320536 0.00000
1.998000 -1.320536 0.00000
2.034000 -1.320536 0.00000
2.070000 -1.320536 0.00000
2.106000 -1.320536 0.00000
2.142000 -1.320536 0.00000
2.178000 -1.320536 0.00000
2.214000 -1.320536 0.00000
2.250000 -1.320536 0.00000
2.286000 -1.320536 0.00000
2.322000 -1.320536 0.00000
2.358000 -1.320536 0.00000
2.394000 -1.320536 0.00000
2.430000 -1.320536 0.00000
2.466000 -1.320536 0.00000
2.502000 -1.320536 0.00000
2.538000 -1.320536 0.00000
2.574000 -1.320536 0.00000
2.610000 -1.320536 0.00000
2.646000 -1.320536 0.00000
2.682000 -1.320536 0.00000
2.718000 -1.320536 0.00000
2.754000 -1.320536 0.00000
2.790000 -1.320536 0.00000
2.826000 -1.320536 0.00000
2.862000 -1.320536 0.00000
2.898000 -1.320536 0.00000
2.934000 -1.320536 0.00000
2.970000 -1.320536 0.00000
3.006000 -1.320536 0.00000
3.042000 -1.320536 0.00000
3.078000 -1.320536 0.00000
3.114000 -1.320536 0.00000
3.150000 -1.320536 0.00000
3.186000 -1.320536 0.00000
3.222000 -1.320536 0.00000
3.258000 -1.320536 0.00000
3.294000 -1.320536 0.00000
3.330000 -1.320536 0.00000
3.366000 -1.320536 0.00000
3.402000 -1.320536 0.00000
3.438000 -1.320536 0.00000
3.474000 -1.320536 0.00000
3.510000 -1.320536 0.00000
3.546000 -1.320536 0.00000
3.582000 -1.320536 0.00000
3.618000 -1.320536 0.00000
3.654000 -1.320536 0.00000
3.690000 -1.320536 0.00000
3.726000 -1.320536 0.00000
3.762000 -1.320536 0.00000
3.798000 -1.320536 0.00000
3.834000 -1.320536 0.00000
3.870000 -1.320536 0.00000
3.906000 -1.320536 0.00000
3.942000 -1.320536 0.00000
3.978000 -1.320536 0.00000
4.014000 -1.320536 0.00000
4.050000 -1.320536 0.00000
4.086000 -1.320536 0.00000
4.122000 -1.320536 0.00000
4.158000 -1.320536 0.00000
4.194000 -1.320536 0.00000
4.230000 -1.320536 0.00000
4.266000 -1.320536 0.00000
4.302000 -1.320536 0.00000
4.338000 -1.320536 0.00000
4.374000 -1.320536 0.00000
4.410000 -1.320536 0.00000
4.446000 -1.320536 0.00000
4.482000 -1.320536 0.00000
4.518000 -1.320536 0.00000
4.554000 -1.320536 0.00000
4.590000 -1.320536 0.00000
4.626000 -1.320536 0.00000
4.662000 -1.320536 0.00000
4.698000 -1.320536 0.00000
4.734000 -1.320536 0.00000
4.770000 -1.320536 0.00000
4.806000 -1.320536 0.00000
4.842000 -1.320536 0.00000
4.878000 -1.320536 0.00000
4.914000 -1.320536 0.00000
4.950000 -1.320536 0.00000
4.986000 -1.320536 0.00000
5.022000 -1.320536 0.00000
5.058000 -1.320536 0.00000
5.094000 -1.320536 0.00000
5.130000 -1.320536 0.00000
5.166000 -1.320536 0.00000
5.202000 -1.320536 0.00000
5.238000 -1.320536 0.00000
5.274000 -1.320536 0.00000
5.310000 -1.320536 0.00000
5.346000 -1.320536 0.00000
5.382000 -1.320536 0.00000
0.018000 -1.290179 0.00000
0.054000 -1.290179 0.00000
0.090000 -1.290179 0.00000
0.126000 -1.290179 0.00000
0.162000 -1.290179 0.00000
0.198000 -1.290179 0.00000
0.234000 -1.290179 0.00000
0.270000 -1.290179 0.00000
0.306000 -1.290179 0.00000
0.342000 -1.290179 1.36173
0.378000 -1.290179 1.78533
0.414000 -1.290179 0.00000
0.450000 -1.290179 0.00000
0.486000 -1.290179 0.00000
0.522000 -1.290179 0.00000
0.558000 -1.290179 0.00000
0.594000 -1.290179 0.00000
0.630000 -1.290179 0.00000
0.666000 -1.290179 0.00000
0.702000 -1.290179 0.00000
0.738000 -1.290179 0.00000
0.774000 -1.290179 0.00000
0.810000 -1.290179 0.00000
0.846000 -1.290179 0.00000
0.882000 -1.290179 0.00000
0.918000 -1.290179 0.00000
0.954000 -1.290179 0.00000
0.990000 -1.290179 0.00000
1.026000 -1.290179 0.00000
1.062000 -1.290179 0.00000
1.098000 -1.290179 0.00000
1.134000 -1.290179 0.00000
1.170000 -1.290179 0.00000
1.206000 -1.290179 0.00000
1.242000 -1.290179 0.00000
1.278000 -1.290179 0.00000
1.314000 -1.290179 0.00000
1.350000 -1.290179 0.00000
1.386000 -1.290179 0.00000
1.422000 -1.290179 0.00000
1.458000 -1.290179 0.00000
1.494000 -1.290179 0.00000
1.530000 -1.290179 0.00000
1.566000 -1.290179 0.00000
1.602000 -1.290179 0.00000
1.638000 -1.290179 0.00000
1.674000 -1.290179 0.00000
1.710000 -1.290179 0.00000
1.746000 -1.290179 0.00000
1.782000 -1.290179 0.00000
1.818000 -1.290179 0.00000
1.854000 -1.290179 0.00000
1.890000 -1.290179 0.00000
1.926000 -1.290179 0.00000
1.962000 -1.290179 0.00000
1.998000 -1.290179 0.00000
2.034000 -1.290179 0.00000
2.070000 -1.290179 0.00000
2.106000 -1.290179 0.00000
2.142000 -1.290179 0.00000
2.178000 -1.290179 0.00000
2.214000 -1.290179 0.00000
2.250000 -1.290179 0.00000
2.286000 -1.290179 0.00000
2.322000 -1.290179 0.00000
2.358000 -1.290179 0.00000
2.394000 -1.290179 0.00000
2.430000 -1.290179 0.00000
2.466000 -1.290179 0.00000
2.502000 -1.290179 0.00000
2.538000 -1.290179 0.00000
2.574000 -1.290179 0.00000
2.610000 -1.290179 0.00000
2.646000 -1.290179 0.00000
2.682000 -1.290179 0.00000
2.718000 -1.290179 0.00000
2.754000 -1.290179 0.00000
2.790000 -1.290179 0.00000
2.826000 -1.290179 0.00000
2.862000 -1.290179 0.00000
2.898000 -1.290179 0.00000
2.934000 -1.290179 0.00000
2.970000 -1.290179 0.00000
3.006000 -1.290179 0.00000
3.042000 -1.290179 0.00000
3.078000 -1.290179 0.00000
3.114000 -1.290179 0.00000
3.150000 -1.290179 0.00000
3.186000 -1.290179 0.00000
3.222000 -1.290179 0.00000
3.258000 -1.290179 0.00000
3.294000 -1.290179 0.00000
3.330000 -1.290179 0.00000
3.366000 -1.290179 0.00000
3.402000 -1.290179 0.00000
3.438000 -1.290179 0.00000
3.474000 -1.290179 0.00000
3.510000 -1.290179 0.00000
3.546000 -1.290179 0.00000
3.582000 -1.290179 0.00000
3.618000 -1.290179 0.00000
3.654000 -1.290179 0.00000
3.690000 -1.290179 0.00000
3.726000 -1.290179 0.00000
3.762000 -1.290179 0.00000
3.798000 -1.290179 0.00000
3.834000 -1.290179 0.00000
3.870000 -1.290179 0.00000
3.906000 -1.290179 0.00000
3.942000 -1.290179 0.00000
3.978000 -1.290179 0.00000
4.014000 -1.290179 0.00000
4.050000 -1.290179 0.00000
4.086000 -1.290179 0.00000
4.122000 -1.290179 0.00000
4.158000 -1.290179 0.00000
4.194000 -1.290179 0.00000
4.230000 -1.290179 0.00000
4.266000 -1.290179 0.00000
4.302000 -1.290179 0.00000
4.338000 -1.290179 0.00000
4.374000 -1.290179 0.00000
4.410000 -1.290179 0.00000
4.446000 -1.290179 0.00000
4.482000 -1.290179 0.00000
4.518000 -1.290179 0.00000
4.554000 -1.290179 0.00000
4.590000 -1.290179 0.00000
4.626000 -1.290179 0.00000
4.662000 -1.290179 0.00000
4.698000 -1.290179 0.00000
4.734000 -1.290179 0.00000
4.770000 -1.290179 0.00000
4.806000 -1.290179 0.00000
4.842000 -1.290179 0.00000
4.878000 -1.290179 0.00000
4.914000 -1.290179 0.00000
4.950000 -1.290179 0.00000
4.986000 -1.290179 0.00000
5.022000 -1.290179 0.00000
5.058000 -1.290179 0.00000
5.094000 -1.290179 0.00000
5.130000 -1.290179 0.00000
5.166000 -1.290179 0.00000
5.202000 -1.290179 0.00000
5.238000 -1.290179 0.00000
5.274000 -1.290179 0.00000
5.310000 -1.290179 0.00000
5.346000 -1.290179 0.00000
5.382000 -1.290179 0.00000
0.018000 -1.259821 0.00000
0.054000 -1.259821 0.00000
0.090000 -1.259821 0.00000
0.126000 -1.259821 0.00000
0.162000 -1.259821 0.00000
0.198000 -1.259821 0.00000
0.234000 -1.259821 0.00000
0.270000 -1.259821 0.00000
0.306000 -1.259821 0.00000
0.342000 -1.259821 1.43136
0.378000 -1.259821 1.69020
0.414000 -1.259821 0.00000
0.450000 -1.259821 0.00000
0.486000 -1.259821 0.00000
0.522000 -1.259821 0.00000
0.558000 -1.259821 0.00000
0.594000 -1.259821 0.00000
0.630000 -1.259821 0.00000
0.666000 -1.259821 0.00000
0.702000 -1.259821 0.00000
0.738000 -1.259821 0.00000
0.774000 -1.259821 0.00000
0.810000 -1.259821 0.00000
0.846000 -1.259821 0.00000
0.882000 -1.259821 0.00000
0.918000 -1.259821 0.00000
0.954000 -1.259821 0.00000
0.990000 -1.259821 0.00000
1.026000 -1.259821 0.00000
1.062000 -1.259821 0.00000
1.098000 -1.259821 0.00000
1.134000 -1.259821 0.00000
1.170000 -1.259821 0.00000
1.206000 -1.259821 0.00000
1.242000 -1.259821 0.00000
1.278000 -1.259821 0.00000
1.314000 -1.259821 0.00000
1.350000 -1.259821 0.00000
1.386000 -1.259821 0.00000
1.422000 -1.259821 0.00000
1.458000 -1.259821 0.00000
1.494000 -1.259821 0.00000
1.530000 -1.259821 0.00000
1.566000 -1.259821 0.00000
1.602000 -1.259821 0.00000
1.638000 -1.259821 0.00000
1.674000 -1.259821 0.00000
1.710000 -1.259821 0.00000
1.746000 -1.259821 0.00000
1.782000 -1.259821 0.00000
1.818000 -1.259821 0.00000
1.854000 -1.259821 0.00000
1.890000 -1.259821 0.00000
1.926000 -1.259821 0.00000
1.962000 -1.259821 0.00000
1.998000 -1.259821 0.00000
2.034000 -1.259821 0.00000
2.070000 -1.259821 0.00000
2.106000 -1.259821 0.00000
2.142000 -1.259821 0.00000
2.178000 -1.259821 0.00000
2.214000 -1.259821 0.00000
2.250000 -1.259821 0.00000
2.286000 -1.259821 0.00000
2.322000 -1.259821 0.00000
2.358000 -1.259821 0.00000
2.394000 -1.259821 0.00000
2.430000 -1.259821 0.00000
2.466000 -1.259821 0.00000
2.502000 -1.259821 0.00000
2.538000 -1.259821 0.00000
2.574000 -1.259821 0.00000
2.610000 -1.259821 0.00000
2.646000 -1.259821 0.00000
2.682000 -1.259821 0.00000
2.718000 -1.259821 0.00000
2.754000 -1.259821 0.00000
2.790000 -1.259821 0.00000
2.826000 -1.259821 0.00000
2.862000 -1.259821 0.00000
2.898000 -1.259821 0.00000
2.934000 -1.259821 0.00000
2.970000 -1.259821 0.00000
3.006000 -1.259821 0.00000
3.042000 -1.259821 0.00000
3.078000 -1.259821 0.00000
3.114000 -1.259821 0.00000
3.150000 -1.259821 0.00000
3.186000 -1.259821 0.00000
3.222000 -1.259821 0.00000
3.258000 -1.259821 0.00000
3.294000 -1.259821 0.00000
3.330000 -1.259821 0.00000
3.366000 -1.259821 0.00000
3.402000 -1.259821 0.00000
3.438000 -1.259821 0.00000
3.474000 -1.259821 0.00000
3.510000 -1.259821 0.00000
3.546000 -1.259821 0.00000
3.582000 -1.259821 0.00000
3.618000 -1.259821 0.00000
3.654000 -1.259821 0.00000
3.690000 -1.259821 0.00000
3.726000 -1.259821 0.00000
3.762000 -1.259821 0.00000
3.798000 -1.259821 0.00000
3.834000 -1.259821 0.00000
3.870000 -1.259821 0.00000
3.906000 -1.259821 0.00000
3.942000 -1.259821 0.00000
3.978000 -1.259821 0.00000
4.014000 -1.259821 0.00000
4.050000 -1.259821 0.00000
4.086000 -1.259821 0.00000
4.122000 -1.259821 0.00000
4.158000 -1.259821 0.00000
4.194000 -1.259821 0.00000
4.230000 -1.259821 0.00000
4.266000 -1.259821 0.00000
4.302000 -1.259821 0.00000
4.338000 -1.259821 0.00000
4.374000 -1.259821 0.00000
4.410000 -1.259821 0.00000
4.446000 -1.259821 0.00000
4.482000 -1.259821 0.00000
4.518000 -1.259821 0.00000
4.554000 -1.259821 0.00000
4.590000 -1.259821 0.00000
4.626000 -1.259821 0.00000
4.662000 -1.259821 0.00000
4.698000 -1.259821 0.00000
4.734000 -1.259821 0.00000
4.770000 -1.259821 0.00000
4.806000 -1.259821 0.00000
4.842000 -1.259821 0.00000
4.878000 -1.259821 0.00000
4.914000 -1.259821 0.00000
4.950000 -1.259821 0.00000
4.986000 -1.259821 0.00000
5.022000 -1.259821 0.00000
5.058000 -1.259821 0.00000
5.094000 -1.259821 0.00000
5.130000 -1.259821 0.00000
5.166000 -1.259821 0.00000
5.202000 -1.259821 0.00000
5.238000 -1.259821 0.00000
5.274000 -1.259821 0.00000
5.310000 -1.259821 0.00000
5.346000 -1.259821 0.00000
5.382000 -1.259821 0.00000
0.018000 -1.229464 0.00000
0.054000 -1.229464 0.00000
0.090000 -1.229464 0.00000
0.126000 -1.229464 0.00000
0.162000 -1.229464 0.00000
0.198000 -1.229464 0.00000
0.234000 -1.229464 0.00000
0.270000 -1.229464 0.00000
0.306000 -1.229464 0.77815
0.342000 -1.229464 1.54407
0.378000 -1.229464 1.56820
0.414000 -1.229464 0.00000
0.450000 -1.229464 0.00000
0.486000 -1.229464 0.00000
0.522000 -1.229464 0.00000
0.558000 -1.229464 0.00000
0.594000 -1.229464 0.00000
0.630000 -1.229464 0.00000
0.666000 -1.229464 0.00000
0.702000 -1.229464 0.00000
0.738000 -1.229464 0.00000
0.774000 -1.229464 0.00000
0.810000 -1.229464 0.00000
0.846000 -1.229464 0.00000
0.882000 -1.229464 0.00000
0.918000 -1.229464 0.00000
0.954000 -1.229464 0.00000
0.990000 -1.229464 0.00000
1.026000 -1.229464 0.00000
1.062000 -1.229464 0.00000
1.098000 -1.229464 0.00000
1.134000 -1.229464 0.00000
1.170000 -1.229464 0.00000
1.206000 -1.229464 0.00000
1.242000 -1.229464 0.00000
1.278000 -1.229464 0.00000
1.314000 -1.229464 0.00000
1.350000 -1.229464 0.00000
1.386000 -1.229464 0.00000
1.422000 -1.229464 0.00000
1.458000 -1.229464 0.00000
1.494000 -1.229464 0.00000
1.530000 -1.229464 0.00000
1.566000 -1.229464 0.00000
1.602000 -1.229464 0.00000
1.638000 -1.229464 0.00000
1.674000 -1.229464 0.00000
1.710000 -1.229464 0.00000
1.746000 -1.229464 0.00000
1.782000 -1.229464 0.00000
1.818000 -1.229464 0.00000
1.854000 -1.229464 0.00000
1.890000 -1.229464 0.00000
1.926000 -1.229464 0.00000
1.962000 -1.229464 0.00000
1.998000 -1.229464 0.00000
2.034000 -1.229464 0.00000
2.070000 -1.229464 0.00000
2.106000 -1.229464 0.00000
2.142000 -1.229464 0.00000
2.178000 -1.229464 0.00000
2.214000 -1.229464 0.00000
2.250000 -1.229464 0.00000
2.286000 -1.229464 0.00000
2.322000 -1.229464 0.00000
2.358000 -1.229464 0.00000
2.394000 -1.229464 0.00000
2.430000 -1.229464 0.00000
2.466000 -1.229464 0.00000
2.502000 -1.229464 0.00000
2.538000 -1.229464 0.00000
2.574000 -1.229464 0.00000
2.610000 -1.229464 0.00000
2.646000 -1.229464 0.00000
2.682000 -1.229464 0.00000
2.718000 -1.229464 0.00000
2.754000 -1.229464 0.00000
2.790000 -1.229464 0.00000
2.826000 -1.229464 0.00000
2.862000 -1.229464 0.00000
2.898000 -1.229464 0.00000
2.934000 -1.229464 0.00000
2.970000 -1.229464 0.00000
3.006000 -1.229464 0.00000
3.042000 -1.229464 0.00000
3.078000 -1.229464 0.00000
3.114000 -1.229464 0.00000
3.150000 -1.229464 0.00000
3.186000 -1.229464 0.00000
3.222000 -1.229464 0.00000
3.258000 -1.229464 0.00000
3.294000 -1.229464 0.00000
3.330000 -1.229464 0.00000
3.366000 -1.229464 0.00000
3.402000 -1.229464 0.00000
3.438000 -1.229464 0.00000
3.474000 -1.229464 0.00000
3.510000 -1.229464 0.00000
3.546000 -1.229464 0.00000
3.582000 -1.229464 0.00000
3.618000 -1.229464 0.00000
3.654000 -1.229464 0.00000
3.690000 -1.229464 0.00000
3.726000 -1.229464 0.00000
3.762000 -1.229464 0.00000
3.798000 -1.229464 0.00000
3.834000 -1.229464 0.00000
3.870000 -1.229464 0.00000
3.906000 -1.229464 0.00000
3.942000 -1.229464 0.00000
3.978000 -1.229464 0.00000
4.014000 -1.229464 0.00000
4.050000 -1.229464 0.00000
4.086000 -1.229464 0.00000
4.122000 -1.229464 0.00000
4.158000 -1.229464 0.00000
4.194000 -1.229464 0.00000
4.230000 -1.229464 0.00000
4.266000 -1.229464 0.00000
4.302000 -1.229464 0.00000
4.338000 -1.229464 0.00000
4.374000 -1.229464 0.00000
4.410000 -1.229464 0.00000
4.446000 -1.229464 0.00000
4.482000 -1.229464 0.00000
4.518000 -1.229464 0.00000
4.554000 -1.229464 0.00000
4.590000 -1.229464 0.00000
4.626000 -1.229464 0.00000
4.662000 -1.229464 0.00000
4.698000 -1.229464 0.00000
4.734000 -1.229464 0.00000
4.770000 -1.229464 0.00000
4.806000 -1.229464 0.00000
4.842000 -1.229464 0.00000
4.878000 -1.229464 0.00000
4.914000 -1.229464 0.00000
4.950000 -1.229464 0.00000
4.986000 -1.229464 0.00000
5.022000 -1.229464 0.00000
5.058000 -1.229464 0.00000
5.094000 -1.229464 0.00000
5.130000 -1.229464 0.00000
5.166000 -1.229464 0.00000
5.202000 -1.229464 0.00000
5.238000 -1.229464 0.00000
5.274000 -1.229464 0.00000
5.310000 -1.229464 0.00000
5.346000 -1.229464 0.00000
5.382000 -1.229464 0.00000
0.018000 -1.199107 0.00000
0.054000 -1.199107 0.00000
0.090000 -1.199107 0.00000
0.126000 -1.199107 0.00000
0.162000 -1.199107 0.00000
0.198000 -1.199107 0.00000
0.234000 -1.199107 0.00000
0.270000 -1.199107 0.00000
0.306000 -1.199107 1.17609
0.342000 -1.199107 1.72428
0.378000 -1.199107 1.11394
0.414000 -1.199107 0.00000
0.450000 -1.199107 0.00000
0.486000 -1.199107 0.00000
0.522000 -1.199107 0.00000
0.558000 -1.199107 0.00000
0.594000 -1.199107 0.00000
0.630000 -1.199107 0.00000
0.666000 -1.199107 0.00000
0.702000 -1.199107 0.00000
0.738000 -1.199107 0.00000
0.774000 -1.199107 0.00000
0.810000 -1.199107 0.00000
0.846000 -1.199107 0.00000
0.882000 -1.199107 0.00000
0.918000 -1.199107 0.00000
0.954000 -1.199107 0.00000
0.990000 -1.199107 0.00000
1.026000 -1.199107 0.00000
1.062000 -1.199107 0.00000
1.098000 -1.199107 0.00000
1.134000 -1.199107 0.00000
1.170000 -1.199107 0.00000
1.206000 -1.199107 0.00000
1.242000 -1.199107 0.00000
1.278000 -1.199107 0.00000
1.314000 -1.199107 0.00000
1.350000 -1.199107 0.00000
1.386000 -1.199107 0.00000
1.422000 -1.199107 0.00000
1.458000 -1.199107 0.00000
1.494000 -1.199107 0.00000
1.530000 -1.199107 0.00000
1.566000 -1.199107 0.00000
1.602000 -1.199107 0.00000
1.638000 -1.199107 0.00000
1.674000 -1.199107 0.00000
1.710000 -1.199107 0.00000
1.746000 -1.199107 0.00000
1.782000 -1.199107 0.00000
1.818000 -1.199107 0.00000
1.854000 -1.199107 0.00000
1.890000 -1.199107 0.00000
1.926000 -1.199107 0.00000
1.962000 -1.199107 0.00000
1.998000 -1.199107 0.00000
2.034000 -1.199107 0.00000
2.070000 -1.199107 0.00000
2.106000 -1.199107 0.00000
2.142000 -1.199107 0.00000
2.178000 -1.199107 0.00000
2.214000 -1.199107 0.00000
2.250000 -1.199107 0.00000
2.286000 -1.199107 0.00000
2.322000 -1.199107 0.00000
2.358000 -1.199107 0.00000
2.394000 -1.199107 0.00000
2.430000 -1.199107 0.00000
2.466000 -1.199107 0.00000
2.502000 -1.199107 0.00000
2.538000 -1.199107 0.00000
2.574000 -1.199107 0.00000
2.610000 -1.199107 0.00000
2.646000 -1.199107 0.00000
2.682000 -1.199107 0.00000
2.718000 -1.199107 0.00000
2.754000 -1.199107 0.00000
2.790000 -1.199107 0.00000
2.826000 -1.199107 0.00000
2.862000 -1.199107 0.00000
2.898000 -1.199107 0.00000
2.934000 -1.199107 0.00000
2.970000 -1.199107 0.00000
3.006000 -1.199107 0.00000
3.042000 -1.199107 0.00000
3.078000 -1.199107 0.00000
3.114000 -1.199107 0.00000
3.150000 -1.199107 0.00000
3.186000 -1.199107 0.00000
3.222000 -1.199107 0.00000
3.258000 -1.199107 0.00000
3.294000 -1.199107 0.00000
3.330000 -1.199107 0.00000
3.366000 -1.199107 0.00000
3.402000 -1.199107 0.00000
3.438000 -1.199107 0.00000
3.474000 -1.199107 0.00000
3.510000 -1.199107 0.00000
3.546000 -1.199107 0.00000
3.582000 -1.199107 0.00000
3.618000 -1.199107 0.00000
3.654000 -1.199107 0.00000
3.690000 -1.199107 0.00000
3.726000 -1.199107 0.00000
3.762000 -1.199107 0.00000
3.798000 -1.199107 0.00000
3.834000 -1.199107 0.00000
3.870000 -1.199107 0.00000
3.906000 -1.199107 0.00000
3.942000 -1.199107 0.00000
3.978000 -1.199107 0.00000
4.014000 -1.199107 0.00000
4.050000 -1.199107 0.00000
4.086000 -1.199107 0.00000
4.122000 -1.199107 0.00000
4.158000 -1.199107 0.00000
4.194000 -1.199107 0.00000
4.230000 -1.199107 0.00000
4.266000 -1.199107 0.00000
4.302000 -1.199107 0.00000
4.338000 -1.199107 0.00000
4.374000 -1.199107 0.00000
4.410000 -1.199107 0.00000
4.446000 -1.199107 0.00000
4.482000 -1.199107 0.00000
4.518000 -1.199107 0.00000
4.554000 -1.199107 0.00000
4.590000 -1.199107 0.00000
4.626000 -1.199107 0.00000
4.662000 -1.199107 0.00000
4.698000 -1.199107 0.00000
4.734000 -1.199107 0.00000
4.770000 -1.199107 0.00000
4.806000 -1.199107 0.00000
4.842000 -1.199107 0.00000
4.878000 -1.199107 0.00000
4.914000 -1.199107 0.00000
4.950000 -1.199107 0.00000
4.986000 -1.199107 0.00000
5.022000 -1.199107 0.00000
5.058000 -1.199107 0.00000
5.094000 -1.199107 0.00000
5.130000 -1.199107 0.00000
5.166000 -1.199107 0.00000
5.202000 -1.199107 0.00000
5.238000 -1.199107 0.00000
5.274000 -1.199107 0.00000
5.310000 -1.199107 0.00000
5.346000 -1.199107 0.00000
5.382000 -1.199107 0.00000
0.018000 -1.168750 0.00000
0.054000 -1.168750 0.00000
0.090000 -1.168750 0.00000
0.126000 -1.168750 0.00000
0.162000 -1.168750 0.00000
0.198000 -1.168750 0.00000
0.234000 -1.168750 0.00000
0.270000 -1.168750 0.00000
0.306000 -1.168750 0.95424
0.342000 -1.168750 1.56820
0.378000 -1.168750 0.47712
0.414000 -1.168750 0.00000
0.450000 -1.168750 0.00000
0.486000 -1.168750 0.00000
0.522000 -1.168750 0.00000
0.558000 -1.168750 0.00000
0.594000 -1.168750 0.00000
0.630000 -1.168750 0.00000
0.666000 -1.168750 0.00000
0.702000 -1.168750 0.00000
0.738000 -1.168750 0.00000
0.774000 -1.168750 0.00000
0.810000 -1.168750 0.30103
0.846000 -1.168750 0.69897
0.882000 -1.168750 0.30103
0.918000 -1.168750 0.00000
0.954000 -1.168750 0.00000
0.990000 -1.168750 0.00000
1.026000 -1.168750 0.00000
1.062000 -1.168750 0.00000
1.098000 -1.168750 0.00000
1.134000 -1.168750 0.00000
1.170000 -1.168750 0.00000
1.206000 -1.168750 0.00000
1.242000 -1.168750 0.00000
1.278000 -1.168750 0.00000
1.314000 -1.168750 0.00000
1.350000 -1.168750 0.00000
1.386000 -1.168750 0.00000
1.422000 -1.168750 0.00000
1.458000 -1.168750 0.00000
1.494000 -1.168750 0.00000
1.530000 -1.168750 0.00000
1.566000 -1.168750 0.00000
1.602000 -1.168750 0.00000
1.638000 -1.168750 0.00000
1.674000 -1.168750 0.00000
1.710000 -1.168750 0.00000
1.746000 -1.168750 0.00000
1.782000 -1.168750 0.00000
1.818000 -1.168750 0.00000
1.854000 -1.168750 0.00000
1.890000 -1.168750 0.00000
1.926000 -1.168750 0.00000
1.962000 -1.168750 0.00000
1.998000 -1.168750 0.00000
2.034000 -1.168750 0.00000
2.070000 -1.168750 0.00000
2.106000 -1.168750 0.00000
2.142000 -1.168750 0.00000
2.178000 -1.168750 0.00000
2.214000 -1.168750 0.00000
2.250000 -1.168750 0.00000
2.286000 -1.168750 0.00000
2.322000 -1.168750 0.00000
2.358000 -1.168750 0.00000
2.394000 -1.168750 0.00000
2.430000 -1.168750 0.00000
2.466000 -1.168750 0.00000
2.502000 -1.168750 0.00000
2.538000 -1.168750 0.00000
2.574000 -1.168750 0.00000
2.610000 -1.168750 0.00000
2.646000 -1.168750 0.00000
2.682000 -1.168750 0.00000
2.718000 -1.168750 0.00000
2.754000 -1.168750 0.00000
2.790000 -1.168750 0.00000
2.826000 -1.168750 0.00000
2.862000 -1.168750 0.00000
2.898000 -1.168750 0.00000
2.934000 -1.168750 0.00000
2.970000 -1.168750 0.00000
3.006000 -1.168750 0.00000
3.042000 -1.168750 0.00000
3.078000 -1.168750 0.00000
3.114000 -1.168750 0.00000
3.150000 -1.168750 0.00000
3.186000 -1.168750 0.00000
3.222000 -1.168750 0.00000
3.258000 -1.168750 0.00000
3.294000 -1.168750 0.00000
3.330000 -1.168750 0.00000
3.366000 -1.168750 0.00000
3.402000 -1.168750 0.00000
3.438000 -1.168750 0.00000
3.474000 -1.168750 0.00000
3.510000 -1.168750 0.00000
3.546000 -1.168750 0.00000
3.582000 -1.168750 0.00000
3.618000 -1.168750 0.00000
3.654000 -1.168750 0.00000
3.690000 -1.168750 0.00000
3.726000 -1.168750 0.00000
3.762000 -1.168750 0.00000
3.798000 -1.168750 0.00000
3.834000 -1.168750 0.00000
3.870000 -1.168750 0.00000
3.906000 -1.168750 0.00000
3.942000 -1.168750 0.00000
3.978000 -1.168750 0.00000
4.014000 -1.168750 0.00000
4.050000 -1.168750 0.00000
4.086000 -1.168750 0.00000
4.122000 -1.168750 0.00000
4.158000 -1.168750 0.00000
4.194000 -1.168750 0.00000
4.230000 -1.168750 0.00000
4.266000 -1.168750 0.00000
4.302000 -1.168750 0.00000
4.338000 -1.168750 0.00000
4.374000 -1.168750 0.00000
4.410000 -1.168750 0.00000
4.446000 -1.168750 0.00000
4.482000 -1.168750 0.00000
4.518000 -1.168750 0.00000
4.554000 -1.168750 0.00000
4.590000 -1.168750 0.00000
4.626000 -1.168750 0.00000
4.662000 -1.168750 0.00000
4.698000 -1.168750 0.00000
4.734000 -1.168750 0.00000
4.770000 -1.168750 0.00000
4.806000 -1.168750 0.00000
4.842000 -1.168750 0.00000
4.878000 -1.168750 0.00000
4.914000 -1.168750 0.00000
4.950000 -1.168750 0.00000
4.986000 -1.168750 0.00000
5.022000 -1.168750 0.00000
5.058000 -1.168750 0.00000
5.094000 -1.168750 0.00000
5.130000 -1.168750 0.00000
5.166000 -1.168750 0.00000
5.202000 -1.168750 0.00000
5.238000 -1.168750 0.00000
5.274000 -1.168750 0.00000
5.310000 -1.168750 0.00000
5.346000 -1.168750 0.00000
5.382000 -1.168750 0.00000
0.018000 -1.138393 0.00000
0.054000 -1.138393 0.00000
0.090000 -1.138393 0.00000
0.126000 -1.138393 0.00000
0.162000 -1.138393 0.00000
0.198000 -1.138393 0.00000
0.234000 -1.138393 0.00000
0.270000 -1.138393 0.00000
0.306000 -1.138393 1.55630
0.342000 -1.138393 1.39794
0.378000 -1.138393 0.00000
0.414000 -1.138393 0.00000
0.450000 -1.138393 0.00000
0.486000 -1.138393 0.00000
0.522000 -1.138393 0.00000
0.558000 -1.138393 0.00000
0.594000 -1.138393 0.00000
0.630000 -1.138393 0.00000
0.666000 -1.138393 0.00000
0.702000 -1.138393 0.00000
0.738000 -1.138393 0.00000
0.774000 -1.138393 0.00000
0.810000 -1.138393 0.60206
0.846000 -1.138393 1.17609
0.882000 -1.138393 1.20412
0.918000 -1.138393 1.30103
0.954000 -1.138393 1.04139
0.990000 -1.138393 0.30103
1.026000 -1.138393 0.00000
1.062000 -1.138393 0.00000
1.098000 -1.138393 0.00000
1.134000 -1.138393 0.00000
1.170000 -1.138393 0.00000
1.206000 -1.138393 0.00000
1.242000 -1.138393 0.00000
1.278000 -1.138393 0.00000
1.314000 -1.138393 0.00000
1.350000 -1.138393 0.00000
1.386000 -1.138393 0.00000
1.422000 -1.138393 0.00000
1.458000 -1.138393 0.00000
1.494000 -1.138393 0.00000
1.530000 -1.138393 0.00000
1.566000 -1.138393 0.00000
1.602000 -1.138393 0.00000
1.638000 -1.138393 0.00000
1.674000 -1.138393 0.00000
1.710000 -1.138393 0.00000
1.746000 -1.138393 0.00000
1.782000 -1.138393 0.00000
1.818000 -1.138393 0.00000
1.854000 -1.138393 0.00000
1.890000 -1.138393 0.00000
1.926000 -1.138393 0.00000
1.962000 -1.138393 0.00000
1.998000 -1.138393 0.00000
2.034000 -1.138393 0.00000
2.070000 -1.138393 0.00000
2.106000 -1.138393 0.00000
2.142000 -1.138393 0.00000
2.178000 -1.138393 0.00000
2.214000 -1.138393 0.00000
2.250000 -1.138393 0.00000
2.286000 -1.138393 0.00000
2.322000 -1.138393 0.00000
2.358000 -1.138393 0.00000
2.394000 -1.138393 0.00000
2.430000 -1.138393 0.00000
2.466000 -1.138393 0.00000
2.502000 -1.138393 0.00000
2.538000 -1.138393 0.00000
2.574000 -1.138393 0.00000
2.610000 -1.138393 0.00000
2.646000 -1.138393 0.00000
2.682000 -1.138393 0.00000
2.718000 -1.138393 0.00000
2.754000 -1.138393 0.00000
2.790000 -1.138393 0.00000
2.826000 -1.138393 0.00000
2.862000 -1.138393 0.00000
2.898000 -1.138393 0.00000
2.934000 -1.138393 0.00000
2.970000 -1.138393 0.00000
3.006000 -1.138393 0.00000
3.042000 -1.138393 0.00000
3.078000 -1.138393 0.00000
3.114000 -1.138393 0.00000
3.150000 -1.138393 0.00000
3.186000 -1.138393 0.00000
3.222000 -1.138393 0.00000
3.258000 -1.138393 0.00000
3.294000 -1.138393 0.00000
3.330000 -1.138393 0.00000
3.366000 -1.138393 0.00000
3.402000 -1.138393 0.00000
3.438000 -1.138393 0.00000
3.474000 -1.138393 0.00000
3.510000 -1.138393 0.00000
3.546000 -1.138393 0.00000
3.582000 -1.138393 0.00000
3.618000 -1.138393 0.00000
3.654000 -1.138393 0.00000
3.690000 -1.138393 0.00000
3.726000 -1.138393 0.00000
3.762000 -1.138393 0.00000
3.798000 -1.138393 0.00000
3.834000 -1.138393 0.00000
3.870000 -1.138393 0.00000
3.906000 -1.138393 0.00000
3.942000 -1.138393 0.00000
3.978000 -1.138393 0.00000
4.014000 -1.138393 0.00000
4.050000 -1.138393 0.00000
4.086000 -1.138393 0.00000
4.122000 -1.138393 0.00000
4.158000 -1.138393 0.00000
4.194000 -1.138393 0.00000
4.230000 -1.138393 0.00000
4.266000 -1.138393 0.00000
4.302000 -1.138393 0.00000
4.338000 -1.138393 0.00000
4.374000 -1.138393 0.00000
4.410000 -1.138393 0.00000
4.446000 -1.138393 0.00000
4.482000 -1.138393 0.00000
4.518000 -1.138393 0.00000
4.554000 -1.138393 0.00000
4.590000 -1.138393 0.00000
4.626000 -1.138393 0.00000
4.662000 -1.138393 0.00000
4.698000 -1.138393 0.00000
4.734000 -1.138393 0.00000
4.770000 -1.138393 0.00000
4.806000 -1.138393 0.00000
4.842000 -1.138393 0.00000
4.878000 -1.138393 0.00000
4.914000 -1.138393 0.00000
4.950000 -1.138393 0.00000
4.986000 -1.138393 0.00000
5.022000 -1.138393 0.00000
5.058000 -1.138393 0.00000
5.094000 -1.138393 0.00000
5.130000 -1.138393 0.00000
5.166000 -1.138393 0.00000
5.202000 -1.138393 0.00000
5.238000 -1.138393 0.00000
5.274000 -1.138393 0.00000
5.310000 -1.138393 0.00000
5.346000 -1.138393 0.00000
5.382000 -1.138393 0.00000
0.018000 -1.108036 0.00000
0.054000 -1.108036 0.00000
0.090000 -1.108036 0.00000
0.126000 -1.108036 0.00000
0.162000 -1.108036 0.00000
0.198000 -1.108036 0.00000
0.234000 -1.108036 0.00000
0.270000 -1.108036 0.00000
0.306000 -1.108036 0.69897
0.342000 -1.108036 1.00000
0.378000 -1.108036 0.00000
0.414000 -1.108036 0.00000
0.450000 -1.108036 0.00000
0.486000 -1.108036 0.00000
0.522000 -1.108036 0.00000
0.558000 -1.108036 0.00000
0.594000 -1.108036 0.00000
0.630000 -1.108036 0.00000
0.666000 -1.108036 0.00000
0.702000 -1.108036 0.00000
0.738000 -1.108036 0.00000
0.774000 -1.108036 0.00000
0.810000 -1.108036 0.30103
0.846000 -1.108036 0.90309
0.882000 -1.108036 1.00000
0.918000 -1.108036 1.00000
0.954000 -1.108036 1.07918
0.990000 -1.108036 1.20412
1.026000 -1.108036 0.60206
1.062000 -1.108036 0.00000
1.098000 -1.108036 0.00000
1.134000 -1.108036 0.00000
1.170000 -1.108036 0.00000
1.206000 -1.108036 0.00000
1.242000 -1.108036 0.30103
1.278000 -1.108036 0.95424
1.314000 -1.108036 1.14613
1.350000 -1.108036 1.23045
1.386000 -1.108036 1.73239
1.422000 -1.108036 1.11394
1.458000 -1.108036 1.14613
1.494000 -1.108036 0.60206
1.530000 -1.108036 0.00000
1.566000 -1.108036 0.00000
1.602000 -1.108036 0.00000
1.638000 -1.108036 0.00000
1.674000 -1.108036 0.00000
1.710000 -1.108036 0.00000
1.746000 -1.108036 0.00000
1.782000 -1.108036 0.00000
1.818000 -1.108036 0.00000
1.854000 -1.108036 0.00000
1.890000 -1.108036 0.00000
1.926000 -1.108036 0.00000
1.962000 -1.108036 0.00000
1.998000 -1.108036 0.00000
2.034000 -1.108036 0.00000
2.070000 -1.108036 0.00000
2.106000 -1.108036 0.00000
2.142000 -1.108036 0.00000
2.178000 -1.108036 0.00000
2.214000 -1.108036 0.00000
2.250000 -1.108036 0.00000
2.286000 -1.108036 0.00000
2.322000 -1.108036 0.00000
2.358000 -1.108036 0.00000
2.394000 -1.108036 0.00000
2.430000 -1.108036 0.00000
2.466000 -1.108036 0.00000
2.502000 -1.108036 0.00000
2.538000 -1.108036 0.00000
2.574000 -1.108036 0.00000
2.610000 -1.108036 0.00000
2.646000 -1.108036 0.00000
2.682000 -1.108036 0.00000
2.718000 -1.108036 0.00000
2.754000 -1.108036 0.00000
2.790000 -1.108036 0.00000
2.826000 -1.108036 0.00000
2.862000 -1.108036 0.00000
2.898000 -1.108036 0.00000
2.934000 -1.108036 0.00000
2.970000 -1.108036 0.00000
3.006000 -1.108036 0.00000
3.042000 -1.108036 0.00000
3.078000 -1.108036 0.00000
3.114000 -1.108036 0.00000
3.150000 -1.108036 0.00000
3.186000 -1.108036 0.00000
3.222000 -1.108036 0.00000
3.258000 -1.108036 0.00000
3.294000 -1.108036 0.00000
3.330000 -1.108036 0.00000
3.366000 -1.108036 0.00000
3.402000 -1.108036 0.00000
3.438000 -1.108036 0.00000
3.474000 -1.108036 0.00000
3.510000 -1.108036 0.00000
3.546000 -1.108036 0.00000
3.582000 -1.108036 0.00000
3.618000 -1.108036 0.00000
3.654000 -1.108036 0.00000
3.690000 -1.108036 0.00000
3.726000 -1.108036 0.00000
3.762000 -1.108036 0.00000
3.798000 -1.108036 0.00000
3.834000 -1.108036 0.00000
3.870000 -1.108036 0.00000
3.906000 -1.108036 0.00000
3.942000 -1.108036 0.00000
3.978000 -1.108036 0.00000
4.014000 -1.108036 0.00000
4.050000 -1.108036 0.00000
4.086000 -1.108036 0.00000
4.122000 -1.108036 0.00000
4.158000 -1.108036 0.00000
4.194000 -1.108036 0.00000
4.230000 -1.108036 0.00000
4.266000 -1.108036 0.00000
4.302000 -1.108036 0.00000
4.338000 -1.108036 0.00000
4.374000 -1.108036 0.00000
4.410000 -1.108036 0.00000
4.446000 -1.108036 0.00000
4.482000 -1.108036 0.00000
4.518000 -1.108036 0.00000
4.554000 -1.108036 0.00000
4.590000 -1.108036 0.00000
4.626000 -1.108036 0.00000
4.662000 -1.108036 0.00000
4.698000 -1.108036 0.00000
4.734000 -1.108036 0.00000
4.770000 -1.108036 0.00000
4.806000 -1.108036 0.00000
4.842000 -1.108036 0.00000
4.878000 -1.108036 0.00000
4.914000 -1.108036 0.00000
4.950000 -1.108036 0.00000
4.986000 -1.108036 0.00000
5.022000 -1.108036 0.00000
5.058000 -1.108036 0.00000
5.094000 -1.108036 0.00000
5.130000 -1.108036 0.00000
5.166000 -1.108036 0.00000
5.202000 -1.108036 0.00000
5.238000 -1.108036 0.00000
5.274000 -1.108036 0.00000
5.310000 -1.108036 0.00000
5.346000 -1.108036 0.00000
5.382000 -1.108036 0.00000
0.018000 -1.077679 0.00000
0.054000 -1.077679 0.00000
0.090000 -1.077679 0.00000
0.126000 -1.077679 0.00000
0.162000 -1.077679 0.00000
0.198000 -1.077679 0.00000
0.234000 -1.077679 0.00000
0.270000 -1.077679 0.00000
0.306000 -1.077679 1.53148
0.342000 -1.077679 0.69897
0.378000 -1.077679 0.00000
0.414000 -1.077679 0.00000
0.450000 -1.077679 0.00000
0.486000 -1.077679 0.00000
0.522000 -1.077679 0.00000
0.558000 -1.077679 0.00000
0.594000 -1.077679 0.00000
0.630000 -1.077679 0.00000
0.666000 -1.077679 0.00000
0.702000 -1.077679 0.00000
0.738000 -1.077679 0.00000
0.774000 -1.077679 0.00000
0.810000 -1.077679 0.00000
0.846000 -1.077679 0.47712
0.882000 -1.077679 0.84510
0.918000 -1.077679 0.95424
0.954000 -1.077679 1.17609
0.990000 -1.077679 1.04139
1.026000 -1.077679 1.00000
1.062000 -1.077679 0.77815
1.098000 -1.077679 0.00000
1.134000 -1.077679 0.00000
1.170000 -1.077679 0.00000
1.206000 -1.077679 1.20412
1.242000 -1.077679 1.55630
1.278000 -1.077679 1.49136
1.314000 -1.077679 1.41497
1.350000 -1.077679 1.34242
1.386000 -1.077679 1.49136
1.422000 -1.077679 1.99564
1.458000 -1.077679 1.36173
1.494000 -1.077679 1.53148
1.530000 -1.077679 1.53148
1.566000 -1.077679 1.23045
1.602000 -1.077679 1.11394
1.638000 -1.077679 0.69897
1.674000 -1.077679 0.00000
1.710000 -1.077679 0.00000
1.746000 -1.077679 0.00000
1.782000 -1.077679 0.00000
1.818000 -1.077679 0.00000
1.854000 -1.077679 0.00000
1.890000 -1.077679 0.95424
1.926000 -1.077679 1.56820
1.962000 -1.077679 1.55630
1.998000 -1.077679 1.53148
2.034000 -1.077679 1.27875
2.070000 -1.077679 1.04139
2.106000 -1.077679 0.95424
2.142000 -1.077679 0.30103
2.178000 -1.077679 0.00000
2.214000 -1.077679 0.00000
2.250000 -1.077679 0.00000
2.286000 -1.077679 0.00000
2.322000 -1.077679 0.30103
2.358000 -1.077679 1.30103
2.394000 -1.077679 1.51851
2.430000 -1.077679 1.91908
2.466000 -1.077679 1.70757
2.502000 -1.077679 1.62325
2.538000 -1.077679 1.41497
2.574000 -1.077679 1.23045
2.610000 -1.077679 0.47712
2.646000 -1.077679 0.60206
2.682000 -1.077679 0.00000
2.718000 -1.077679 0.00000
2.754000 -1.077679 0.00000
2.790000 -1.077679 0.00000
2.826000 -1.077679 0.00000
2.862000 -1.077679 0.00000
2.898000 -1.077679 0.00000
2.934000 -1.077679 1.25527
2.970000 -1.077679 1.38021
3.006000 -1.077679 1.30103
3.042000 -1.077679 1.00000
3.078000 -1.077679 0.47712
3.114000 -1.077679 0.00000
3.150000 -1.077679 0.00000
3.186000 -1.077679 0.00000
3.222000 -1.077679 0.00000
3.258000 -1.077679 0.00000
3.294000 -1.077679 0.00000
3.330000 -1.077679 0.00000
3.366000 -1.077679 0.00000
3.402000 -1.077679 1.04139
3.438000 -1.077679 1.41497
3.474000 -1.077679 1.36173
3.510000 -1.077679 1.46240
3.546000 -1.077679 1.11394
3.582000 -1.077679 0.60206
3.618000 -1.077679 0.00000
3.654000 -1.077679 0.00000
3.690000 -1.077679 0.00000
3.726000 -1.077679 0.00000
3.762000 -1.077679 0.00000
3.798000 -1.077679 0.00000
3.834000 -1.077679 0.00000
3.870000 -1.077679 0.00000
3.906000 -1.077679 0.00000
3.942000 -1.077679 0.47712
3.978000 -1.077679 0.90309
4.014000 -1.077679 0.84510
4.050000 -1.077679 0.30103
4.086000 -1.077679 0.00000
4.122000 -1.077679 0.00000
4.158000 -1.077679 0.00000
4.194000 -1.077679 0.00000
4.230000 -1.077679 0.00000
4.266000 -1.077679 0.00000
4.302000 -1.077679 0.00000
4.338000 -1.077679 0.00000
4.374000 -1.077679 0.00000
4.410000 -1.077679 0.00000
4.446000 -1.077679 0.47712
4.482000 -1.077679 0.47712
4.518000 -1.077679 0.84510
4.554000 -1.077679 0.60206
4.590000 -1.077679 0.00000
4.626000 -1.077679 0.00000
4.662000 -1.077679 0.00000
4.698000 -1.077679 0.00000
4.734000 -1.077679 0.00000
4.770000 -1.077679 0.00000
4.806000 -1.077679 0.00000
4.842000 -1.077679 0.00000
4.878000 -1.077679 0.00000
4.914000 -1.077679 0.00000
4.950000 -1.077679 0.00000
4.986000 -1.077679 0.00000
5.022000 -1.077679 0.00000
5.058000 -1.077679 0.00000
5.094000 -1.077679 0.00000
5.130000 -1.077679 0.00000
5.166000 -1.077679 0.00000
5.202000 -1.077679 0.00000
5.238000 -1.077679 0.00000
5.274000 -1.077679 0.00000
5.310000 -1.077679 0.00000
5.346000 -1.077679 0.00000
5.382000 -1.077679 0.00000
0.018000 -1.047321 0.00000
0.054000 -1.047321 0.00000
0.090000 -1.047321 0.00000
0.126000 -1.047321 0.00000
0.162000 -1.047321 0.00000
0.198000 -1.047321 0.00000
0.234000 -1.047321 0.00000
0.270000 -1.047321 0.00000
0.306000 -1.047321 0.95424
0.342000 -1.047321 0.00000
0.378000 -1.047321 0.00000
0.414000 -1.047321 0.00000
0.450000 -1.047321 0.00000
0.486000 -1.047321 0.00000
0.522000 -1.047321 0.00000
0.558000 -1.047321 0.00000
0.594000 -1.047321 0.00000
0.630000 -1.047321 0.00000
0.666000 -1.047321 0.00000
0.702000 -1.047321 0.00000
0.738000 -1.047321 0.00000
0.774000 -1.047321 0.00000
0.810000 -1.047321 0.00000
0.846000 -1.047321 0.60206
0.882000 -1.047321 0.47712
0.918000 -1.047321 0.30103
0.954000 -1.047321 0.77815
0.990000 -1.047321 1.04139
1.026000 -1.047321 1.00000
1.062000 -1.047321 0.95424
1.098000 -1.047321 0.47712
1.134000 -1.047321 0.00000
1.170000 -1.047321 0.00000
1.206000 -1.047321 0.47712
1.242000 -1.047321 1.00000
1.278000 -1.047321 1.20412
1.314000 -1.047321 1.25527
1.350000 -1.047321 1.32222
1.386000 -1.047321 1.32222
1.422000 -1.047321 1.97313
1.458000 -1.047321 1.55630
1.494000 -1.047321 1.30103
1.530000 -1.047321 1.30103
1.566000 -1.047321 1.27875
1.602000 -1.047321 1.49136
1.638000 -1.047321 1.43136
1.674000 -1.047321 0.95424
1.710000 -1.047321 0.77815
1.746000 -1.047321 0.47712
1.782000 -1.047321 0.00000
1.818000 -1.047321 0.00000
1.854000 -1.047321 0.00000
1.890000 -1.047321 0.00000
1.926000 -1.047321 0.95424
1.962000 -1.047321 1.44716
1.998000 -1.047321 1.53148
2.034000 -1.047321 1.60206
2.070000 -1.047321 1.43136
2.106000 -1.047321 1.14613
2.142000 -1.047321 1.23045
2.178000 -1.047321 1.14613
2.214000 -1.047321 0.84510
2.250000 -1.047321 0.69897
2.286000 -1.047321 1.41497
2.322000 -1.047321 1.69020
2.358000 -1.047321 1.62325
2.394000 -1.047321 1.46240
2.430000 -1.047321 1.53148
2.466000 -1.047321 2.17609
2.502000 -1.047321 1.72428
2.538000 -1.047321 1.76343
2.574000 -1.047321 1.77085
2.610000 -1.047321 1.69897
2.646000 -1.047321 1.64345
2.682000 -1.047321 1.20412
2.718000 -1.047321 1.44716
2.754000 -1.047321 0.00000
2.790000 -1.047321 1.17609
2.826000 -1.047321 0.00000
2.862000 -1.047321 0.00000
2.898000 -1.047321 0.00000
2.934000 -1.047321 1.07918
2.970000 -1.047321 1.56820
3.006000 -1.047321 1.78533
3.042000 -1.047321 1.81291
3.078000 -1.047321 1.77815
3.114000 -1.047321 1.56820
3.150000 -1.047321 1.27875
3.186000 -1.047321 1.14613
3.222000 -1.047321 0.95424
3.258000 -1.047321 0.47712
3.294000 -1.047321 0.00000
3.330000 -1.047321 1.34242
3.366000 -1.047321 1.78533
3.402000 -1.047321 1.77815
3.438000 -1.047321 1.78533
3.474000 -1.047321 1.74036
3.510000 -1.047321 1.93450
3.546000 -1.047321 1.97772
3.582000 -1.047321 1.92428
3.618000 -1.047321 1.88649
3.654000 -1.047321 1.81291
3.690000 -1.047321 1.39794
3.726000 -1.047321 1.43136
3.762000 -1.047321 0.00000
3.798000 -1.047321 1.11394
3.834000 -1.047321 0.00000
3.870000 -1.047321 0.00000
3.906000 -1.047321 0.00000
3.942000 -1.047321 0.30103
3.978000 -1.047321 1.04139
4.014000 -1.047321 1.32222
4.050000 -1.047321 1.53148
4.086000 -1.047321 1.57978
4.122000 -1.047321 1.50515
4.158000 -1.047321 1.32222
4.194000 -1.047321 1.36173
4.230000 -1.047321 1.14613
4.266000 -1.047321 0.47712
4.302000 -1.047321 0.00000
4.338000 -1.047321 0.00000
4.374000 -1.047321 0.00000
4.410000 -1.047321 0.00000
4.446000 -1.047321 0.00000
4.482000 -1.047321 0.47712
4.518000 -1.047321 1.38021
4.554000 -1.047321 1.41497
4.590000 -1.047321 1.51851
4.626000 -1.047321 1.47712
4.662000 -1.047321 1.51851
4.698000 -1.047321 1.23045
4.734000 -1.047321 1.46240
4.770000 -1.047321 0.47712
4.806000 -1.047321 1.20412
4.842000 -1.047321 0.00000
4.878000 -1.047321 0.00000
4.914000 -1.047321 0.00000
4.950000 -1.047321 0.00000
4.986000 -1.047321 0.00000
5.022000 -1.047321 0.00000
5.058000 -1.047321 0.00000
5.094000 -1.047321 0.00000
5.130000 -1.047321 0.00000
5.166000 -1.047321 0.00000
5.202000 -1.047321 0.00000
5.238000 -1.047321 0.00000
5.274000 -1.047321 0.00000
5.310000 -1.047321 0.00000
5.346000 -1.047321 0.00000
5.382000 -1.047321 0.00000
0.018000 -1.016964 0.00000
0.054000 -1.016964 0.00000
0.090000 -1.016964 0.00000
0.126000 -1.016964 0.00000
0.162000 -1.016964 0.00000
0.198000 -1.016964 0.00000
0.234000 -1.016964 0.00000
0.270000 -1.016964 0.00000
0.306000 -1.016964 0.00000
0.342000 -1.016964 0.00000
0.378000 -1.016964 0.00000
0.414000 -1.016964 0.00000
0.450000 -1.016964 0.00000
0.486000 -1.016964 0.00000
0.522000 -1.016964 0.00000
0.558000 -1.016964 0.00000
0.594000 -1.016964 0.00000
0.630000 -1.016964 0.00000
0.666000 -1.016964 0.00000
0.702000 -1.016964 0.00000
0.738000 -1.016964 0.00000
0.774000 -1.016964 0.00000
0.810000 -1.016964 0.47712
0.846000 -1.016964 0.77815
0.882000 -1.016964 0.90309
0.918000 -1.016964 1.07918
0.954000 -1.016964 0.95424
0.990000 -1.016964 1.00000
1.026000 -1.016964 1.07918
1.062000 -1.016964 0.95424
1.098000 -1.016964 0.90309
1.134000 -1.016964 0.47712
1.170000 -1.016964 0.00000
1.206000 -1.016964 0.00000
1.242000 -1.016964 1.07918
1.278000 -1.016964 0.84510
1.314000 -1.016964 0.00000
1.350000 -1.016964 0.00000
1.386000 -1.016964 0.00000
1.422000 -1.016964 1.11394
1.458000 -1.016964 1.88081
1.494000 -1.016964 1.14613
1.530000 -1.016964 1.14613
1.566000 -1.016964 1.11394
1.602000 -1.016964 1.25527
1.638000 -1.016964 1.17609
1.674000 -1.016964 1.38021
1.710000 -1.016964 1.23045
1.746000 -1.016964 0.77815
1.782000 -1.016964 0.69897
1.818000 -1.016964 0.47712
1.854000 -1.016964 0.00000
1.890000 -1.016964 0.00000
1.926000 -1.016964 0.00000
1.962000 -1.016964 0.95424
1.998000 -1.016964 1.38021
2.034000 -1.016964 1.51851
2.070000 -1.016964 1.55630
2.106000 -1.016964 1.53148
2.142000 -1.016964 1.11394
2.178000 -1.016964 0.95424
2.214000 -1.016964 1.07918
2.250000 -1.016964 1.20412
2.286000 -1.016964 1.27875
2.322000 -1.016964 1.57978
2.358000 -1.016964 1.25527
2.394000 -1.016964 1.34242
2.430000 -1.016964 1.36173
2.466000 -1.016964 1.39794
2.502000 -1.016964 2.11059
2.538000 -1.016964 1.62325
2.574000 -1.016964 1.46240
2.610000 -1.016964 1.51851
2.646000 -1.016964 1.65321
2.682000 -1.016964 1.69020
2.718000 -1.016964 1.47712
2.754000 -1.016964 1.30103
2.790000 -1.016964 1.04139
2.826000 -1.016964 1.20412
2.862000 -1.016964 1.11394
2.898000 -1.016964 1.25527
2.934000 -1.016964 0.00000
2.970000 -1.016964 0.47712
3.006000 -1.016964 0.90309
3.042000 -1.016964 1.50515
3.078000 -1.016964 1.70757
3.114000 -1.016964 1.71600
3.150000 -1.016964 1.57978
3.186000 -1.016964 1.25527
3.222000 -1.016964 1.38021
3.258000 -1.016964 1.32222
3.294000 -1.016964 1.25527
3.330000 -1.016964 1.67210
3.366000 -1.016964 1.59106
3.402000 -1.016964 1.50515
3.438000 -1.016964 1.32222
3.474000 -1.016964 1.44716
3.510000 -1.016964 1.44716
3.546000 -1.016964 1.39794
3.582000 -1.016964 1.59106
3.618000 -1.016964 1.69020
3.654000 -1.016964 1.73239
3.690000 -1.016964 1.84510
3.726000 -1.016964 1.90309
3.762000 -1.016964 1.39794
3.798000 -1.016964 1.49136
3.834000 -1.016964 1.25527
3.870000 -1.016964 1.43136
3.906000 -1.016964 1.14613
3.942000 -1.016964 0.69897
3.978000 -1.016964 0.00000
4.014000 -1.016964 0.00000
4.050000 -1.016964 0.60206
4.086000 -1.016964 1.07918
4.122000 -1.016964 1.20412
4.158000 -1.016964 1.30103
4.194000 -1.016964 1.38021
4.230000 -1.016964 1.27875
4.266000 -1.016964 1.54407
4.302000 -1.016964 1.36173
4.338000 -1.016964 1.38021
4.374000 -1.016964 0.90309
4.410000 -1.016964 0.00000
4.446000 -1.016964 0.00000
4.482000 -1.016964 0.00000
4.518000 -1.016964 0.00000
4.554000 -1.016964 0.00000
4.590000 -1.016964 0.69897
4.626000 -1.016964 1.20412
4.662000 -1.016964 1.11394
4.698000 -1.016964 1.27875
4.734000 -1.016964 1.11394
4.770000 -1.016964 1.38021
4.806000 -1.016964 1.36173
4.842000 -1.016964 1.23045
4.878000 -1.016964 1.51851
4.914000 -1.016964 1.27875
4.950000 -1.016964 1.23045
4.986000 -1.016964 0.60206
5.022000 -1.016964 0.00000
5.058000 -1.016964 0.00000
5.094000 -1.016964 0.00000
5.130000 -1.016964 0.00000
5.166000 -1.016964 0.00000
5.202000 -1.016964 0.00000
5.238000 -1.016964 0.00000
5.274000 -1.016964 0.00000
5.310000 -1.016964 0.00000
5.346000 -1.016964 0.00000
5.382000 -1.016964 0.00000
0.018000 -0.986607 0.00000
0.054000 -0.986607 0.00000
0.090000 -0.986607 0.00000
0.126000 -0.986607 0.00000
0.162000 -0.986607 0.00000
0.198000 -0.986607 0.00000
0.234000 -0.986607 0.00000
0.270000 -0.986607 0.00000
0.306000 -0.986607 0.00000
0.342000 -0.986607 0.00000
0.378000 -0.986607 0.00000
0.414000 -0.986607 0.00000
0.450000 -0.986607 0.00000
0.486000 -0.986607 0.00000
0.522000 -0.986607 0.00000
0.558000 -0.986607 0.00000
0.594000 -0.986607 0.00000
0.630000 -0.986607 0.00000
0.666000 -0.986607 0.00000
0.702000 -0.986607 0.00000
0.738000 -0.986607 0.00000
0.774000 -0.986607 0.00000
0.810000 -0.986607 0.00000
0.846000 -0.986607 0.00000
0.882000 -0.986607 0.00000
0.918000 -0.986607 0.00000
0.954000 -0.986607 0.60206
0.990000 -0.986607 0.77815
1.026000 -0.986607 0.84510
1.062000 -0.986607 0.90309
1.098000 -0.986607 0.60206
1.134000 -0.986607 0.47712
1.170000 -0.986607 0.00000
1.206000 -0.986607 0.00000
1.242000 -0.986607 0.00000
1.278000 -0.986607 0.00000
1.314000 -0.986607 1.20412
1.350000 -0.986607 1.27875
1.386000 -0.986607 1.27875
1.422000 -0.986607 1.11394
1.458000 -0.986607 1.71600
1.494000 -0.986607 1.32222
1.530000 -0.986607 0.69897
1.566000 -0.986607 0.90309
1.602000 -0.986607 0.95424
1.638000 -0.986607 1.14613
1.674000 -0.986607 1.23045
1.710000 -0.986607 1.25527
1.746000 -0.986607 1.36173
1.782000 -0.986607 0.90309
1.818000 -0.986607 0.77815
1.854000 -0.986607 0.30103
1.890000 -0.986607 0.00000
1.926000 -0.986607 0.00000
1.962000 -0.986607 0.00000
1.998000 -0.986607 0.30103
2.034000 -0.986607 0.84510
2.070000 -0.986607 1.25527
2.106000 -0.986607 1.25527
2.142000 -0.986607 1.32222
2.178000 -0.986607 1.00000
2.214000 -0.986607 0.90309
2.250000 -0.986607 0.47712
2.286000 -0.986607 1.00000
2.322000 -0.986607 1.00000
2.358000 -0.986607 1.44716
2.394000 -0.986607 1.04139
2.430000 -0.986607 0.95424
2.466000 -0.986607 1.30103
2.502000 -0.986607 1.55630
2.538000 -0.986607 1.92942
2.574000 -0.986607 1.81954
2.610000 -0.986607 1.36173
2.646000 -0.986607 1.50515
2.682000 -0.986607 1.54407
2.718000 -0.986607 1.66276
2.754000 -0.986607 1.74819
2.790000 -0.986607 1.34242
2.826000 -0.986607 1.00000
2.862000 -0.986607 1.07918
2.898000 -0.986607 0.69897
2.934000 -0.986607 1.00000
2.970000 -0.986607 1.38021
3.006000 -0.986607 1.17609
3.042000 -0.986607 0.30103
3.078000 -0.986607 1.04139
3.114000 -0.986607 1.53148
3.150000 -0.986607 1.70757
3.186000 -0.986607 1.63347
3.222000 -0.986607 1.32222
3.258000 -0.986607 1.11394
3.294000 -0.986607 1.17609
3.330000 -0.986607 1.23045
3.366000 -0.986607 1.41497
3.402000 -0.986607 1.41497
3.438000 -0.986607 1.51851
3.474000 -0.986607 1.04139
3.510000 -0.986607 1.38021
3.546000 -0.986607 1.41497
3.582000 -0.986607 1.44716
3.618000 -0.986607 1.36173
3.654000 -0.986607 1.55630
3.690000 -0.986607 1.68124
3.726000 -0.986607 1.71600
3.762000 -0.986607 1.86332
3.798000 -0.986607 1.77085
3.834000 -0.986607 1.46240
3.870000 -0.986607 1.25527
3.906000 -0.986607 1.14613
3.942000 -0.986607 1.14613
3.978000 -0.986607 1.50515
4.014000 -0.986607 1.00000
4.050000 -0.986607 0.84510
4.086000 -0.986607 0.00000
4.122000 -0.986607 0.47712
4.158000 -0.986607 0.84510
4.194000 -0.986607 1.00000
4.230000 -0.986607 1.04139
4.266000 -0.986607 1.00000
4.302000 -0.986607 1.30103
4.338000 -0.986607 1.23045
4.374000 -0.986607 1.44716
4.410000 -0.986607 1.44716
4.446000 -0.986607 1.17609
4.482000 -0.986607 0.95424
4.518000 -0.986607 0.00000
4.554000 -0.986607 0.00000
4.590000 -0.986607 0.00000
4.626000 -0.986607 0.00000
4.662000 -0.986607 0.47712
4.698000 -0.986607 0.47712
4.734000 -0.986607 0.69897
4.770000 -0.986607 0.69897
4.806000 -0.986607 0.69897
4.842000 -0.986607 0.47712
4.878000 -0.986607 1.00000
4.914000 -0.986607 0.69897
4.950000 -0.986607 1.23045
4.986000 -0.986607 1.41497
5.022000 -0.986607 1.27875
5.058000 -0.986607 1.51851
5.094000 -0.986607 0.60206
5.130000 -0.986607 0.00000
5.166000 -0.986607 0.00000
5.202000 -0.986607 0.00000
5.238000 -0.986607 0.00000
5.274000 -0.986607 0.00000
5.310000 -0.986607 0.00000
5.346000 -0.986607 0.00000
5.382000 -0.986607 0.00000
0.018000 -0.956250 0.00000
0.054000 -0.956250 0.00000
0.090000 -0.956250 0.00000
0.126000 -0.956250 0.00000
0.162000 -0.956250 0.00000
0.198000 -0.956250 0.00000
0.234000 -0.956250 0.00000
0.270000 -0.956250 0.00000
0.306000 -0.956250 0.00000
0.342000 -0.956250 0.00000
0.378000 -0.956250 0.00000
0.414000 -0.956250 0.00000
0.450000 -0.956250 0.00000
0.486000 -0.956250 0.00000
0.522000 -0.956250 0.00000
0.558000 -0.956250 0.00000
0.594000 -0.956250 0.00000
0.630000 -0.956250 0.00000
0.666000 -0.956250 0.00000
0.702000 -0.956250 0.00000
0.738000 -0.956250 0.00000
0.774000 -0.956250 0.00000
0.810000 -0.956250 0.00000
0.846000 -0.956250 0.00000
0.882000 -0.956250 0.47712
0.918000 -0.956250 0.30103
0.954000 -0.956250 0.30103
0.990000 -0.956250 0.30103
1.026000 -0.956250 0.60206
1.062000 -0.956250 0.69897
1.098000 -0.956250 0.84510
1.134000 -0.956250 0.69897
1.170000 -0.956250 0.30103
1.206000 -0.956250 0.00000
1.242000 -0.956250 0.00000
1.278000 -0.956250 1.23045
1.314000 -0.956250 0.95424
1.350000 -0.956250 0.00000
1.386000 -0.956250 0.00000
1.422000 -0.956250 0.00000
1.458000 -0.956250 0.00000
1.494000 -0.956250 1.25527
1.530000 -0.956250 0.00000
1.566000 -0.956250 0.47712
1.602000 -0.956250 0.77815
1.638000 -0.956250 0.69897
1.674000 -0.956250 0.95424
1.710000 -0.956250 1.04139
1.746000 -0.956250 1.20412
1.782000 -0.956250 1.14613
1.818000 -0.956250 0.47712
1.854000 -0.956250 0.60206
1.890000 -0.956250 0.30103
1.926000 -0.956250 0.00000
1.962000 -0.956250 0.00000
1.998000 -0.956250 0.47712
2.034000 -0.956250 1.25527
2.070000 -0.956250 1.23045
2.106000 -0.956250 1.44716
2.142000 -0.956250 1.41497
2.178000 -0.956250 1.27875
2.214000 -0.956250 0.77815
2.250000 -0.956250 0.60206
2.286000 -0.956250 0.77815
2.322000 -0.956250 0.84510
2.358000 -0.956250 0.90309
2.394000 -0.956250 1.41497
2.430000 -0.956250 1.54407
2.466000 -0.956250 1.04139
2.502000 -0.956250 0.30103
2.538000 -0.956250 0.77815
2.574000 -0.956250 1.55630
2.610000 -0.956250 1.88649
2.646000 -0.956250 1.46240
2.682000 -0.956250 1.54407
2.718000 -0.956250 1.44716
2.754000 -0.956250 1.44716
2.790000 -0.956250 1.59106
2.826000 -0.956250 1.14613
2.862000 -0.956250 1.25527
2.898000 -0.956250 0.60206
2.934000 -0.956250 1.00000
2.970000 -0.956250 0.69897
3.006000 -0.956250 1.00000
3.042000 -0.956250 1.00000
3.078000 -0.956250 1.27875
3.114000 -0.956250 1.20412
3.150000 -0.956250 1.17609
3.186000 -0.956250 1.49136
3.222000 -0.956250 1.54407
3.258000 -0.956250 1.34242
3.294000 -0.956250 1.07918
3.330000 -0.956250 0.95424
3.366000 -0.956250 1.17609
3.402000 -0.956250 1.14613
3.438000 -0.956250 1.17609
3.474000 -0.956250 1.50515
3.510000 -0.956250 1.11394
3.546000 -0.956250 0.95424
3.582000 -0.956250 1.43136
3.618000 -0.956250 1.41497
3.654000 -0.956250 1.23045
3.690000 -0.956250 1.25527
3.726000 -0.956250 1.34242
3.762000 -0.956250 1.49136
3.798000 -0.956250 1.54407
3.834000 -0.956250 1.85126
3.870000 -0.956250 1.65321
3.906000 -0.956250 1.38021
3.942000 -0.956250 1.14613
3.978000 -0.956250 1.14613
4.014000 -0.956250 0.77815
4.050000 -0.956250 1.41497
4.086000 -0.956250 1.36173
4.122000 -0.956250 0.95424
4.158000 -0.956250 0.00000
4.194000 -0.956250 0.00000
4.230000 -0.956250 0.00000
4.266000 -0.956250 0.00000
4.302000 -0.956250 0.00000
4.338000 -0.956250 0.30103
4.374000 -0.956250 0.00000
4.410000 -0.956250 1.00000
4.446000 -0.956250 1.00000
4.482000 -0.956250 1.23045
4.518000 -0.956250 1.17609
4.554000 -0.956250 0.77815
4.590000 -0.956250 0.00000
4.626000 -0.956250 0.00000
4.662000 -0.956250 0.00000
4.698000 -0.956250 0.00000
4.734000 -0.956250 0.00000
4.770000 -0.956250 0.00000
4.806000 -0.956250 0.00000
4.842000 -0.956250 0.00000
4.878000 -0.956250 0.00000
4.914000 -0.956250 0.00000
4.950000 -0.956250 0.00000
4.986000 -0.956250 0.00000
5.022000 -0.956250 0.47712
5.058000 -0.956250 0.47712
5.094000 -0.956250 1.36173
5.130000 -0.956250 1.07918
5.166000 -0.956250 0.90309
5.202000 -0.956250 0.00000
5.238000 -0.956250 0.00000
5.274000 -0.956250 0.00000
5.310000 -0.956250 0.00000
5.346000 -0.956250 0.00000
5.382000 -0.956250 0.00000
0.018000 -0.925893 0.00000
0.054000 -0.925893 0.00000
0.090000 -0.925893 0.00000
0.126000 -0.925893 0.00000
0.162000 -0.925893 0.00000
0.198000 -0.925893 0.00000
0.234000 -0.925893 0.00000
0.270000 -0.925893 0.00000
0.306000 -0.925893 0.00000
0.342000 -0.925893 0.00000
0.378000 -0.925893 0.00000
0.414000 -0.925893 0.00000
0.450000 -0.925893 0.00000
0.486000 -0.925893 0.00000
0.522000 -0.925893 0.00000
0.558000 -0.925893 0.00000
0.594000 -0.925893 0.00000
0.630000 -0.925893 0.00000
0.666000 -0.925893 0.00000
0.702000 -0.925893 0.00000
0.738000 -0.925893 0.00000
0.774000 -0.925893 0.00000
0.810000 -0.925893 0.60206
0.846000 -0.925893 0.95424
0.882000 -0.925893 0.90309
0.918000 -0.925893 1.00000
0.954000 -0.925893 1.00000
0.990000 -0.925893 0.95424
1.026000 -0.925893 0.77815
1.062000 -0.925893 1.00000
1.098000 -0.925893 0.84510
1.134000 -0.925893 0.84510
1.170000 -0.925893 0.60206
1.206000 -0.925893 0.00000
1.242000 -0.925893 0.00000
1.278000 -0.925893 0.00000
1.314000 -0.925893 0.00000
1.350000 -0.925893 0.00000
1.386000 -0.925893 0.00000
1.422000 -0.925893 0.77815
1.458000 -0.925893 1.27875
1.494000 -0.925893 1.83251
1.530000 -0.925893 1.53148
1.566000 -0.925893 1.20412
1.602000 -0.925893 1.17609
1.638000 -0.925893 1.07918
1.674000 -0.925893 1.04139
1.710000 -0.925893 0.90309
1.746000 -0.925893 1.11394
1.782000 -0.925893 1.00000
1.818000 -0.925893 1.00000
1.854000 -0.925893 0.60206
1.890000 -0.925893 0.47712
1.926000 -0.925893 0.30103
1.962000 -0.925893 0.00000
1.998000 -0.925893 0.00000
2.034000 -0.925893 0.00000
2.070000 -0.925893 0.00000
2.106000 -0.925893 0.30103
2.142000 -0.925893 1.04139
2.178000 -0.925893 1.20412
2.214000 -0.925893 1.23045
2.250000 -0.925893 1.04139
2.286000 -0.925893 0.77815
2.322000 -0.925893 0.69897
2.358000 -0.925893 0.69897
2.394000 -0.925893 0.90309
2.430000 -0.925893 1.00000
2.466000 -0.925893 0.95424
2.502000 -0.925893 1.46240
2.538000 -0.925893 1.34242
2.574000 -0.925893 0.95424
2.610000 -0.925893 1.25527
2.646000 -0.925893 1.54407
2.682000 -0.925893 0.30103
2.718000 -0.925893 0.60206
2.754000 -0.925893 1.00000
2.790000 -0.925893 1.43136
2.826000 -0.925893 1.65321
2.862000 -0.925893 1.50515
2.898000 -0.925893 1.27875
2.934000 -0.925893 0.95424
2.970000 -0.925893 0.47712
3.006000 -0.925893 1.07918
3.042000 -0.925893 0.00000
3.078000 -0.925893 0.77815
3.114000 -0.925893 1.04139
3.150000 -0.925893 1.25527
3.186000 -0.925893 1.07918
3.222000 -0.925893 1.23045
3.258000 -0.925893 1.41497
3.294000 -0.925893 1.34242
3.330000 -0.925893 0.95424
3.366000 -0.925893 0.77815
3.402000 -0.925893 0.77815
3.438000 -0.925893 0.95424
3.474000 -0.925893 1.14613
3.510000 -0.925893 1.27875
3.546000 -0.925893 1.55630
3.582000 -0.925893 0.95424
3.618000 -0.925893 0.00000
3.654000 -0.925893 0.00000
3.690000 -0.925893 0.00000
3.726000 -0.925893 0.00000
3.762000 -0.925893 0.00000
3.798000 -0.925893 0.69897
3.834000 -0.925893 0.69897
3.870000 -0.925893 0.95424
3.906000 -0.925893 1.27875
3.942000 -0.925893 1.36173
3.978000 -0.925893 0.77815
4.014000 -0.925893 0.69897
4.050000 -0.925893 0.47712
4.086000 -0.925893 0.00000
4.122000 -0.925893 1.04139
4.158000 -0.925893 1.00000
4.194000 -0.925893 0.95424
4.230000 -0.925893 0.00000
4.266000 -0.925893 0.00000
4.302000 -0.925893 0.00000
4.338000 -0.925893 0.00000
4.374000 -0.925893 0.00000
4.410000 -0.925893 0.00000
4.446000 -0.925893 0.00000
4.482000 -0.925893 0.90309
4.518000 -0.925893 1.04139
4.554000 -0.925893 1.25527
4.590000 -0.925893 1.07918
4.626000 -0.925893 0.77815
4.662000 -0.925893 0.30103
4.698000 -0.925893 0.00000
4.734000 -0.925893 0.00000
4.770000 -0.925893 0.00000
4.806000 -0.925893 0.00000
4.842000 -0.925893 0.00000
4.878000 -0.925893 0.00000
4.914000 -0.925893 0.00000
4.950000 -0.925893 0.00000
4.986000 -0.925893 0.00000
5.022000 -0.925893 0.00000
5.058000 -0.925893 0.00000
5.094000 -0.925893 0.00000
5.130000 -0.925893 0.00000
5.166000 -0.925893 0.00000
5.202000 -0.925893 1.47712
5.238000 -0.925893 1.27875
5.274000 -0.925893 0.30103
5.310000 -0.925893 0.00000
5.346000 -0.925893 0.00000
5.382000 -0.925893 0.00000
0.018000 -0.895536 0.00000
0.054000 -0.895536 0.00000
0.090000 -0.895536 0.00000
0.126000 -0.895536 0.00000
0.162000 -0.895536 0.00000
0.198000 -0.895536 0.00000
0.234000 -0.895536 0.00000
0.270000 -0.895536 0.00000
0.306000 -0.895536 0.00000
0.342000 -0.895536 0.00000
0.378000 -0.895536 0.00000
0.414000 -0.895536 0.00000
0.450000 -0.895536 0.00000
0.486000 -0.895536 0.00000
0.522000 -0.895536 0.00000
0.558000 -0.895536 0.00000
0.594000 -0.895536 0.00000
0.630000 -0.895536 0.00000
0.666000 -0.895536 0.00000
0.702000 -0.895536 0.00000
0.738000 -0.895536 0.00000
0.774000 -0.895536 0.00000
0.810000 -0.895536 0.00000
0.846000 -0.895536 0.00000
0.882000 -0.895536 0.00000
0.918000 -0.895536 0.00000
0.954000 -0.895536 0.47712
0.990000 -0.895536 0.60206
1.026000 -0.895536 0.60206
1.062000 -0.895536 0.77815
1.098000 -0.895536 0.84510
1.134000 -0.895536 0.30103
1.170000 -0.895536 0.30103
1.206000 -0.895536 0.00000
1.242000 -0.895536 0.00000
1.278000 -0.895536 0.00000
1.314000 -0.895536 0.00000
1.350000 -0.895536 0.95424
1.386000 -0.895536 1.32222
1.422000 -0.895536 1.17609
1.458000 -0.895536 0.47712
1.494000 -0.895536 0.00000
1.530000 -0.895536 1.47712
1.566000 -0.895536 0.47712
1.602000 -0.895536 0.00000
1.638000 -0.895536 0.30103
1.674000 -0.895536 0.30103
1.710000 -0.895536 0.47712
1.746000 -0.895536 0.60206
1.782000 -0.895536 1.17609
1.818000 -0.895536 0.84510
1.854000 -0.895536 1.61278
1.890000 -0.895536 0.77815
1.926000 -0.895536 0.84510
1.962000 -0.895536 0.47712
1.998000 -0.895536 0.00000
2.034000 -0.895536 0.00000
2.070000 -0.895536 0.69897
2.106000 -0.895536 1.34242
2.142000 -0.895536 1.30103
2.178000 -0.895536 1.34242
2.214000 -0.895536 1.27875
2.250000 -0.895536 1.00000
2.286000 -0.895536 0.69897
2.322000 -0.895536 0.47712
2.358000 -0.895536 0.47712
2.394000 -0.895536 0.47712
2.430000 -0.895536 0.47712
2.466000 -0.895536 1.30103
2.502000 -0.895536 1.04139
2.538000 -0.895536 1.04139
2.574000 -0.895536 0.84510
2.610000 -0.895536 0.84510
2.646000 -0.895536 1.38021
2.682000 -0.895536 1.87506
2.718000 -0.895536 1.69897
2.754000 -0.895536 1.53148
2.790000 -0.895536 1.36173
2.826000 -0.895536 1.43136
2.862000 -0.895536 1.36173
2.898000 -0.895536 1.55630
2.934000 -0.895536 0.90309
2.970000 -0.895536 0.69897
3.006000 -0.895536 0.77815
3.042000 -0.895536 0.00000
3.078000 -0.895536 1.00000
3.114000 -0.895536 0.00000
3.150000 -0.895536 1.00000
3.186000 -0.895536 0.90309
3.222000 -0.895536 0.47712
3.258000 -0.895536 0.84510
3.294000 -0.895536 0.60206
3.330000 -0.895536 0.77815
3.366000 -0.895536 0.84510
3.402000 -0.895536 0.60206
3.438000 -0.895536 0.00000
3.474000 -0.895536 0.00000
3.510000 -0.895536 0.60206
3.546000 -0.895536 1.07918
3.582000 -0.895536 1.00000
3.618000 -0.895536 0.95424
3.654000 -0.895536 0.00000
3.690000 -0.895536 0.00000
3.726000 -0.895536 0.00000
3.762000 -0.895536 0.00000
3.798000 -0.895536 0.00000
3.834000 -0.895536 0.00000
3.870000 -0.895536 0.30103
3.906000 -0.895536 0.00000
3.942000 -0.895536 0.77815
3.978000 -0.895536 0.30103
4.014000 -0.895536 1.07918
4.050000 -0.895536 0.30103
4.086000 -0.895536 0.47712
4.122000 -0.895536 0.00000
4.158000 -0.895536 0.00000
4.194000 -0.895536 0.84510
4.230000 -0.895536 1.47712
4.266000 -0.895536 1.07918
4.302000 -0.895536 0.60206
4.338000 -0.895536 0.00000
4.374000 -0.895536 0.00000
4.410000 -0.895536 0.00000
4.446000 -0.895536 0.00000
4.482000 -0.895536 0.00000
4.518000 -0.895536 0.00000
4.554000 -0.895536 0.00000
4.590000 -0.895536 0.47712
4.626000 -0.895536 0.69897
4.662000 -0.895536 0.69897
4.698000 -0.895536 0.47712
4.734000 -0.895536 0.00000
4.770000 -0.895536 0.00000
4.806000 -0.895536 0.00000
4.842000 -0.895536 0.00000
4.878000 -0.895536 0.00000
4.914000 -0.895536 0.00000
4.950000 -0.895536 0.00000
4.986000 -0.895536 0.00000
5.022000 -0.895536 0.00000
5.058000 -0.895536 0.00000
5.094000 -0.895536 0.00000
5.130000 -0.895536 0.00000
5.166000 -0.895536 0.00000
5.202000 -0.895536 0.00000
5.238000 -0.895536 0.00000
5.274000 -0.895536 1.04139
5.310000 -0.895536 1.00000
5.346000 -0.895536 0.00000
5.382000 -0.895536 0.00000
0.018000 -0.865179 0.00000
0.054000 -0.865179 0.00000
0.090000 -0.865179 0.00000
0.126000 -0.865179 0.00000
0.162000 -0.865179 0.00000
0.198000 -0.865179 0.00000
0.234000 -0.865179 0.00000
0.270000 -0.865179 0.00000
0.306000 -0.865179 0.00000
0.342000 -0.865179 0.00000
0.378000 -0.865179 0.00000
0.414000 -0.865179 0.00000
0.450000 -0.865179 0.00000
0.486000 -0.865179 0.00000
0.522000 -0.865179 0.00000
0.558000 -0.865179 0.00000
0.594000 -0.865179 0.00000
0.630000 -0.865179 0.00000
0.666000 -0.865179 0.00000
0.702000 -0.865179 0.00000
0.738000 -0.865179 0.00000
0.774000 -0.865179 0.00000
0.810000 -0.865179 0.00000
0.846000 -0.865179 0.00000
0.882000 -0.865179 0.00000
0.918000 -0.865179 0.00000
0.954000 -0.865179 0.00000
0.990000 -0.865179 0.00000
1.026000 -0.865179 0.60206
1.062000 -0.865179 0.00000
1.098000 -0.865179 0.77815
1.134000 -0.865179 0.90309
1.170000 -0.865179 0.60206
1.206000 -0.865179 0.30103
1.242000 -0.865179 0.00000
1.278000 -0.865179 0.00000
1.314000 -0.865179 0.95424
1.350000 -0.865179 1.23045
1.386000 -0.865179 0.00000
1.422000 -0.865179 0.00000
1.458000 -0.865179 0.00000
1.494000 -0.865179 0.00000
1.530000 -0.865179 0.00000
1.566000 -0.865179 1.00000
1.602000 -0.865179 0.00000
1.638000 -0.865179 0.00000
1.674000 -0.865179 0.00000
1.710000 -0.865179 0.00000
1.746000 -0.865179 0.30103
1.782000 -0.865179 0.60206
1.818000 -0.865179 0.47712
1.854000 -0.865179 0.84510
1.890000 -0.865179 1.07918
1.926000 -0.865179 0.30103
1.962000 -0.865179 0.30103
1.998000 -0.865179 0.30103
2.034000 -0.865179 0.00000
2.070000 -0.865179 0.00000
2.106000 -0.865179 0.00000
2.142000 -0.865179 0.00000
2.178000 -0.865179 0.30103
2.214000 -0.865179 0.60206
2.250000 -0.865179 0.69897
2.286000 -0.865179 0.69897
2.322000 -0.865179 0.84510
2.358000 -0.865179 0.84510
2.394000 -0.865179 0.77815
2.430000 -0.865179 0.60206
2.466000 -0.865179 0.77815
2.502000 -0.865179 0.60206
2.538000 -0.865179 1.00000
2.574000 -0.865179 1.51851
2.610000 -0.865179 1.51851
2.646000 -0.865179 0.84510
2.682000 -0.865179 0.00000
2.718000 -0.865179 1.39794
2.754000 -0.865179 1.00000
2.790000 -0.865179 0.30103
2.826000 -0.865179 0.30103
2.862000 -0.865179 0.69897
2.898000 -0.865179 0.84510
2.934000 -0.865179 1.11394
2.970000 -0.865179 1.11394
3.006000 -0.865179 0.69897
3.042000 -0.865179 0.47712
3.078000 -0.865179 0.00000
3.114000 -0.865179 0.00000
3.150000 -0.865179 0.00000
3.186000 -0.865179 0.00000
3.222000 -0.865179 0.00000
3.258000 -0.865179 1.14613
3.294000 -0.865179 1.47712
3.330000 -0.865179 0.95424
3.366000 -0.865179 0.00000
3.402000 -0.865179 0.00000
3.438000 -0.865179 0.00000
3.474000 -0.865179 0.00000
3.510000 -0.865179 0.00000
3.546000 -0.865179 0.00000
3.582000 -0.865179 0.47712
3.618000 -0.865179 0.47712
3.654000 -0.865179 0.90309
3.690000 -0.865179 0.69897
3.726000 -0.865179 0.30103
3.762000 -0.865179 0.00000
3.798000 -0.865179 0.00000
3.834000 -0.865179 0.00000
3.870000 -0.865179 0.00000
3.906000 -0.865179 0.00000
3.942000 -0.865179 0.00000
3.978000 -0.865179 0.00000
4.014000 -0.865179 0.00000
4.050000 -0.865179 0.00000
4.086000 -0.865179 0.00000
4.122000 -0.865179 0.00000
4.158000 -0.865179 0.00000
4.194000 -0.865179 0.00000
4.230000 -0.865179 0.00000
4.266000 -0.865179 0.00000
4.302000 -0.865179 0.84510
4.338000 -0.865179 1.00000
4.374000 -0.865179 0.00000
4.410000 -0.865179 0.00000
4.446000 -0.865179 0.00000
4.482000 -0.865179 0.00000
4.518000 -0.865179 0.00000
4.554000 -0.865179 0.00000
4.590000 -0.865179 0.00000
4.626000 -0.865179 0.00000
4.662000 -0.865179 0.00000
4.698000 -0.865179 0.00000
4.734000 -0.865179 0.00000
4.770000 -0.865179 0.00000
4.806000 -0.865179 0.00000
4.842000 -0.865179 0.00000
4.878000 -0.865179 0.00000
4.914000 -0.865179 0.00000
4.950000 -0.865179 0.00000
4.986000 -0.865179 0.00000
5.022000 -0.865179 0.00000
5.058000 -0.865179 0.00000
5.094000 -0.865179 0.00000
5.130000 -0.865179 0.00000
5.166000 -0.865179 0.00000
5.202000 -0.865179 0.00000
5.238000 -0.865179 0.00000
5.274000 -0.865179 0.00000
5.310000 -0.865179 0.00000
5.346000 -0.865179 0.00000
5.382000 -0.865179 0.00000
0.018000 -0.834821 0.00000
0.054000 -0.834821 0.00000
0.090000 -0.834821 0.00000
0.126000 -0.834821 0.00000
0.162000 -0.834821 0.00000
0.198000 -0.834821 0.00000
0.234000 -0.834821 0.00000
0.270000 -0.834821 0.00000
0.306000 -0.834821 0.00000
0.342000 -0.834821 0.00000
0.378000 -0.834821 0.00000
0.414000 -0.834821 0.00000
0.450000 -0.834821 0.00000
0.486000 -0.834821 0.00000
0.522000 -0.834821 0.00000
0.558000 -0.834821 0.00000
0.594000 -0.834821 0.00000
0.630000 -0.834821 0.00000
0.666000 -0.834821 0.00000
0.702000 -0.834821 0.00000
0.738000 -0.834821 0.00000
0.774000 -0.834821 0.30103
0.810000 -0.834821 0.84510
0.846000 -0.834821 0.69897
0.882000 -0.834821 0.90309
0.918000 -0.834821 0.90309
0.954000 -0.834821 0.84510
0.990000 -0.834821 0.84510
1.026000 -0.834821 0.69897
1.062000 -0.834821 0.47712
1.098000 -0.834821 0.00000
1.134000 -0.834821 0.00000
1.170000 -0.834821 0.00000
1.206000 -0.834821 0.00000
1.242000 -0.834821 0.00000
1.278000 -0.834821 0.00000
1.314000 -0.834821 0.00000
1.350000 -0.834821 0.00000
1.386000 -0.834821 0.00000
1.422000 -0.834821 0.00000
1.458000 -0.834821 0.00000
1.494000 -0.834821 0.00000
1.530000 -0.834821 0.00000
1.566000 -0.834821 0.00000
1.602000 -0.834821 0.00000
1.638000 -0.834821 0.00000
1.674000 -0.834821 0.00000
1.710000 -0.834821 0.00000
1.746000 -0.834821 0.00000
1.782000 -0.834821 0.00000
1.818000 -0.834821 0.00000
1.854000 -0.834821 0.00000
1.890000 -0.834821 0.47712
1.926000 -0.834821 1.04139
1.962000 -0.834821 0.47712
1.998000 -0.834821 0.30103
2.034000 -0.834821 0.30103
2.070000 -0.834821 0.00000
2.106000 -0.834821 0.00000
2.142000 -0.834821 0.00000
2.178000 -0.834821 0.90309
2.214000 -0.834821 1.27875
2.250000 -0.834821 1.41497
2.286000 -0.834821 1.38021
2.322000 -0.834821 1.07918
2.358000 -0.834821 0.60206
2.394000 -0.834821 0.47712
2.430000 -0.834821 0.47712
2.466000 -0.834821 0.30103
2.502000 -0.834821 0.60206
2.538000 -0.834821 0.90309
2.574000 -0.834821 1.17609
2.610000 -0.834821 0.90309
2.646000 -0.834821 0.84510
2.682000 -0.834821 0.69897
2.718000 -0.834821 0.00000
2.754000 -0.834821 0.47712
2.790000 -0.834821 0.00000
2.826000 -0.834821 0.00000
2.862000 -0.834821 0.00000
2.898000 -0.834821 0.00000
2.934000 -0.834821 0.30103
2.970000 -0.834821 0.47712
3.006000 -0.834821 1.07918
3.042000 -0.834821 0.47712
3.078000 -0.834821 0.30103
3.114000 -0.834821 0.30103
3.150000 -0.834821 0.00000
3.186000 -0.834821 0.00000
3.222000 -0.834821 0.00000
3.258000 -0.834821 0.00000
3.294000 -0.834821 0.00000
3.330000 -0.834821 0.47712
3.366000 -0.834821 1.00000
3.402000 -0.834821 0.00000
3.438000 -0.834821 0.00000
3.474000 -0.834821 0.00000
3.510000 -0.834821 0.00000
3.546000 -0.834821 0.00000
3.582000 -0.834821 0.00000
3.618000 -0.834821 0.00000
3.654000 -0.834821 0.00000
3.690000 -0.834821 0.00000
3.726000 -0.834821 0.00000
3.762000 -0.834821 0.00000
3.798000 -0.834821 0.00000
3.834000 -0.834821 0.00000
3.870000 -0.834821 0.00000
3.906000 -0.834821 0.00000
3.942000 -0.834821 0.00000
3.978000 -0.834821 0.00000
4.014000 -0.834821 0.00000
4.050000 -0.834821 0.00000
4.086000 -0.834821 0.00000
4.122000 -0.834821 0.00000
4.158000 -0.834821 0.00000
4.194000 -0.834821 0.00000
4.230000 -0.834821 0.00000
4.266000 -0.834821 0.00000
4.302000 -0.834821 0.00000
4.338000 -0.834821 0.00000
4.374000 -0.834821 0.00000
4.410000 -0.834821 0.00000
4.446000 -0.834821 0.00000
4.482000 -0.834821 0.00000
4.518000 -0.834821 0.00000
4.554000 -0.834821 0.00000
4.590000 -0.834821 0.00000
4.626000 -0.834821 0.00000
4.662000 -0.834821 0.00000
4.698000 -0.834821 0.00000
4.734000 -0.834821 0.00000
4.770000 -0.834821 0.00000
4.806000 -0.834821 0.00000
4.842000 -0.834821 0.00000
4.878000 -0.834821 0.00000
4.914000 -0.834821 0.00000
4.950000 -0.834821 0.00000
4.986000 -0.834821 0.00000
5.022000 -0.834821 0.00000
5.058000 -0.834821 0.00000
5.094000 -0.834821 0.00000
5.130000 -0.834821 0.00000
5.166000 -0.834821 0.00000
5.202000 -0.834821 0.00000
5.238000 -0.834821 0.00000
5.274000 -0.834821 0.00000
5.310000 -0.834821 0.00000
5.346000 -0.834821 0.00000
5.382000 -0.834821 0.00000
0.018000 -0.804464 0.00000
0.054000 -0.804464 0.00000
0.090000 -0.804464 0.00000
0.126000 -0.804464 0.00000
0.162000 -0.804464 0.00000
0.198000 -0.804464 0.00000
0.234000 -0.804464 0.00000
0.270000 -0.804464 0.00000
0.306000 -0.804464 0.00000
0.342000 -0.804464 0.00000
0.378000 -0.804464 0.00000
0.414000 -0.804464 0.00000
0.450000 -0.804464 0.00000
0.486000 -0.804464 0.00000
0.522000 -0.804464 0.00000
0.558000 -0.804464 0.00000
0.594000 -0.804464 0.00000
0.630000 -0.804464 0.00000
0.666000 -0.804464 0.00000
0.702000 -0.804464 0.00000
0.738000 -0.804464 0.00000
0.774000 -0.804464 0.30103
0.810000 -0.804464 0.47712
0.846000 -0.804464 0.47712
0.882000 -0.804464 0.60206
0.918000 -0.804464 0.47712
0.954000 -0.804464 0.60206
0.990000 -0.804464 0.69897
1.026000 -0.804464 0.47712
1.062000 -0.804464 0.77815
1.098000 -0.804464 0.60206
1.134000 -0.804464 0.69897
1.170000 -0.804464 0.60206
1.206000 -0.804464 0.47712
1.242000 -0.804464 0.00000
1.278000 -0.804464 0.00000
1.314000 -0.804464 0.00000
1.350000 -0.804464 0.00000
1.386000 -0.804464 0.00000
1.422000 -0.804464 0.00000
1.458000 -0.804464 0.00000
1.494000 -0.804464 0.00000
1.530000 -0.804464 0.00000
1.566000 -0.804464 0.00000
1.602000 -0.804464 0.00000
1.638000 -0.804464 0.00000
1.674000 -0.804464 0.00000
1.710000 -0.804464 0.00000
1.746000 -0.804464 0.00000
1.782000 -0.804464 0.00000
1.818000 -0.804464 0.00000
1.854000 -0.804464 0.47712
1.890000 -0.804464 0.00000
1.926000 -0.804464 0.00000
1.962000 -0.804464 0.00000
1.998000 -0.804464 0.00000
2.034000 -0.804464 0.00000
2.070000 -0.804464 0.00000
2.106000 -0.804464 0.00000
2.142000 -0.804464 0.30103
2.178000 -0.804464 1.11394
2.214000 -0.804464 0.69897
2.250000 -0.804464 0.77815
2.286000 -0.804464 0.77815
2.322000 -0.804464 0.77815
2.358000 -0.804464 0.84510
2.394000 -0.804464 0.60206
2.430000 -0.804464 0.30103
2.466000 -0.804464 0.00000
2.502000 -0.804464 0.00000
2.538000 -0.804464 0.00000
2.574000 -0.804464 0.30103
2.610000 -0.804464 0.00000
2.646000 -0.804464 0.60206
2.682000 -0.804464 0.47712
2.718000 -0.804464 0.47712
2.754000 -0.804464 0.00000
2.790000 -0.804464 0.00000
2.826000 -0.804464 0.00000
2.862000 -0.804464 0.00000
2.898000 -0.804464 0.00000
2.934000 -0.804464 0.00000
2.970000 -0.804464 0.00000
3.006000 -0.804464 0.00000
3.042000 -0.804464 0.00000
3.078000 -0.804464 0.00000
3.114000 -0.804464 0.00000
3.150000 -0.804464 0.00000
3.186000 -0.804464 0.00000
3.222000 -0.804464 0.00000
3.258000 -0.804464 0.00000
3.294000 -0.804464 0.00000
3.330000 -0.804464 0.00000
3.366000 -0.804464 0.00000
3.402000 -0.804464 1.00000
3.438000 -0.804464 0.00000
3.474000 -0.804464 0.00000
3.510000 -0.804464 0.00000
3.546000 -0.804464 0.00000
3.582000 -0.804464 0.00000
3.618000 -0.804464 0.00000
3.654000 -0.804464 0.00000
3.690000 -0.804464 0.00000
3.726000 -0.804464 0.00000
3.762000 -0.804464 0.00000
3.798000 -0.804464 0.00000
3.834000 -0.804464 0.00000
3.870000 -0.804464 0.00000
3.906000 -0.804464 0.00000
3.942000 -0.804464 0.00000
3.978000 -0.804464 0.00000
4.014000 -0.804464 0.00000
4.050000 -0.804464 0.00000
4.086000 -0.804464 0.00000
4.122000 -0.804464 0.00000
4.158000 -0.804464 0.00000
4.194000 -0.804464 0.00000
4.230000 -0.804464 0.00000
4.266000 -0.804464 0.00000
4.302000 -0.804464 0.00000
4.338000 -0.804464 0.00000
4.374000 -0.804464 0.00000
4.410000 -0.804464 0.00000
4.446000 -0.804464 0.00000
4.482000 -0.804464 0.00000
4.518000 -0.804464 0.00000
4.554000 -0.804464 0.00000
4.590000 -0.804464 0.00000
4.626000 -0.804464 0.00000
4.662000 -0.804464 0.00000
4.698000 -0.804464 0.00000
4.734000 -0.804464 0.00000
4.770000 -0.804464 0.00000
4.806000 -0.804464 0.00000
4.842000 -0.804464 0.00000
4.878000 -0.804464 0.00000
4.914000 -0.804464 0.00000
4.950000 -0.804464 0.00000
4.986000 -0.804464 0.00000
5.022000 -0.804464 0.00000
5.058000 -0.804464 0.00000
5.094000 -0.804464 0.00000
5.130000 -0.804464 0.00000
5.166000 -0.804464 0.00000
5.202000 -0.804464 0.00000
5.238000 -0.804464 0.00000
5.274000 -0.804464 0.00000
5.310000 -0.804464 0.00000
5.346000 -0.804464 0.00000
5.382000 -0.804464 0.00000
0.018000 -0.774107 0.00000
0.054000 -0.774107 0.00000
0.090000 -0.774107 0.00000
0.126000 -0.774107 0.00000
0.162000 -0.774107 0.00000
0.198000 -0.774107 0.00000
0.234000 -0.774107 0.00000
0.270000 -0.774107 0.00000
0.306000 -0.774107 0.00000
0.342000 -0.774107 0.00000
0.378000 -0.774107 0.00000
0.414000 -0.774107 0.00000
0.450000 -0.774107 0.00000
0.486000 -0.774107 0.00000
0.522000 -0.774107 0.00000
0.558000 -0.774107 0.00000
0.594000 -0.774107 0.00000
0.630000 -0.774107 0.00000
0.666000 -0.774107 0.00000
0.702000 -0.774107 0.00000
0.738000 -0.774107 0.00000
0.774000 -0.774107 0.00000
0.810000 -0.774107 0.00000
0.846000 -0.774107 0.00000
0.882000 -0.774107 0.00000
0.918000 -0.774107 0.00000
0.954000 -0.774107 0.00000
0.990000 -0.774107 0.30103
1.026000 -0.774107 0.60206
1.062000 -0.774107 0.30103
1.098000 -0.774107 0.60206
1.134000 -0.774107 0.60206
1.170000 -0.774107 0.47712
1.206000 -0.774107 0.00000
1.242000 -0.774107 0.00000
1.278000 -0.774107 0.00000
1.314000 -0.774107 0.00000
1.350000 -0.774107 0.00000
1.386000 -0.774107 0.00000
1.422000 -0.774107 0.00000
1.458000 -0.774107 0.00000
1.494000 -0.774107 0.00000
1.530000 -0.774107 0.00000
1.566000 -0.774107 0.00000
1.602000 -0.774107 0.00000
1.638000 -0.774107 0.00000
1.674000 -0.774107 0.00000
1.710000 -0.774107 0.00000
1.746000 -0.774107 0.00000
1.782000 -0.774107 0.00000
1.818000 -0.774107 0.00000
1.854000 -0.774107 0.00000
1.890000 -0.774107 0.00000
1.926000 -0.774107 0.00000
1.962000 -0.774107 0.00000
1.998000 -0.774107 0.00000
2.034000 -0.774107 0.00000
2.070000 -0.774107 0.00000
2.106000 -0.774107 0.00000
2.142000 -0.774107 0.00000
2.178000 -0.774107 0.00000
2.214000 -0.774107 0.00000
2.250000 -0.774107 0.00000
2.286000 -0.774107 0.00000
2.322000 -0.774107 0.30103
2.358000 -0.774107 0.47712
2.394000 -0.774107 0.00000
2.430000 -0.774107 0.00000
2.466000 -0.774107 0.00000
2.502000 -0.774107 0.00000
2.538000 -0.774107 0.00000
2.574000 -0.774107 0.00000
2.610000 -0.774107 0.00000
2.646000 -0.774107 0.00000
2.682000 -0.774107 0.30103
2.718000 -0.774107 0.69897
2.754000 -0.774107 0.69897
2.790000 -0.774107 0.00000
2.826000 -0.774107 0.00000
2.862000 -0.774107 0.00000
2.898000 -0.774107 0.00000
2.934000 -0.774107 0.00000
2.970000 -0.774107 0.00000
3.006000 -0.774107 0.00000
3.042000 -0.774107 0.00000
3.078000 -0.774107 0.00000
3.114000 -0.774107 0.00000
3.150000 -0.774107 0.00000
3.186000 -0.774107 0.00000
3.222000 -0.774107 0.00000
3.258000 -0.774107 0.00000
3.294000 -0.774107 0.00000
3.330000 -0.774107 0.00000
3.366000 -0.774107 0.00000
3.402000 -0.774107 0.00000
3.438000 -0.774107 0.00000
3.474000 -0.774107 0.00000
3.510000 -0.774107 0.00000
3.546000 -0.774107 0.00000
3.582000 -0.774107 0.00000
3.618000 -0.774107 0.00000
3.654000 -0.774107 0.00000
3.690000 -0.774107 0.00000
3.726000 -0.774107 0.00000
3.762000 -0.774107 0.00000
3.798000 -0.774107 0.00000
3.834000 -0.774107 0.00000
3.870000 -0.774107 0.00000
3.906000 -0.774107 0.00000
3.942000 -0.774107 0.00000
3.978000 -0.774107 0.00000
4.014000 -0.774107 0.00000
4.050000 -0.774107 0.00000
4.086000 -0.774107 0.00000
4.122000 -0.774107 0.00000
4.158000 -0.774107 0.00000
4.194000 -0.774107 0.00000
4.230000 -0.774107 0.00000
4.266000 -0.774107 0.00000
4.302000 -0.774107 0.00000
4.338000 -0.774107 0.00000
4.374000 -0.774107 0.00000
4.410000 -0.774107 0.00000
4.446000 -0.774107 0.00000
4.482000 -0.774107 0.00000
4.518000 -0.774107 0.00000
4.554000 -0.774107 0.00000
4.590000 -0.774107 0.00000
4.626000 -0.774107 0.00000
4.662000 -0.774107 0.00000
4.698000 -0.774107 0.00000
4.734000 -0.774107 0.00000
4.770000 -0.774107 0.00000
4.806000 -0.774107 0.00000
4.842000 -0.774107 0.00000
4.878000 -0.774107 0.00000
4.914000 -0.774107 0.00000
4.950000 -0.774107 0.00000
4.986000 -0.774107 0.00000
5.022000 -0.774107 0.00000
5.058000 -0.774107 0.00000
5.094000 -0.774107 0.00000
5.130000 -0.774107 0.00000
5.166000 -0.774107 0.00000
5.202000 -0.774107 0.00000
5.238000 -0.774107 0.00000
5.274000 -0.774107 0.00000
5.310000 -0.774107 0.00000
5.346000 -0.774107 0.00000
5.382000 -0.774107 0.00000
0.018000 -0.743750 0.00000
0.054000 -0.743750 0.00000
0.090000 -0.743750 0.00000
0.126000 -0.743750 0.00000
0.162000 -0.743750 0.00000
0.198000 -0.743750 0.00000
0.234000 -0.743750 0.00000
0.270000 -0.743750 0.00000
0.306000 -0.743750 0.00000
0.342000 -0.743750 0.00000
0.378000 -0.743750 0.00000
0.414000 -0.743750 0.00000
0.450000 -0.743750 0.00000
0.486000 -0.743750 0.00000
0.522000 -0.743750 0.00000
0.558000 -0.743750 0.00000
0.594000 -0.743750 0.00000
0.630000 -0.743750 0.00000
0.666000 -0.743750 0.00000
0.702000 -0.743750 0.00000
0.738000 -0.743750 0.00000
0.774000 -0.743750 0.00000
0.810000 -0.743750 0.00000
0.846000 -0.743750 0.00000
0.882000 -0.743750 0.30103
0.918000 -0.743750 0.69897
0.954000 -0.743750 0.30103
0.990000 -0.743750 0.00000
1.026000 -0.743750 0.00000
1.062000 -0.743750 0.47712
1.098000 -0.743750 0.00000
1.134000 -0.743750 0.00000
1.170000 -0.743750 0.00000
1.206000 -0.743750 0.30103
1.242000 -0.743750 0.30103
1.278000 -0.743750 0.00000
1.314000 -0.743750 0.00000
1.350000 -0.743750 0.00000
1.386000 -0.743750 0.00000
1.422000 -0.743750 0.00000
1.458000 -0.743750 0.00000
1.494000 -0.743750 0.00000
1.530000 -0.743750 0.00000
1.566000 -0.743750 0.00000
1.602000 -0.743750 0.00000
1.638000 -0.743750 0.00000
1.674000 -0.743750 0.00000
1.710000 -0.743750 0.00000
1.746000 -0.743750 0.00000
1.782000 -0.743750 0.00000
1.818000 -0.743750 0.00000
1.854000 -0.743750 0.00000
1.890000 -0.743750 0.00000
1.926000 -0.743750 0.00000
1.962000 -0.743750 0.00000
1.998000 -0.743750 0.00000
2.034000 -0.743750 0.00000
2.070000 -0.743750 0.00000
2.106000 -0.743750 0.00000
2.142000 -0.743750 0.00000
2.178000 -0.743750 0.00000
2.214000 -0.743750 0.00000
2.250000 -0.743750 0.00000
2.286000 -0.743750 0.00000
2.322000 -0.743750 0.00000
2.358000 -0.743750 0.00000
2.394000 -0.743750 0.00000
2.430000 -0.743750 0.00000
2.466000 -0.743750 0.00000
2.502000 -0.743750 0.00000
2.538000 -0.743750 0.00000
2.574000 -0.743750 0.00000
2.610000 -0.743750 0.00000
2.646000 -0.743750 0.00000
2.682000 -0.743750 0.00000
2.718000 -0.743750 0.00000
2.754000 -0.743750 0.00000
2.790000 -0.743750 0.00000
2.826000 -0.743750 0.00000
2.862000 -0.743750 0.00000
2.898000 -0.743750 0.00000
2.934000 -0.743750 0.00000
2.970000 -0.743750 0.00000
3.006000 -0.743750 0.00000
3.042000 -0.743750 0.00000
3.078000 -0.743750 0.00000
3.114000 -0.743750 0.00000
3.150000 -0.743750 0.00000
3.186000 -0.743750 0.00000
3.222000 -0.743750 0.00000
3.258000 -0.743750 0.00000
3.294000 -0.743750 0.00000
3.330000 -0.743750 0.00000
3.366000 -0.743750 0.00000
3.402000 -0.743750 0.00000
3.438000 -0.743750 0.00000
3.474000 -0.743750 0.00000
3.510000 -0.743750 0.00000
3.546000 -0.743750 0.00000
3.582000 -0.743750 0.00000
3.618000 -0.743750 0.00000
3.654000 -0.743750 0.00000
3.690000 -0.743750 0.00000
3.726000 -0.743750 0.00000
3.762000 -0.743750 0.00000
3.798000 -0.743750 0.00000
3.834000 -0.743750 0.00000
3.870000 -0.743750 0.00000
3.906000 -0.743750 0.00000
3.942000 -0.743750 0.00000
3.978000 -0.743750 0.00000
4.014000 -0.743750 0.00000
4.050000 -0.743750 0.00000
4.086000 -0.743750 0.00000
4.122000 -0.743750 0.00000
4.158000 -0.743750 0.00000
4.194000 -0.743750 0.00000
4.230000 -0.743750 0.00000
4.266000 -0.743750 0.00000
4.302000 -0.743750 0.00000
4.338000 -0.743750 0.00000
4.374000 -0.743750 0.00000
4.410000 -0.743750 0.00000
4.446000 -0.743750 0.00000
4.482000 -0.743750 0.00000
4.518000 -0.743750 0.00000
4.554000 -0.743750 0.00000
4.590000 -0.743750 0.00000
4.626000 -0.743750 0.00000
4.662000 -0.743750 0.00000
4.698000 -0.743750 0.00000
4.734000 -0.743750 0.00000
4.770000 -0.743750 0.00000
4.806000 -0.743750 0.00000
4.842000 -0.743750 0.00000
4.878000 -0.743750 0.00000
4.914000 -0.743750 0.00000
4.950000 -0.743750 0.00000
4.986000 -0.743750 0.00000
5.022000 -0.743750 0.00000
5.058000 -0.743750 0.00000
5.094000 -0.743750 0.00000
5.130000 -0.743750 0.00000
5.166000 -0.743750 0.00000
5.202000 -0.743750 0.00000
5.238000 -0.743750 0.00000
5.274000 -0.743750 0.00000
5.310000 -0.743750 0.00000
5.346000 -0.743750 0.00000
5.382000 -0.743750 0.00000
0.018000 -0.713393 0.00000
0.054000 -0.713393 0.00000
0.090000 -0.713393 0.00000
0.126000 -0.713393 0.00000
0.162000 -0.713393 0.00000
0.198000 -0.713393 0.00000
0.234000 -0.713393 0.00000
0.270000 -0.713393 0.00000
0.306000 -0.713393 0.00000
0.342000 -0.713393 0.00000
0.378000 -0.713393 0.00000
0.414000 -0.713393 0.00000
0.450000 -0.713393 0.00000
0.486000 -0.713393 0.00000
0.522000 -0.713393 0.00000
0.558000 -0.713393 0.00000
0.594000 -0.713393 0.00000
0.630000 -0.713393 0.00000
0.666000 -0.713393 0.00000
0.702000 -0.713393 0.00000
0.738000 -0.713393 0.47712
0.774000 -0.713393 0.90309
0.810000 -0.713393 0.77815
0.846000 -0.713393 0.95424
0.882000 -0.713393 0.90309
0.918000 -0.713393 0.77815
0.954000 -0.713393 0.77815
0.990000 -0.713393 0.84510
1.026000 -0.713393 0.69897
1.062000 -0.713393 0.60206
1.098000 -0.713393 0.60206
1.134000 -0.713393 0.60206
1.170000 -0.713393 0.69897
1.206000 -0.713393 0.30103
1.242000 -0.713393 0.00000
1.278000 -0.713393 0.00000
1.314000 -0.713393 0.00000
1.350000 -0.713393 0.00000
1.386000 -0.713393 0.00000
1.422000 -0.713393 0.00000
1.458000 -0.713393 0.00000
1.494000 -0.713393 0.00000
1.530000 -0.713393 0.00000
1.566000 -0.713393 0.00000
1.602000 -0.713393 0.00000
1.638000 -0.713393 0.00000
1.674000 -0.713393 0.00000
1.710000 -0.713393 0.00000
1.746000 -0.713393 0.00000
1.782000 -0.713393 0.00000
1.818000 -0.713393 0.00000
1.854000 -0.713393 0.00000
1.890000 -0.713393 0.00000
1.926000 -0.713393 0.00000
1.962000 -0.713393 0.00000
1.998000 -0.713393 0.00000
2.034000 -0.713393 0.00000
2.070000 -0.713393 0.00000
2.106000 -0.713393 0.00000
2.142000 -0.713393 0.00000
2.178000 -0.713393 0.00000
2.214000 -0.713393 0.00000
2.250000 -0.713393 0.00000
2.286000 -0.713393 0.00000
2.322000 -0.713393 0.00000
2.358000 -0.713393 0.00000
2.394000 -0.713393 0.00000
2.430000 -0.713393 0.00000
2.466000 -0.713393 0.00000
2.502000 -0.713393 0.00000
2.538000 -0.713393 0.00000
2.574000 -0.713393 0.00000
2.610000 -0.713393 0.00000
2.646000 -0.713393 0.00000
2.682000 -0.713393 0.00000
2.718000 -0.713393 0.00000
2.754000 -0.713393 0.00000
2.790000 -0.713393 0.00000
2.826000 -0.713393 0.00000
2.862000 -0.713393 0.00000
2.898000 -0.713393 0.00000
2.934000 -0.713393 0.00000
2.970000 -0.713393 0.00000
3.006000 -0.713393 0.00000
3.042000 -0.713393 0.00000
3.078000 -0.713393 0.00000
3.114000 -0.713393 0.00000
3.150000 -0.713393 0.00000
3.186000 -0.713393 0.00000
3.222000 -0.713393 0.00000
3.258000 -0.713393 0.00000
3.294000 -0.713393 0.00000
3.330000 -0.713393 0.00000
3.366000 -0.713393 0.00000
3.402000 -0.713393 0.00000
3.438000 -0.713393 0.00000
3.474000 -0.713393 0.00000
3.510000 -0.713393 0.00000
3.546000 -0.713393 0.00000
3.582000 -0.713393 0.00000
3.618000 -0.713393 0.00000
3.654000 -0.713393 0.00000
3.690000 -0.713393 0.00000
3.726000 -0.713393 0.00000
3.762000 -0.713393 0.00000
3.798000 -0.713393 0.00000
3.834000 -0.713393 0.00000
3.870000 -0.713393 0.00000
3.906000 -0.713393 0.00000
3.942000 -0.713393 0.00000
3.978000 -0.713393 0.00000
4.014000 -0.713393 0.00000
4.050000 -0.713393 0.00000
4.086000 -0.713393 0.00000
4.122000 -0.713393 0.00000
4.158000 -0.713393 0.00000
4.194000 -0.713393 0.00000
4.230000 -0.713393 0.00000
4.266000 -0.713393 0.00000
4.302000 -0.713393 0.00000
4.338000 -0.713393 0.00000
4.374000 -0.713393 0.00000
4.410000 -0.713393 0.00000
4.446000 -0.713393 0.00000
4.482000 -0.713393 0.00000
4.518000 -0.713393 0.00000
4.554000 -0.713393 0.00000
4.590000 -0.713393 0.00000
4.626000 -0.713393 0.00000
4.662000 -0.713393 0.00000
4.698000 -0.713393 0.00000
4.734000 -0.713393 0.00000
4.770000 -0.713393 0.00000
4.806000 -0.713393 0.00000
4.842000 -0.713393 0.00000
4.878000 -0.713393 0.00000
4.914000 -0.713393 0.00000
4.950000 -0.713393 0.00000
4.986000 -0.713393 0.00000
5.022000 -0.713393 0.00000
5.058000 -0.713393 0.00000
5.094000 -0.713393 0.00000
5.130000 -0.713393 0.00000
5.166000 -0.713393 0.00000
5.202000 -0.713393 0.00000
5.238000 -0.713393 0.00000
5.274000 -0.713393 0.00000
5.310000 -0.713393 0.00000
5.346000 -0.713393 0.00000
5.382000 -0.713393 0.00000
0.018000 -0.683036 0.00000
0.054000 -0.683036 0.00000
0.090000 -0.683036 0.00000
0.126000 -0.683036 0.00000
0.162000 -0.683036 0.00000
0.198000 -0.683036 0.00000
0.234000 -0.683036 0.00000
0.270000 -0.683036 0.00000
0.306000 -0.683036 0.00000
0.342000 -0.683036 0.00000
0.378000 -0.683036 0.00000
0.414000 -0.683036 0.00000
0.450000 -0.683036 0.00000
0.486000 -0.683036 0.00000
0.522000 -0.683036 0.00000
0.558000 -0.683036 0.00000
0.594000 -0.683036 0.00000
0.630000 -0.683036 0.00000
0.666000 -0.683036 0.00000
0.702000 -0.683036 0.00000
0.738000 -0.683036 0.00000
0.774000 -0.683036 0.00000
0.810000 -0.683036 0.30103
0.846000 -0.683036 0.30103
0.882000 -0.683036 0.00000
0.918000 -0.683036 0.47712
0.954000 -0.683036 0.47712
0.990000 -0.683036 0.30103
1.026000 -0.683036 0.69897
1.062000 -0.683036 0.30103
1.098000 -0.683036 0.60206
1.134000 -0.683036 0.47712
1.170000 -0.683036 0.30103
1.206000 -0.683036 0.00000
1.242000 -0.683036 0.00000
1.278000 -0.683036 0.00000
1.314000 -0.683036 0.00000
1.350000 -0.683036 0.00000
1.386000 -0.683036 0.00000
1.422000 -0.683036 0.00000
1.458000 -0.683036 0.00000
1.494000 -0.683036 0.00000
1.530000 -0.683036 0.00000
1.566000 -0.683036 0.00000
1.602000 -0.683036 0.00000
1.638000 -0.683036 0.00000
1.674000 -0.683036 0.00000
1.710000 -0.683036 0.00000
1.746000 -0.683036 0.00000
1.782000 -0.683036 0.00000
1.818000 -0.683036 0.00000
1.854000 -0.683036 0.00000
1.890000 -0.683036 0.00000
1.926000 -0.683036 0.00000
1.962000 -0.683036 0.00000
1.998000 -0.683036 0.00000
2.034000 -0.683036 0.00000
2.070000 -0.683036 0.00000
2.106000 -0.683036 0.00000
2.142000 -0.683036 0.00000
2.178000 -0.683036 0.00000
2.214000 -0.683036 0.00000
2.250000 -0.683036 0.00000
2.286000 -0.683036 0.00000
2.322000 -0.683036 0.00000
2.358000 -0.683036 0.00000
2.394000 -0.683036 0.00000
2.430000 -0.683036 0.00000
2.466000 -0.683036 0.00000
2.502000 -0.683036 0.00000
2.538000 -0.683036 0.00000
2.574000 -0.683036 0.00000
2.610000 -0.683036 0.00000
2.646000 -0.683036 0.00000
2.682000 -0.683036 0.00000
2.718000 -0.683036 0.00000
2.754000 -0.683036 0.00000
2.790000 -0.683036 0.00000
2.826000 -0.683036 0.00000
2.862000 -0.683036 0.00000
2.898000 -0.683036 0.00000
2.934000 -0.683036 0.00000
2.970000 -0.683036 0.00000
3.006000 -0.683036 0.00000
3.042000 -0.683036 0.00000
3.078000 -0.683036 0.00000
3.114000 -0.683036 0.00000
3.150000 -0.683036 0.00000
3.186000 -0.683036 0.00000
3.222000 -0.683036 0.00000
3.258000 -0.683036 0.00000
3.294000 -0.683036 0.00000
3.330000 -0.683036 0.00000
3.366000 -0.683036 0.00000
3.402000 -0.683036 0.00000
3.438000 -0.683036 0.00000
3.474000 -0.683036 0.00000
3.510000 -0.683036 0.00000
3.546000 -0.683036 0.00000
3.582000 -0.683036 0.00000
3.618000 -0.683036 0.00000
3.654000 -0.683036 0.00000
3.690000 -0.683036 0.00000
3.726000 -0.683036 0.00000
3.762000 -0.683036 0.00000
3.798000 -0.683036 0.00000
3.834000 -0.683036 0.00000
3.870000 -0.683036 0.00000
3.906000 -0.683036 0.00000
3.942000 -0.683036 0.00000
3.978000 -0.683036 0.00000
4.014000 -0.683036 0.00000
4.050000 -0.683036 0.00000
4.086000 -0.683036 0.00000
4.122000 -0.683036 0.00000
4.158000 -0.683036 0.00000
4.194000 -0.683036 0.00000
4.230000 -0.683036 0.00000
4.266000 -0.683036 0.00000
4.302000 -0.683036 0.00000
4.338000 -0.683036 0.00000
4.374000 -0.683036 0.00000
4.410000 -0.683036 0.00000
4.446000 -0.683036 0.00000
4.482000 -0.683036 0.00000
4.518000 -0.683036 0.00000
4.554000 -0.683036 0.00000
4.590000 -0.683036 0.00000
4.626000 -0.683036 0.00000
4.662000 -0.683036 0.00000
4.698000 -0.683036 0.00000
4.734000 -0.683036 0.00000
4.770000 -0.683036 0.00000
4.806000 -0.683036 0.00000
4.842000 -0.683036 0.00000
4.878000 -0.683036 0.00000
4.914000 -0.683036 0.00000
4.950000 -0.683036 0.00000
4.986000 -0.683036 0.00000
5.022000 -0.683036 0.00000
5.058000 -0.683036 0.00000
5.094000 -0.683036 0.00000
5.130000 -0.683036 0.00000
5.166000 -0.683036 0.00000
5.202000 -0.683036 0.00000
5.238000 -0.683036 0.00000
5.274000 -0.683036 0.00000
5.310000 -0.683036 0.00000
5.346000 -0.683036 0.00000
5.382000 -0.683036 0.00000
0.018000 -0.652679 0.00000
0.054000 -0.652679 0.00000
0.090000 -0.652679 0.00000
0.126000 -0.652679 0.00000
0.162000 -0.652679 0.00000
0.198000 -0.652679 0.00000
0.234000 -0.652679 0.00000
0.270000 -0.652679 0.00000
0.306000 -0.652679 0.00000
0.342000 -0.652679 0.00000
0.378000 -0.652679 0.00000
0.414000 -0.652679 0.00000
0.450000 -0.652679 0.00000
0.486000 -0.652679 0.00000
0.522000 -0.652679 0.00000
0.558000 -0.652679 0.00000
0.594000 -0.652679 0.00000
0.630000 -0.652679 0.00000
0.666000 -0.652679 0.00000
0.702000 -0.652679 0.00000
0.738000 -0.652679 0.00000
0.774000 -0.652679 0.00000
0.810000 -0.652679 0.00000
0.846000 -0.652679 0.00000
0.882000 -0.652679 0.00000
0.918000 -0.652679 0.00000
0.954000 -0.652679 0.00000
0.990000 -0.652679 0.00000
1.026000 -0.652679 0.00000
1.062000 -0.652679 0.47712
1.098000 -0.652679 0.30103
1.134000 -0.652679 0.00000
1.170000 -0.652679 0.00000
1.206000 -0.652679 0.60206
1.242000 -0.652679 0.30103
1.278000 -0.652679 0.00000
1.314000 -0.652679 0.00000
1.350000 -0.652679 0.00000
1.386000 -0.652679 0.00000
1.422000 -0.652679 0.00000
1.458000 -0.652679 0.00000
1.494000 -0.652679 0.00000
1.530000 -0.652679 0.00000
1.566000 -0.652679 0.00000
1.602000 -0.652679 0.00000
1.638000 -0.652679 0.00000
1.674000 -0.652679 0.00000
1.710000 -0.652679 0.00000
1.746000 -0.652679 0.00000
1.782000 -0.652679 0.00000
1.818000 -0.652679 0.00000
1.854000 -0.652679 0.00000
1.890000 -0.652679 0.00000
1.926000 -0.652679 0.00000
1.962000 -0.652679 0.00000
1.998000 -0.652679 0.00000
2.034000 -0.652679 0.00000
2.070000 -0.652679 0.00000
2.106000 -0.652679 0.00000
2.142000 -0.652679 0.00000
2.178000 -0.652679 0.00000
2.214000 -0.652679 0.00000
2.250000 -0.652679 0.00000
2.286000 -0.652679 0.00000
2.322000 -0.652679 0.00000
2.358000 -0.652679 0.00000
2.394000 -0.652679 0.00000
2.430000 -0.652679 0.00000
2.466000 -0.652679 0.00000
2.502000 -0.652679 0.00000
2.538000 -0.652679 0.00000
2.574000 -0.652679 0.00000
2.610000 -0.652679 0.00000
2.646000 -0.652679 0.00000
2.682000 -0.652679 0.00000
2.718000 -0.652679 0.00000
2.754000 -0.652679 0.00000
2.790000 -0.652679 0.00000
2.826000 -0.652679 0.00000
2.862000 -0.652679 0.00000
2.898000 -0.652679 0.00000
2.934000 -0.652679 0.00000
2.970000 -0.652679 0.00000
3.006000 -0.652679 0.00000
3.042000 -0.652679 0.00000
3.078000 -0.652679 0.00000
3.114000 -0.652679 0.00000
3.150000 -0.652679 0.00000
3.186000 -0.652679 0.00000
3.222000 -0.652679 0.00000
3.258000 -0.652679 0.00000
3.294000 -0.652679 0.00000
3.330000 -0.652679 0.00000
3.366000 -0.652679 0.00000
3.402000 -0.652679 0.00000
3.438000 -0.652679 0.00000
3.474000 -0.652679 0.00000
3.510000 -0.652679 0.00000
3.546000 -0.652679 0.00000
3.582000 -0.652679 0.00000
3.618000 -0.652679 0.00000
3.654000 -0.652679 0.00000
3.690000 -0.652679 0.00000
3.726000 -0.652679 0.00000
3.762000 -0.652679 0.00000
3.798000 -0.652679 0.00000
3.834000 -0.652679 0.00000
3.870000 -0.652679 0.00000
3.906000 -0.652679 0.00000
3.942000 -0.652679 0.00000
3.978000 -0.652679 0.00000
4.014000 -0.652679 0.00000
4.050000 -0.652679 0.00000
4.086000 -0.652679 0.00000
4.122000 -0.652679 0.00000
4.158000 -0.652679 0.00000
4.194000 -0.652679 0.00000
4.230000 -0.652679 0.00000
4.266000 -0.652679 0.00000
4.302000 -0.652679 0.00000
4.338000 -0.652679 0.00000
4.374000 -0.652679 0.00000
4.410000 -0.652679 0.00000
4.446000 -0.652679 0.00000
4.482000 -0.652679 0.00000
4.518000 -0.652679 0.00000
4.554000 -0.652679 0.00000
4.590000 -0.652679 0.00000
4.626000 -0.652679 0.00000
4.662000 -0.652679 0.00000
4.698000 -0.652679 0.00000
4.734000 -0.652679 0.00000
4.770000 -0.652679 0.00000
4.806000 -0.652679 0.00000
4.842000 -0.652679 0.00000
4.878000 -0.652679 0.00000
4.914000 -0.652679 0.00000
4.950000 -0.652679 0.00000
4.986000 -0.652679 0.00000
5.022000 -0.652679 0.00000
5.058000 -0.652679 0.00000
5.094000 -0.652679 0.00000
5.130000 -0.652679 0.00000
5.166000 -0.652679 0.00000
5.202000 -0.652679 0.00000
5.238000 -0.652679 0.00000
5.274000 -0.652679 0.00000
5.310000 -0.652679 0.00000
5.346000 -0.652679 0.00000
5.382000 -0.652679 0.00000
0.018000 -0.622321 0.00000
0.054000 -0.622321 0.00000
0.090000 -0.622321 0.00000
0.126000 -0.622321 0.00000
0.162000 -0.622321 0.00000
0.198000 -0.622321 0.00000
0.234000 -0.622321 0.00000
0.270000 -0.622321 0.00000
0.306000 -0.622321 0.00000
0.342000 -0.622321 0.00000
0.378000 -0.622321 0.00000
0.414000 -0.622321 0.00000
0.450000 -0.622321 0.00000
0.486000 -0.622321 0.00000
0.522000 -0.622321 0.00000
0.558000 -0.622321 0.00000
0.594000 -0.622321 0.00000
0.630000 -0.622321 0.00000
0.666000 -0.622321 0.00000
0.702000 -0.622321 0.00000
0.738000 -0.622321 0.00000
0.774000 -0.622321 0.00000
0.810000 -0.622321 0.00000
0.846000 -0.622321 0.00000
0.882000 -0.622321 0.00000
0.918000 -0.622321 0.00000
0.954000 -0.622321 0.00000
0.990000 -0.622321 0.00000
1.026000 -0.622321 0.00000
1.062000 -0.622321 0.00000
1.098000 -0.622321 0.00000
1.134000 -0.622321 0.00000
1.170000 -0.622321 0.77815
1.206000 -0.622321 0.00000
1.242000 -0.622321 0.00000
1.278000 -0.622321 0.00000
1.314000 -0.622321 0.00000
1.350000 -0.622321 0.00000
1.386000 -0.622321 0.00000
1.422000 -0.622321 0.00000
1.458000 -0.622321 0.00000
1.494000 -0.622321 0.00000
1.530000 -0.622321 0.00000
1.566000 -0.622321 0.00000
1.602000 -0.622321 0.00000
1.638000 -0.622321 0.00000
1.674000 -0.622321 0.00000
1.710000 -0.622321 0.00000
1.746000 -0.622321 0.00000
1.782000 -0.622321 0.00000
1.818000 -0.622321 0.00000
1.854000 -0.622321 0.00000
1.890000 -0.622321 0.00000
1.926000 -0.622321 0.00000
1.962000 -0.622321 0.00000
1.998000 -0.622321 0.00000
2.034000 -0.622321 0.00000
2.070000 -0.622321 0.00000
2.106000 -0.622321 0.00000
2.142000 -0.622321 0.00000
2.178000 -0.622321 0.00000
2.214000 -0.622321 0.00000
2.250000 -0.622321 0.00000
2.286000 -0.622321 0.00000
2.322000 -0.622321 0.00000
2.358000 -0.622321 0.00000
2.394000 -0.622321 0.00000
2.430000 -0.622321 0.00000
2.466000 -0.622321 0.00000
2.502000 -0.622321 0.00000
2.538000 -0.622321 0.00000
2.574000 -0.622321 0.00000
2.610000 -0.622321 0.00000
2.646000 -0.622321 0.00000
2.682000 -0.622321 0.00000
2.718000 -0.622321 0.00000
2.754000 -0.622321 0.00000
2.790000 -0.622321 0.00000
2.826000 -0.622321 0.00000
2.862000 -0.622321 0.00000
2.898000 -0.622321 0.00000
2.934000 -0.622321 0.00000
2.970000 -0.622321 0.00000
3.006000 -0.622321 0.00000
3.042000 -0.622321 0.00000
3.078000 -0.622321 0.00000
3.114000 -0.622321 0.00000
3.150000 -0.622321 0.00000
3.186000 -0.622321 0.00000
3.222000 -0.622321 0.00000
3.258000 -0.622321 0.00000
3.294000 -0.622321 0.00000
3.330000 -0.622321 0.00000
3.366000 -0.622321 0.00000
3.402000 -0.622321 0.00000
3.438000 -0.622321 0.00000
3.474000 -0.622321 0.00000
3.510000 -0.622321 0.00000
3.546000 -0.622321 0.00000
3.582000 -0.622321 0.00000
3.618000 -0.622321 0.00000
3.654000 -0.622321 0.00000
3.690000 -0.622321 0.00000
3.726000 -0.622321 0.00000
3.762000 -0.622321 0.00000
3.798000 -0.622321 0.00000
3.834000 -0.622321 0.00000
3.870000 -0.622321 0.00000
3.906000 -0.622321 0.00000
3.942000 -0.622321 0.00000
3.978000 -0.622321 0.00000
4.014000 -0.622321 0.00000
4.050000 -0.622321 0.00000
4.086000 -0.622321 0.00000
4.122000 -0.622321 0.00000
4.158000 -0.622321 0.00000
4.194000 -0.622321 0.00000
4.230000 -0.622321 0.00000
4.266000 -0.622321 0.00000
4.302000 -0.622321 0.00000
4.338000 -0.622321 0.00000
4.374000 -0.622321 0.00000
4.410000 -0.622321 0.00000
4.446000 -0.622321 0.00000
4.482000 -0.622321 0.00000
4.518000 -0.622321 0.00000
4.554000 -0.622321 0.00000
4.590000 -0.622321 0.00000
4.626000 -0.622321 0.00000
4.662000 -0.622321 0.00000
4.698000 -0.622321 0.00000
4.734000 -0.622321 0.00000
4.770000 -0.622321 0.00000
4.806000 -0.622321 0.00000
4.842000 -0.622321 0.00000
4.878000 -0.622321 0.00000
4.914000 -0.622321 0.00000
4.950000 -0.622321 0.00000
4.986000 -0.622321 0.00000
5.022000 -0.622321 0.00000
5.058000 -0.622321 0.00000
5.094000 -0.622321 0.00000
5.130000 -0.622321 0.00000
5.166000 -0.622321 0.00000
5.202000 -0.622321 0.00000
5.238000 -0.622321 0.00000
5.274000 -0.622321 0.00000
5.310000 -0.622321 0.00000
5.346000 -0.622321 0.00000
5.382000 -0.622321 0.00000
0.018000 -0.591964 0.00000
0.054000 -0.591964 0.00000
0.090000 -0.591964 0.00000
0.126000 -0.591964 0.00000
0.162000 -0.591964 0.00000
0.198000 -0.591964 0.00000
0.234000 -0.591964 0.00000
0.270000 -0.591964 0.00000
0.306000 -0.591964 0.00000
0.342000 -0.591964 0.00000
0.378000 -0.591964 0.00000
0.414000 -0.591964 0.00000
0.450000 -0.591964 0.00000
0.486000 -0.591964 0.00000
0.522000 -0.591964 0.00000
0.558000 -0.591964 0.00000
0.594000 -0.591964 0.00000
0.630000 -0.591964 0.00000
0.666000 -0.591964 0.00000
0.702000 -0.591964 0.00000
0.738000 -0.591964 0.00000
0.774000 -0.591964 0.00000
0.810000 -0.591964 0.00000
0.846000 -0.591964 0.00000
0.882000 -0.591964 0.00000
0.918000 -0.591964 0.00000
0.954000 -0.591964 0.00000
0.990000 -0.591964 0.00000
1.026000 -0.591964 0.00000
1.062000 -0.591964 0.00000
1.098000 -0.591964 0.00000
1.134000 -0.591964 0.00000
1.170000 -0.591964 0.00000
1.206000 -0.591964 0.00000
1.242000 -0.591964 0.00000
1.278000 -0.591964 0.00000
1.314000 -0.591964 0.00000
1.350000 -0.591964 0.00000
1.386000 -0.591964 0.00000
1.422000 -0.591964 0.00000
1.458000 -0.591964 0.00000
1.494000 -0.591964 0.00000
1.530000 -0.591964 0.00000
1.566000 -0.591964 0.00000
1.602000 -0.591964 0.00000
1.638000 -0.591964 0.00000
1.674000 -0.591964 0.00000
1.710000 -0.591964 0.00000
1.746000 -0.591964 0.00000
1.782000 -0.591964 0.00000
1.818000 -0.591964 0.00000
1.854000 -0.591964 0.00000
1.890000 -0.591964 0.00000
1.926000 -0.591964 0.00000
1.962000 -0.591964 0.00000
1.998000 -0.591964 0.00000
2.034000 -0.591964 0.00000
2.070000 -0.591964 0.00000
2.106000 -0.591964 0.00000
2.142000 -0.591964 0.00000
2.178000 -0.591964 0.00000
2.214000 -0.591964 0.00000
2.250000 -0.591964 0.00000
2.286000 -0.591964 0.00000
2.322000 -0.591964 0.00000
2.358000 -0.591964 0.00000
2.394000 -0.591964 0.00000
2.430000 -0.591964 0.00000
2.466000 -0.591964 0.00000
2.502000 -0.591964 0.00000
2.538000 -0.591964 0.00000
2.574000 -0.591964 0.00000
2.610000 -0.591964 0.00000
2.646000 -0.591964 0.00000
2.682000 -0.591964 0.00000
2.718000 -0.591964 0.00000
2.754000 -0.591964 0.00000
2.790000 -0.591964 0.00000
2.826000 -0.591964 0.00000
2.862000 -0.591964 0.00000
2.898000 -0.591964 0.00000
2.934000 -0.591964 0.00000
2.970000 -0.591964 0.00000
3.006000 -0.591964 0.00000
3.042000 -0.591964 0.00000
3.078000 -0.591964 0.00000
3.114000 -0.591964 0.00000
3.150000 -0.591964 0.00000
3.186000 -0.591964 0.00000
3.222000 -0.591964 0.00000
3.258000 -0.591964 0.00000
3.294000 -0.591964 0.00000
3.330000 -0.591964 0.00000
3.366000 -0.591964 0.00000
3.402000 -0.591964 0.00000
3.438000 -0.591964 0.00000
3.474000 -0.591964 0.00000
3.510000 -0.591964 0.00000
3.546000 -0.591964 0.00000
3.582000 -0.591964 0.00000
3.618000 -0.591964 0.00000
3.654000 -0.591964 0.00000
3.690000 -0.591964 0.00000
3.726000 -0.591964 0.00000
3.762000 -0.591964 0.00000
3.798000 -0.591964 0.00000
3.834000 -0.591964 0.00000
3.870000 -0.591964 0.00000
3.906000 -0.591964 0.00000
3.942000 -0.591964 0.00000
3.978000 -0.591964 0.00000
4.014000 -0.591964 0.00000
4.050000 -0.591964 0.00000
4.086000 -0.591964 0.00000
4.122000 -0.591964 0.00000
4.158000 -0.591964 0.00000
4.194000 -0.591964 0.00000
4.230000 -0.591964 0.00000
4.266000 -0.591964 0.00000
4.302000 -0.591964 0.00000
4.338000 -0.591964 0.00000
4.374000 -0.591964 0.00000
4.410000 -0.591964 0.00000
4.446000 -0.591964 0.00000
4.482000 -0.591964 0.00000
4.518000 -0.591964 0.00000
4.554000 -0.591964 0.00000
4.590000 -0.591964 0.00000
4.626000 -0.591964 0.00000
4.662000 -0.591964 0.00000
4.698000 -0.591964 0.00000
4.734000 -0.591964 0.00000
4.770000 -0.591964 0.00000
4.806000 -0.591964 0.00000
4.842000 -0.591964 0.00000
4.878000 -0.591964 0.00000
4.914000 -0.591964 0.00000
4.950000 -0.591964 0.00000
4.986000 -0.591964 0.00000
5.022000 -0.591964 0.00000
5.058000 -0.591964 0.00000
5.094000 -0.591964 0.00000
5.130000 -0.591964 0.00000
5.166000 -0.591964 0.00000
5.202000 -0.591964 0.00000
5.238000 -0.591964 0.00000
5.274000 -0.591964 0.00000
5.310000 -0.591964 0.00000
5.346000 -0.591964 0.00000
5.382000 -0.591964 0.00000
0.018000 -0.561607 0.00000
0.054000 -0.561607 0.00000
0.090000 -0.561607 0.00000
0.126000 -0.561607 0.00000
0.162000 -0.561607 0.00000
0.198000 -0.561607 0.00000
0.234000 -0.561607 0.00000
0.270000 -0.561607 0.00000
0.306000 -0.561607 0.00000
0.342000 -0.561607 0.00000
0.378000 -0.561607 0.00000
0.414000 -0.561607 0.00000
0.450000 -0.561607 0.00000
0.486000 -0.561607 0.00000
0.522000 -0.561607 0.00000
0.558000 -0.561607 0.00000
0.594000 -0.561607 0.00000
0.630000 -0.561607 0.00000
0.666000 -0.561607 0.00000
0.702000 -0.561607 0.00000
0.738000 -0.561607 0.00000
0.774000 -0.561607 0.00000
0.810000 -0.561607 0.00000
0.846000 -0.561607 0.00000
0.882000 -0.561607 0.00000
0.918000 -0.561607 0.00000
0.954000 -0.561607 0.00000
0.990000 -0.561607 0.00000
1.026000 -0.561607 0.00000
1.062000 -0.561607 0.00000
1.098000 -0.561607 0.00000
1.134000 -0.561607 0.00000
1.170000 -0.561607 0.00000
1.206000 -0.561607 0.00000
1.242000 -0.561607 0.00000
1.278000 -0.561607 0.00000
1.314000 -0.561607 0.00000
1.350000 -0.561607 0.00000
1.386000 -0.561607 0.00000
1.422000 -0.561607 0.00000
1.458000 -0.561607 0.00000
1.494000 -0.561607 0.00000
1.530000 -0.561607 0.00000
1.566000 -0.561607 0.00000
1.602000 -0.561607 0.00000
1.638000 -0.561607 0.00000
1.674000 -0.561607 0.00000
1.710000 -0.561607 0.00000
1.746000 -0.561607 0.00000
1.782000 -0.561607 0.00000
1.818000 -0.561607 0.00000
1.854000 -0.561607 0.00000
1.890000 -0.561607 0.00000
1.926000 -0.561607 0.00000
1.962000 -0.561607 0.00000
1.998000 -0.561607 0.00000
2.034000 -0.561607 0.00000
2.070000 -0.561607 0.00000
2.106000 -0.561607 0.00000
2.142000 -0.561607 0.00000
2.178000 -0.561607 0.00000
2.214000 -0.561607 0.00000
2.250000 -0.561607 0.00000
2.286000 -0.561607 0.00000
2.322000 -0.561607 0.00000
2.358000 -0.561607 0.00000
2.394000 -0.561607 0.00000
2.430000 -0.561607 0.00000
2.466000 -0.561607 0.00000
2.502000 -0.561607 0.00000
2.538000 -0.561607 0.00000
2.574000 -0.561607 0.00000
2.610000 -0.561607 0.00000
2.646000 -0.561607 0.00000
2.682000 -0.561607 0.00000
2.718000 -0.561607 0.00000
2.754000 -0.561607 0.00000
2.790000 -0.561607 0.00000
2.826000 -0.561607 0.00000
2.862000 -0.561607 0.00000
2.898000 -0.561607 0.00000
2.934000 -0.561607 0.00000
2.970000 -0.561607 0.00000
3.006000 -0.561607 0.00000
3.042000 -0.561607 0.00000
3.078000 -0.561607 0.00000
3.114000 -0.561607 0.00000
3.150000 -0.561607 0.00000
3.186000 -0.561607 0.00000
3.222000 -0.561607 0.00000
3.258000 -0.561607 0.00000
3.294000 -0.561607 0.00000
3.330000 -0.561607 0.00000
3.366000 -0.561607 0.00000
3.402000 -0.561607 0.00000
3.438000 -0.561607 0.00000
3.474000 -0.561607 0.00000
3.510000 -0.561607 0.00000
3.546000 -0.561607 0.00000
3.582000 -0.561607 0.00000
3.618000 -0.561607 0.00000
3.654000 -0.561607 0.00000
3.690000 -0.561607 0.00000
3.726000 -0.561607 0.00000
3.762000 -0.561607 0.00000
3.798000 -0.561607 0.00000
3.834000 -0.561607 0.00000
3.870000 -0.561607 0.00000
3.906000 -0.561607 0.00000
3.942000 -0.561607 0.00000
3.978000 -0.561607 0.00000
4.014000 -0.561607 0.00000
4.050000 -0.561607 0.00000
4.086000 -0.561607 0.00000
4.122000 -0.561607 0.00000
4.158000 -0.561607 0.00000
4.194000 -0.561607 0.00000
4.230000 -0.561607 0.00000
4.266000 -0.561607 0.00000
4.302000 -0.561607 0.00000
4.338000 -0.561607 0.00000
4.374000 -0.561607 0.00000
4.410000 -0.561607 0.00000
4.446000 -0.561607 0.00000
4.482000 -0.561607 0.00000
4.518000 -0.561607 0.00000
4.554000 -0.561607 0.00000
4.590000 -0.561607 0.00000
4.626000 -0.561607 0.00000
4.662000 -0.561607 0.00000
4.698000 -0.561607 0.00000
4.734000 -0.561607 0.00000
4.770000 -0.561607 0.00000
4.806000 -0.561607 0.00000
4.842000 -0.561607 0.00000
4.878000 -0.561607 0.00000
4.914000 -0.561607 0.00000
4.950000 -0.561607 0.00000
4.986000 -0.561607 0.00000
5.022000 -0.561607 0.00000
5.058000 -0.561607 0.00000
5.094000 -0.561607 0.00000
5.130000 -0.561607 0.00000
5.166000 -0.561607 0.00000
5.202000 -0.561607 0.00000
5.238000 -0.561607 0.00000
5.274000 -0.561607 0.00000
5.310000 -0.561607 0.00000
5.346000 -0.561607 0.00000
5.382000 -0.561607 0.00000
0.018000 -0.531250 0.00000
0.054000 -0.531250 0.00000
0.090000 -0.531250 0.00000
0.126000 -0.531250 0.00000
0.162000 -0.531250 0.00000
0.198000 -0.531250 0.00000
0.234000 -0.531250 0.00000
0.270000 -0.531250 0.00000
0.306000 -0.531250 0.00000
0.342000 -0.531250 0.00000
0.378000 -0.531250 0.00000
0.414000 -0.531250 0.00000
0.450000 -0.531250 0.00000
0.486000 -0.531250 0.00000
0.522000 -0.531250 0.00000
0.558000 -0.531250 0.00000
0.594000 -0.531250 0.00000
0.630000 -0.531250 0.00000
0.666000 -0.531250 0.00000
0.702000 -0.531250 0.00000
0.738000 -0.531250 0.00000
0.774000 -0.531250 0.00000
0.810000 -0.531250 0.00000
0.846000 -0.531250 0.00000
0.882000 -0.531250 0.00000
0.918000 -0.531250 0.00000
0.954000 -0.531250 0.00000
0.990000 -0.531250 0.00000
1.026000 -0.531250 0.00000
1.062000 -0.531250 0.00000
1.098000 -0.531250 0.00000
1.134000 -0.531250 0.00000
1.170000 -0.531250 0.00000
1.206000 -0.531250 0.00000
1.242000 -0.531250 0.00000
1.278000 -0.531250 0.00000
1.314000 -0.531250 0.00000
1.350000 -0.531250 0.00000
1.386000 -0.531250 0.00000
1.422000 -0.531250 0.00000
1.458000 -0.531250 0.00000
1.494000 -0.531250 0.00000
1.530000 -0.531250 0.00000
1.566000 -0.531250 0.00000
1.602000 -0.531250 0.00000
1.638000 -0.531250 0.00000
1.674000 -0.531250 0.00000
1.710000 -0.531250 0.00000
1.746000 -0.531250 0.00000
1.782000 -0.531250 0.00000
1.818000 -0.531250 0.00000
1.854000 -0.531250 0.00000
1.890000 -0.531250 0.00000
1.926000 -0.531250 0.00000
1.962000 -0.531250 0.00000
1.998000 -0.531250 0.00000
2.034000 -0.531250 0.00000
2.070000 -0.531250 0.00000
2.106000 -0.531250 0.00000
2.142000 -0.531250 0.00000
2.178000 -0.531250 0.00000
2.214000 -0.531250 0.00000
2.250000 -0.531250 0.00000
2.286000 -0.531250 0.00000
2.322000 -0.531250 0.00000
2.358000 -0.531250 0.00000
2.394000 -0.531250 0.00000
2.430000 -0.531250 0.00000
2.466000 -0.531250 0.00000
2.502000 -0.531250 0.00000
2.538000 -0.531250 0.00000
2.574000 -0.531250 0.00000
2.610000 -0.531250 0.00000
2.646000 -0.531250 0.00000
2.682000 -0.531250 0.00000
2.718000 -0.531250 0.00000
2.754000 -0.531250 0.00000
2.790000 -0.531250 0.00000
2.826000 -0.531250 0.00000
2.862000 -0.531250 0.00000
2.898000 -0.531250 0.00000
2.934000 -0.531250 0.00000
2.970000 -0.531250 0.00000
3.006000 -0.531250 0.00000
3.042000 -0.531250 0.00000
3.078000 -0.531250 0.00000
3.114000 -0.531250 0.00000
3.150000 -0.531250 0.00000
3.186000 -0.531250 0.00000
3.222000 -0.531250 0.00000
3.258000 -0.531250 0.00000
3.294000 -0.531250 0.00000
3.330000 -0.531250 0.00000
3.366000 -0.531250 0.00000
3.402000 -0.531250 0.00000
3.438000 -0.531250 0.00000
3.474000 -0.531250 0.00000
3.510000 -0.531250 0.00000
3.546000 -0.531250 0.00000
3.582000 -0.531250 0.00000
3.618000 -0.531250 0.00000
3.654000 -0.531250 0.00000
3.690000 -0.531250 0.00000
3.726000 -0.531250 0.00000
3.762000 -0.531250 0.00000
3.798000 -0.531250 0.00000
3.834000 -0.531250 0.00000
3.870000 -0.531250 0.00000
3.906000 -0.531250 0.00000
3.942000 -0.531250 0.00000
3.978000 -0.531250 0.00000
4.014000 -0.531250 0.00000
4.050000 -0.531250 0.00000
4.086000 -0.531250 0.00000
4.122000 -0.531250 0.00000
4.158000 -0.531250 0.00000
4.194000 -0.531250 0.00000
4.230000 -0.531250 0.00000
4.266000 -0.531250 0.00000
4.302000 -0.531250 0.00000
4.338000 -0.531250 0.00000
4.374000 -0.531250 0.00000
4.410000 -0.531250 0.00000
4.446000 -0.531250 0.00000
4.482000 -0.531250 0.00000
4.518000 -0.531250 0.00000
4.554000 -0.531250 0.00000
4.590000 -0.531250 0.00000
4.626000 -0.531250 0.00000
4.662000 -0.531250 0.00000
4.698000 -0.531250 0.00000
4.734000 -0.531250 0.00000
4.770000 -0.531250 0.00000
4.806000 -0.531250 0.00000
4.842000 -0.531250 0.00000
4.878000 -0.531250 0.00000
4.914000 -0.531250 0.00000
4.950000 -0.531250 0.00000
4.986000 -0.531250 0.00000
5.022000 -0.531250 0.00000
5.058000 -0.531250 0.00000
5.094000 -0.531250 0.00000
5.130000 -0.531250 0.00000
5.166000 -0.531250 0.00000
5.202000 -0.531250 0.00000
5.238000 -0.531250 0.00000
5.274000 -0.531250 0.00000
5.310000 -0.531250 0.00000
5.346000 -0.531250 0.00000
5.382000 -0.531250 0.00000
0.018000 -0.500893 0.00000
0.054000 -0.500893 0.00000
0.090000 -0.500893 0.00000
0.126000 -0.500893 0.00000
0.162000 -0.500893 0.00000
0.198000 -0.500893 0.00000
0.234000 -0.500893 0.00000
0.270000 -0.500893 0.00000
0.306000 -0.500893 0.00000
0.342000 -0.500893 0.00000
0.378000 -0.500893 0.00000
0.414000 -0.500893 0.00000
0.450000 -0.500893 0.00000
0.486000 -0.500893 0.00000
0.522000 -0.500893 0.00000
0.558000 -0.500893 0.00000
0.594000 -0.500893 0.00000
0.630000 -0.500893 0.00000
0.666000 -0.500893 0.00000
0.702000 -0.500893 0.00000
0.738000 -0.500893 0.00000
0.774000 -0.500893 0.00000
0.810000 -0.500893 0.00000
0.846000 -0.500893 0.00000
0.882000 -0.500893 0.00000
0.918000 -0.500893 0.00000
0.954000 -0.500893 0.00000
0.990000 -0.500893 0.00000
1.026000 -0.500893 0.00000
1.062000 -0.500893 0.00000
1.098000 -0.500893 0.00000
1.134000 -0.500893 0.00000
1.170000 -0.500893 0.00000
1.206000 -0.500893 0.00000
1.242000 -0.500893 0.00000
1.278000 -0.500893 0.00000
1.314000 -0.500893 0.00000
1.350000 -0.500893 0.00000
1.386000 -0.500893 0.00000
1.422000 -0.500893 0.00000
1.458000 -0.500893 0.00000
1.494000 -0.500893 0.00000
1.530000 -0.500893 0.00000
1.566000 -0.500893 0.00000
1.602000 -0.500893 0.00000
1.638000 -0.500893 0.00000
1.674000 -0.500893 0.00000
1.710000 -0.500893 0.00000
1.746000 -0.500893 0.00000
1.782000 -0.500893 0.00000
1.818000 -0.500893 0.00000
1.854000 -0.500893 0.00000
1.890000 -0.500893 0.00000
1.926000 -0.500893 0.00000
1.962000 -0.500893 0.00000
1.998000 -0.500893 0.00000
2.034000 -0.500893 0.00000
2.070000 -0.500893 0.00000
2.106000 -0.500893 0.00000
2.142000 -0.500893 0.00000
2.178000 -0.500893 0.00000
2.214000 -0.500893 0.00000
2.250000 -0.500893 0.00000
2.286000 -0.500893 0.00000
2.322000 -0.500893 0.00000
2.358000 -0.500893 0.00000
2.394000 -0.500893 0.00000
2.430000 -0.500893 0.00000
2.466000 -0.500893 0.00000
2.502000 -0.500893 0.00000
2.538000 -0.500893 0.00000
2.574000 -0.500893 0.00000
2.610000 -0.500893 0.00000
2.646000 -0.500893 0.00000
2.682000 -0.500893 0.00000
2.718000 -0.500893 0.00000
2.754000 -0.500893 0.00000
2.790000 -0.500893 0.00000
2.826000 -0.500893 0.00000
2.862000 -0.500893 0.00000
2.898000 -0.500893 0.00000
2.934000 -0.500893 0.00000
2.970000 -0.500893 0.00000
3.006000 -0.500893 0.00000
3.042000 -0.500893 0.00000
3.078000 -0.500893 0.00000
3.114000 -0.500893 0.00000
3.150000 -0.500893 0.00000
3.186000 -0.500893 0.00000
3.222000 -0.500893 0.00000
3.258000 -0.500893 0.00000
3.294000 -0.500893 0.00000
3.330000 -0.500893 0.00000
3.366000 -0.500893 0.00000
3.402000 -0.500893 0.00000
3.438000 -0.500893 0.00000
3.474000 -0.500893 0.00000
3.510000 -0.500893 0.00000
3.546000 -0.500893 0.00000
3.582000 -0.500893 0.00000
3.618000 -0.500893 0.00000
3.654000 -0.500893 0.00000
3.690000 -0.500893 0.00000
3.726000 -0.500893 0.00000
3.762000 -0.500893 0.00000
3.798000 -0.500893 0.00000
3.834000 -0.500893 0.00000
3.870000 -0.500893 0.00000
3.906000 -0.500893 0.00000
3.942000 -0.500893 0.00000
3.978000 -0.500893 0.00000
4.014000 -0.500893 0.00000
4.050000 -0.500893 0.00000
4.086000 -0.500893 0.00000
4.122000 -0.500893 0.00000
4.158000 -0.500893 0.00000
4.194000 -0.500893 0.00000
4.230000 -0.500893 0.00000
4.266000 -0.500893 0.00000
4.302000 -0.500893 0.00000
4.338000 -0.500893 0.00000
4.374000 -0.500893 0.00000
4.410000 -0.500893 0.00000
4.446000 -0.500893 0.00000
4.482000 -0.500893 0.00000
4.518000 -0.500893 0.00000
4.554000 -0.500893 0.00000
4.590000 -0.500893 0.00000
4.626000 -0.500893 0.00000
4.662000 -0.500893 0.00000
4.698000 -0.500893 0.00000
4.734000 -0.500893 0.00000
4.770000 -0.500893 0.00000
4.806000 -0.500893 0.00000
4.842000 -0.500893 0.00000
4.878000 -0.500893 0.00000
4.914000 -0.500893 0.00000
4.950000 -0.500893 0.00000
4.986000 -0.500893 0.00000
5.022000 -0.500893 0.00000
5.058000 -0.500893 0.00000
5.094000 -0.500893 0.00000
5.130000 -0.500893 0.00000
5.166000 -0.500893 0.00000
5.202000 -0.500893 0.00000
5.238000 -0.500893 0.00000
5.274000 -0.500893 0.00000
5.310000 -0.500893 0.00000
5.346000 -0.500893 0.00000
5.382000 -0.500893 0.00000
0.018000 -0.470536 0.00000
0.054000 -0.470536 0.00000
0.090000 -0.470536 0.00000
0.126000 -0.470536 0.00000
0.162000 -0.470536 0.00000
0.198000 -0.470536 0.00000
0.234000 -0.470536 0.00000
0.270000 -0.470536 0.00000
0.306000 -0.470536 0.00000
0.342000 -0.470536 0.00000
0.378000 -0.470536 0.00000
0.414000 -0.470536 0.00000
0.450000 -0.470536 0.00000
0.486000 -0.470536 0.00000
0.522000 -0.470536 0.00000
0.558000 -0.470536 0.00000
0.594000 -0.470536 0.00000
0.630000 -0.470536 0.00000
0.666000 -0.470536 0.00000
0.702000 -0.470536 0.00000
0.738000 -0.470536 0.00000
0.774000 -0.470536 0.00000
0.810000 -0.470536 0.00000
0.846000 -0.470536 0.00000
0.882000 -0.470536 0.00000
0.918000 -0.470536 0.00000
0.954000 -0.470536 0.00000
0.990000 -0.470536 0.00000
1.026000 -0.470536 0.00000
1.062000 -0.470536 0.00000
1.098000 -0.470536 0.00000
1.134000 -0.470536 0.00000
1.170000 -0.470536 0.00000
1.206000 -0.470536 0.00000
1.242000 -0.470536 0.00000
1.278000 -0.470536 0.00000
1.314000 -0.470536 0.00000
1.350000 -0.470536 0.00000
1.386000 -0.470536 0.00000
1.422000 -0.470536 0.00000
1.458000 -0.470536 0.00000
1.494000 -0.470536 0.00000
1.530000 -0.470536 0.00000
1.566000 -0.470536 0.00000
1.602000 -0.470536 0.00000
1.638000 -0.470536 0.00000
1.674000 -0.470536 0.00000
1.710000 -0.470536 0.00000
1.746000 -0.470536 0.00000
1.782000 -0.470536 0.00000
1.818000 -0.470536 0.00000
1.854000 -0.470536 0.00000
1.890000 -0.470536 0.00000
1.926000 -0.470536 0.00000
1.962000 -0.470536 0.00000
1.998000 -0.470536 0.00000
2.034000 -0.470536 0.00000
2.070000 -0.470536 0.00000
2.106000 -0.470536 0.00000
2.142000 -0.470536 0.00000
2.178000 -0.470536 0.00000
2.214000 -0.470536 0.00000
2.250000 -0.470536 0.00000
2.286000 -0.470536 0.00000
2.322000 -0.470536 0.00000
2.358000 -0.470536 0.00000
2.394000 -0.470536 0.00000
2.430000 -0.470536 0.00000
2.466000 -0.470536 0.00000
2.502000 -0.470536 0.00000
2.538000 -0.470536 0.00000
2.574000 -0.470536 0.00000
2.610000 -0.470536 0.00000
2.646000 -0.470536 0.00000
2.682000 -0.470536 0.00000
2.718000 -0.470536 0.00000
2.754000 -0.470536 0.00000
2.790000 -0.470536 0.00000
2.826000 -0.470536 0.00000
2.862000 -0.470536 0.00000
2.898000 -0.470536 0.00000
2.934000 -0.470536 0.00000
2.970000 -0.470536 0.00000
3.006000 -0.470536 0.00000
3.042000 -0.470536 0.00000
3.078000 -0.470536 0.00000
3.114000 -0.470536 0.00000
3.150000 -0.470536 0.00000
3.186000 -0.470536 0.00000
3.222000 -0.470536 0.00000
3.258000 -0.470536 0.00000
3.294000 -0.470536 0.00000
3.330000 -0.470536 0.00000
3.366000 -0.470536 0.00000
3.402000 -0.470536 0.00000
3.438000 -0.470536 0.00000
3.474000 -0.470536 0.00000
3.510000 -0.470536 0.00000
3.546000 -0.470536 0.00000
3.582000 -0.470536 0.00000
3.618000 -0.470536 0.00000
3.654000 -0.470536 0.00000
3.690000 -0.470536 0.00000
3.726000 -0.470536 0.00000
3.762000 -0.470536 0.00000
3.798000 -0.470536 0.00000
3.834000 -0.470536 0.00000
3.870000 -0.470536 0.00000
3.906000 -0.470536 0.00000
3.942000 -0.470536 0.00000
3.978000 -0.470536 0.00000
4.014000 -0.470536 0.00000
4.050000 -0.470536 0.00000
4.086000 -0.470536 0.00000
4.122000 -0.470536 0.00000
4.158000 -0.470536 0.00000
4.194000 -0.470536 0.00000
4.230000 -0.470536 0.00000
4.266000 -0.470536 0.00000
4.302000 -0.470536 0.00000
4.338000 -0.470536 0.00000
4.374000 -0.470536 0.00000
4.410000 -0.470536 0.00000
4.446000 -0.470536 0.00000
4.482000 -0.470536 0.00000
4.518000 -0.470536 0.00000
4.554000 -0.470536 0.00000
4.590000 -0.470536 0.00000
4.626000 -0.470536 0.00000
4.662000 -0.470536 0.00000
4.698000 -0.470536 0.00000
4.734000 -0.470536 0.00000
4.770000 -0.470536 0.00000
4.806000 -0.470536 0.00000
4.842000 -0.470536 0.00000
4.878000 -0.470536 0.00000
4.914000 -0.470536 0.00000
4.950000 -0.470536 0.00000
4.986000 -0.470536 0.00000
5.022000 -0.470536 0.00000
5.058000 -0.470536 0.00000
5.094000 -0.470536 0.00000
5.130000 -0.470536 0.00000
5.166000 -0.470536 0.00000
5.202000 -0.470536 0.00000
5.238000 -0.470536 0.00000
5.274000 -0.470536 0.00000
5.310000 -0.470536 0.00000
5.346000 -0.470536 0.00000
5.382000 -0.470536 0.00000
0.018000 -0.440179 0.00000
0.054000 -0.440179 0.00000
0.090000 -0.440179 0.00000
0.126000 -0.440179 0.00000
0.162000 -0.440179 0.00000
0.198000 -0.440179 0.00000
0.234000 -0.440179 0.00000
0.270000 -0.440179 0.00000
0.306000 -0.440179 0.00000
0.342000 -0.440179 0.00000
0.378000 -0.440179 0.00000
0.414000 -0.440179 0.00000
0.450000 -0.440179 0.00000
0.486000 -0.440179 0.00000
0.522000 -0.440179 0.00000
0.558000 -0.440179 0.00000
0.594000 -0.440179 0.00000
0.630000 -0.440179 0.00000
0.666000 -0.440179 0.00000
0.702000 -0.440179 0.00000
0.738000 -0.440179 0.00000
0.774000 -0.440179 0.00000
0.810000 -0.440179 0.00000
0.846000 -0.440179 0.00000
0.882000 -0.440179 0.00000
0.918000 -0.440179 0.00000
0.954000 -0.440179 0.00000
0.990000 -0.440179 0.00000
1.026000 -0.440179 0.00000
1.062000 -0.440179 0.00000
1.098000 -0.440179 0.00000
1.134000 -0.440179 0.00000
1.170000 -0.440179 0.00000
1.206000 -0.440179 0.00000
1.242000 -0.440179 0.00000
1.278000 -0.440179 0.00000
1.314000 -0.440179 0.00000
1.350000 -0.440179 0.00000
1.386000 -0.440179 0.00000
1.422000 -0.440179 0.00000
1.458000 -0.440179 0.00000
1.494000 -0.440179 0.00000
1.530000 -0.440179 0.00000
1.566000 -0.440179 0.00000
1.602000 -0.440179 0.00000
1.638000 -0.440179 0.00000
1.674000 -0.440179 0.00000
1.710000 -0.440179 0.00000
1.746000 -0.440179 0.00000
1.782000 -0.440179 0.00000
1.818000 -0.440179 0.00000
1.854000 -0.440179 0.00000
1.890000 -0.440179 0.00000
1.926000 -0.440179 0.00000
1.962000 -0.440179 0.00000
1.998000 -0.440179 0.00000
2.034000 -0.440179 0.00000
2.070000 -0.440179 0.00000
2.106000 -0.440179 0.00000
2.142000 -0.440179 0.00000
2.178000 -0.440179 0.00000
2.214000 -0.440179 0.00000
2.250000 -0.440179 0.00000
2.286000 -0.440179 0.00000
2.322000 -0.440179 0.00000
2.358000 -0.440179 0.00000
2.394000 -0.440179 0.00000
2.430000 -0.440179 0.00000
2.466000 -0.440179 0.00000
2.502000 -0.440179 0.00000
2.538000 -0.440179 0.00000
2.574000 -0.440179 0.00000
2.610000 -0.440179 0.00000
2.646000 -0.440179 0.00000
2.682000 -0.440179 0.00000
2.718000 -0.440179 0.00000
2.754000 -0.440179 0.00000
2.790000 -0.440179 0.00000
2.826000 -0.440179 0.00000
2.862000 -0.440179 0.00000
2.898000 -0.440179 0.00000
2.934000 -0.440179 0.00000
2.970000 -0.440179 0.00000
3.006000 -0.440179 0.00000
3.042000 -0.440179 0.00000
3.078000 -0.440179 0.00000
3.114000 -0.440179 0.00000
3.150000 -0.440179 0.00000
3.186000 -0.440179 0.00000
3.222000 -0.440179 0.00000
3.258000 -0.440179 0.00000
3.294000 -0.440179 0.00000
3.330000 -0.440179 0.00000
3.366000 -0.440179 0.00000
3.402000 -0.440179 0.00000
3.438000 -0.440179 0.00000
3.474000 -0.440179 0.00000
3.510000 -0.440179 0.00000
3.546000 -0.440179 0.00000
3.582000 -0.440179 0.00000
3.618000 -0.440179 0.00000
3.654000 -0.440179 0.00000
3.690000 -0.440179 0.00000
3.726000 -0.440179 0.00000
3.762000 -0.440179 0.00000
3.798000 -0.440179 0.00000
3.834000 -0.440179 0.00000
3.870000 -0.440179 0.00000
3.906000 -0.440179 0.00000
3.942000 -0.440179 0.00000
3.978000 -0.440179 0.00000
4.014000 -0.440179 0.00000
4.050000 -0.440179 0.00000
4.086000 -0.440179 0.00000
4.122000 -0.440179 0.00000
4.158000 -0.440179 0.00000
4.194000 -0.440179 0.00000
4.230000 -0.440179 0.00000
4.266000 -0.440179 0.00000
4.302000 -0.440179 0.00000
4.338000 -0.440179 0.00000
4.374000 -0.440179 0.00000
4.410000 -0.440179 0.00000
4.446000 -0.440179 0.00000
4.482000 -0.440179 0.00000
4.518000 -0.440179 0.00000
4.554000 -0.440179 0.00000
4.590000 -0.440179 0.00000
4.626000 -0.440179 0.00000
4.662000 -0.440179 0.00000
4.698000 -0.440179 0.00000
4.734000 -0.440179 0.00000
4.770000 -0.440179 0.00000
4.806000 -0.440179 0.00000
4.842000 -0.440179 0.00000
4.878000 -0.440179 0.00000
4.914000 -0.440179 0.00000
4.950000 -0.440179 0.00000
4.986000 -0.440179 0.00000
5.022000 -0.440179 0.00000
5.058000 -0.440179 0.00000
5.094000 -0.440179 0.00000
5.130000 -0.440179 0.00000
5.166000 -0.440179 0.00000
5.202000 -0.440179 0.00000
5.238000 -0.440179 0.00000
5.274000 -0.440179 0.00000
5.310000 -0.440179 0.00000
5.346000 -0.440179 0.00000
5.382000 -0.440179 0.00000
0.018000 -0.409821 0.00000
0.054000 -0.409821 0.00000
0.090000 -0.409821 0.00000
0.126000 -0.409821 0.00000
0.162000 -0.409821 0.00000
0.198000 -0.409821 0.00000
0.234000 -0.409821 0.00000
0.270000 -0.409821 0.00000
0.306000 -0.409821 0.00000
0.342000 -0.409821 0.00000
0.378000 -0.409821 0.00000
0.414000 -0.409821 0.00000
0.450000 -0.409821 0.00000
0.486000 -0.409821 0.00000
0.522000 -0.409821 0.00000
0.558000 -0.409821 0.00000
0.594000 -0.409821 0.00000
0.630000 -0.409821 0.00000
0.666000 -0.409821 0.00000
0.702000 -0.409821 0.00000
0.738000 -0.409821 0.00000
0.774000 -0.409821 0.00000
0.810000 -0.409821 0.00000
0.846000 -0.409821 0.00000
0.882000 -0.409821 0.00000
0.918000 -0.409821 0.00000
0.954000 -0.409821 0.00000
0.990000 -0.409821 0.00000
1.026000 -0.409821 0.00000
1.062000 -0.409821 0.00000
1.098000 -0.409821 0.00000
1.134000 -0.409821 0.00000
1.170000 -0.409821 0.00000
1.206000 -0.409821 0.00000
1.242000 -0.409821 0.00000
1.278000 -0.409821 0.00000
1.314000 -0.409821 0.00000
1.350000 -0.409821 0.00000
1.386000 -0.409821 0.00000
1.422000 -0.409821 0.00000
1.458000 -0.409821 0.00000
1.494000 -0.409821 0.00000
1.530000 -0.409821 0.00000
1.566000 -0.409821 0.00000
1.602000 -0.409821 0.00000
1.638000 -0.409821 0.00000
1.674000 -0.409821 0.00000
1.710000 -0.409821 0.00000
1.746000 -0.409821 0.00000
1.782000 -0.409821 0.00000
1.818000 -0.409821 0.00000
1.854000 -0.409821 0.00000
1.890000 -0.409821 0.00000
1.926000 -0.409821 0.00000
1.962000 -0.409821 0.00000
1.998000 -0.409821 0.00000
2.034000 -0.409821 0.00000
2.070000 -0.409821 0.00000
2.106000 -0.409821 0.00000
2.142000 -0.409821 0.00000
2.178000 -0.409821 0.00000
2.214000 -0.409821 0.00000
2.250000 -0.409821 0.00000
2.286000 -0.409821 0.00000
2.322000 -0.409821 0.00000
2.358000 -0.409821 0.00000
2.394000 -0.409821 0.00000
2.430000 -0.409821 0.00000
2.466000 -0.409821 0.00000
2.502000 -0.409821 0.00000
2.538000 -0.409821 0.00000
2.574000 -0.409821 0.00000
2.610000 -0.409821 0.00000
2.646000 -0.409821 0.00000
2.682000 -0.409821 0.00000
2.718000 -0.409821 0.00000
2.754000 -0.409821 0.00000
2.790000 -0.409821 0.00000
2.826000 -0.409821 0.00000
2.862000 -0.409821 0.00000
2.898000 -0.409821 0.00000
2.934000 -0.409821 0.00000
2.970000 -0.409821 0.00000
3.006000 -0.409821 0.00000
3.042000 -0.409821 0.00000
3.078000 -0.409821 0.00000
3.114000 -0.409821 0.00000
3.150000 -0.409821 0.00000
3.186000 -0.409821 0.00000
3.222000 -0.409821 0.00000
3.258000 -0.409821 0.00000
3.294000 -0.409821 0.00000
3.330000 -0.409821 0.00000
3.366000 -0.409821 0.00000
3.402000 -0.409821 0.00000
3.438000 -0.409821 0.00000
3.474000 -0.409821 0.00000
3.510000 -0.409821 0.00000
3.546000 -0.409821 0.00000
3.582000 -0.409821 0.00000
3.618000 -0.409821 0.00000
3.654000 -0.409821 0.00000
3.690000 -0.409821 0.00000
3.726000 -0.409821 0.00000
3.762000 -0.409821 0.00000
3.798000 -0.409821 0.00000
3.834000 -0.409821 0.00000
3.870000 -0.409821 0.00000
3.906000 -0.409821 0.00000
3.942000 -0.409821 0.00000
3.978000 -0.409821 0.00000
4.014000 -0.409821 0.00000
4.050000 -0.409821 0.00000
4.086000 -0.409821 0.00000
4.122000 -0.409821 0.00000
4.158000 -0.409821 0.00000
4.194000 -0.409821 0.00000
4.230000 -0.409821 0.00000
4.266000 -0.409821 0.00000
4.302000 -0.409821 0.00000
4.338000 -0.409821 0.00000
4.374000 -0.409821 0.00000
4.410000 -0.409821 0.00000
4.446000 -0.409821 0.00000
4.482000 -0.409821 0.00000
4.518000 -0.409821 0.00000
4.554000 -0.409821 0.00000
4.590000 -0.409821 0.00000
4.626000 -0.409821 0.00000
4.662000 -0.409821 0.00000
4.698000 -0.409821 0.00000
4.734000 -0.409821 0.00000
4.770000 -0.409821 0.00000
4.806000 -0.409821 0.00000
4.842000 -0.409821 0.00000
4.878000 -0.409821 0.00000
4.914000 -0.409821 0.00000
4.950000 -0.409821 0.00000
4.986000 -0.409821 0.00000
5.022000 -0.409821 0.00000
5.058000 -0.409821 0.00000
5.094000 -0.409821 0.00000
5.130000 -0.409821 0.00000
5.166000 -0.409821 0.00000
5.202000 -0.409821 0.00000
5.238000 -0.409821 0.00000
5.274000 -0.409821 0.00000
5.310000 -0.409821 0.00000
5.346000 -0.409821 0.00000
5.382000 -0.409821 0.00000
0.018000 -0.379464 0.00000
0.054000 -0.379464 0.00000
0.090000 -0.379464 0.00000
0.126000 -0.379464 0.00000
0.162000 -0.379464 0.00000
0.198000 -0.379464 0.00000
0.234000 -0.379464 0.00000
0.270000 -0.379464 0.00000
0.306000 -0.379464 0.00000
0.342000 -0.379464 0.00000
0.378000 -0.379464 0.00000
0.414000 -0.379464 0.00000
0.450000 -0.379464 0.00000
0.486000 -0.379464 0.00000
0.522000 -0.379464 1.76343
0.558000 -0.379464 1.14613
0.594000 -0.379464 0.00000
0.630000 -0.379464 0.00000
0.666000 -0.379464 0.00000
0.702000 -0.379464 0.00000
0.738000 -0.379464 0.00000
0.774000 -0.379464 0.00000
0.810000 -0.379464 0.00000
0.846000 -0.379464 0.00000
0.882000 -0.379464 0.00000
0.918000 -0.379464 0.00000
0.954000 -0.379464 0.00000
0.990000 -0.379464 0.00000
1.026000 -0.379464 0.00000
1.062000 -0.379464 0.00000
1.098000 -0.379464 0.00000
1.134000 -0.379464 0.00000
1.170000 -0.379464 0.00000
1.206000 -0.379464 0.00000
1.242000 -0.379464 0.00000
1.278000 -0.379464 0.00000
1.314000 -0.379464 0.00000
1.350000 -0.379464 0.00000
1.386000 -0.379464 0.00000
1.422000 -0.379464 0.00000
1.458000 -0.379464 0.00000
1.494000 -0.379464 0.00000
1.530000 -0.379464 0.00000
1.566000 -0.379464 0.00000
1.602000 -0.379464 0.00000
1.638000 -0.379464 0.00000
1.674000 -0.379464 0.00000
1.710000 -0.379464 0.00000
1.746000 -0.379464 0.00000
1.782000 -0.379464 0.00000
1.818000 -0.379464 0.00000
1.854000 -0.379464 0.00000
1.890000 -0.379464 0.00000
1.926000 -0.379464 0.00000
1.962000 -0.379464 0.00000
1.998000 -0.379464 0.00000
2.034000 -0.379464 0.00000
2.070000 -0.379464 0.00000
2.106000 -0.379464 0.00000
2.142000 -0.379464 0.00000
2.178000 -0.379464 0.00000
2.214000 -0.379464 0.00000
2.250000 -0.379464 0.00000
2.286000 -0.379464 0.00000
2.322000 -0.379464 0.00000
2.358000 -0.379464 0.00000
2.394000 -0.379464 0.00000
2.430000 -0.379464 0.00000
2.466000 -0.379464 0.00000
2.502000 -0.379464 0.00000
2.538000 -0.379464 0.00000
2.574000 -0.379464 0.00000
2.610000 -0.379464 0.00000
2.646000 -0.379464 0.00000
2.682000 -0.379464 0.00000
2.718000 -0.379464 0.00000
2.754000 -0.379464 0.00000
2.790000 -0.379464 0.00000
2.826000 -0.379464 0.00000
2.862000 -0.379464 0.00000
2.898000 -0.379464 0.00000
2.934000 -0.379464 0.00000
2.970000 -0.379464 0.00000
3.006000 -0.379464 0.00000
3.042000 -0.379464 0.00000
3.078000 -0.379464 0.00000
3.114000 -0.379464 0.00000
3.150000 -0.379464 0.00000
3.186000 -0.379464 0.00000
3.222000 -0.379464 0.00000
3.258000 -0.379464 0.00000
3.294000 -0.379464 0.00000
3.330000 -0.379464 0.00000
3.366000 -0.379464 0.00000
3.402000 -0.379464 0.00000
3.438000 -0.379464 0.00000
3.474000 -0.379464 0.00000
3.510000 -0.379464 0.00000
3.546000 -0.379464 0.00000
3.582000 -0.379464 0.00000
3.618000 -0.379464 0.00000
3.654000 -0.379464 0.00000
3.690000 -0.379464 0.00000
3.726000 -0.379464 0.00000
3.762000 -0.379464 0.00000
3.798000 -0.379464 0.00000
3.834000 -0.379464 0.00000
3.870000 -0.379464 0.00000
3.906000 -0.379464 0.00000
3.942000 -0.379464 0.00000
3.978000 -0.379464 0.00000
4.014000 -0.379464 0.00000
4.050000 -0.379464 0.00000
4.086000 -0.379464 0.00000
4.122000 -0.379464 0.00000
4.158000 -0.379464 0.00000
4.194000 -0.379464 0.00000
4.230000 -0.379464 0.00000
4.266000 -0.379464 0.00000
4.302000 -0.379464 0.00000
4.338000 -0.379464 0.00000
4.374000 -0.379464 0.00000
4.410000 -0.379464 0.00000
4.446000 -0.379464 0.00000
4.482000 -0.379464 0.00000
4.518000 -0.379464 0.00000
4.554000 -0.379464 0.00000
4.590000 -0.379464 0.00000
4.626000 -0.379464 0.00000
4.662000 -0.379464 0.00000
4.698000 -0.379464 0.00000
4.734000 -0.379464 0.00000
4.770000 -0.379464 0.00000
4.806000 -0.379464 0.00000
4.842000 -0.379464 0.00000
4.878000 -0.379464 0.00000
4.914000 -0.379464 0.00000
4.950000 -0.379464 0.00000
4.986000 -0.379464 0.00000
5.022000 -0.379464 0.00000
5.058000 -0.379464 0.00000
5.094000 -0.379464 0.00000
5.130000 -0.379464 0.00000
5.166000 -0.379464 0.00000
5.202000 -0.379464 0.00000
5.238000 -0.379464 0.00000
5.274000 -0.379464 0.00000
5.310000 -0.379464 0.00000
5.346000 -0.379464 0.00000
5.382000 -0.379464 0.00000
0.018000 -0.349107 0.00000
0.054000 -0.349107 0.00000
0.090000 -0.349107 0.00000
0.126000 -0.349107 0.00000
0.162000 -0.349107 0.00000
0.198000 -0.349107 0.00000
0.234000 -0.349107 0.00000
0.270000 -0.349107 0.00000
0.306000 -0.349107 0.00000
0.342000 -0.349107 0.00000
0.378000 -0.349107 0.00000
0.414000 -0.349107 0.00000
0.450000 -0.349107 0.00000
0.486000 -0.349107 0.00000
0.522000 -0.349107 0.00000
0.558000 -0.349107 2.01703
0.594000 -0.349107 0.00000
0.630000 -0.349107 0.00000
0.666000 -0.349107 0.00000
0.702000 -0.349107 0.00000
0.738000 -0.349107 0.00000
0.774000 -0.349107 0.00000
0.810000 -0.349107 0.00000
0.846000 -0.349107 0.00000
0.882000 -0.349107 0.00000
0.918000 -0.349107 0.00000
0.954000 -0.349107 0.00000
0.990000 -0.349107 0.90309
1.026000 -0.349107 1.44716
1.062000 -0.349107 1.49136
1.098000 -0.349107 1.57978
1.134000 -0.349107 1.41497
1.170000 -0.349107 1.17609
1.206000 -0.349107 0.60206
1.242000 -0.349107 0.00000
1.278000 -0.349107 0.00000
1.314000 -0.349107 0.00000
1.350000 -0.349107 1.38021
1.386000 -0.349107 1.65321
1.422000 -0.349107 1.63347
1.458000 -0.349107 1.63347
1.494000 -0.349107 1.76343
1.530000 -0.349107 2.30320
1.566000 -0.349107 2.01284
1.602000 -0.349107 1.82607
1.638000 -0.349107 1.79239
1.674000 -0.349107 1.70757
1.710000 -0.349107 1.50515
1.746000 -0.349107 1.47712
1.782000 -0.349107 1.00000
1.818000 -0.349107 0.84510
1.854000 -0.349107 0.60206
1.890000 -0.349107 0.00000
1.926000 -0.349107 0.00000
1.962000 -0.349107 0.30103
1.998000 -0.349107 1.34242
2.034000 -0.349107 1.78533
2.070000 -0.349107 1.85126
2.106000 -0.349107 1.87506
2.142000 -0.349107 1.77085
2.178000 -0.349107 1.57978
2.214000 -0.349107 1.34242
2.250000 -0.349107 1.25527
2.286000 -0.349107 1.25527
2.322000 -0.349107 1.11394
2.358000 -0.349107 1.46240
2.394000 -0.349107 1.81291
2.430000 -0.349107 1.85733
2.466000 -0.349107 1.81291
2.502000 -0.349107 2.08636
2.538000 -0.349107 2.35603
2.574000 -0.349107 2.26245
2.610000 -0.349107 2.08279
2.646000 -0.349107 2.04139
2.682000 -0.349107 1.92428
2.718000 -0.349107 1.97772
2.754000 -0.349107 1.79934
2.790000 -0.349107 1.41497
2.826000 -0.349107 1.23045
2.862000 -0.349107 1.39794
2.898000 -0.349107 0.00000
2.934000 -0.349107 1.38021
2.970000 -0.349107 0.60206
3.006000 -0.349107 1.60206
3.042000 -0.349107 1.82607
3.078000 -0.349107 1.96848
3.114000 -0.349107 1.98227
3.150000 -0.349107 1.92942
3.186000 -0.349107 1.79239
3.222000 -0.349107 1.56820
3.258000 -0.349107 1.36173
3.294000 -0.349107 1.38021
3.330000 -0.349107 1.17609
3.366000 -0.349107 1.46240
3.402000 -0.349107 1.93450
3.438000 -0.349107 1.93952
3.474000 -0.349107 1.97313
3.510000 -0.349107 1.98227
3.546000 -0.349107 2.11394
3.582000 -0.349107 2.07918
3.618000 -0.349107 2.15229
3.654000 -0.349107 2.12057
3.690000 -0.349107 2.09342
3.726000 -0.349107 2.02119
3.762000 -0.349107 1.97313
3.798000 -0.349107 1.60206
3.834000 -0.349107 1.54407
3.870000 -0.349107 1.27875
3.906000 -0.349107 1.32222
3.942000 -0.349107 1.11394
3.978000 -0.349107 0.00000
4.014000 -0.349107 1.23045
4.050000 -0.349107 1.38021
4.086000 -0.349107 1.54407
4.122000 -0.349107 1.63347
4.158000 -0.349107 1.67210
4.194000 -0.349107 1.62325
4.230000 -0.349107 1.61278
4.266000 -0.349107 1.59106
4.302000 -0.349107 1.46240
4.338000 -0.349107 1.36173
4.374000 -0.349107 1.27875
4.410000 -0.349107 0.84510
4.446000 -0.349107 0.00000
4.482000 -0.349107 0.00000
4.518000 -0.349107 0.84510
4.554000 -0.349107 1.38021
4.590000 -0.349107 1.47712
4.626000 -0.349107 1.55630
4.662000 -0.349107 1.62325
4.698000 -0.349107 1.63347
4.734000 -0.349107 1.43136
4.770000 -0.349107 1.65321
4.806000 -0.349107 1.30103
4.842000 -0.349107 1.54407
4.878000 -0.349107 1.25527
4.914000 -0.349107 1.54407
4.950000 -0.349107 1.07918
4.986000 -0.349107 1.14613
5.022000 -0.349107 0.00000
5.058000 -0.349107 0.00000
5.094000 -0.349107 0.00000
5.130000 -0.349107 0.00000
5.166000 -0.349107 0.00000
5.202000 -0.349107 0.00000
5.238000 -0.349107 0.00000
5.274000 -0.349107 0.00000
5.310000 -0.349107 0.00000
5.346000 -0.349107 0.00000
5.382000 -0.349107 0.00000
0.018000 -0.318750 0.00000
0.054000 -0.318750 0.00000
0.090000 -0.318750 0.00000
0.126000 -0.318750 0.00000
0.162000 -0.318750 0.00000
0.198000 -0.318750 0.00000
0.234000 -0.318750 0.00000
0.270000 -0.318750 0.00000
0.306000 -0.318750 0.00000
0.342000 -0.318750 0.00000
0.378000 -0.318750 0.00000
0.414000 -0.318750 0.00000
0.450000 -0.318750 0.00000
0.486000 -0.318750 0.00000
0.522000 -0.318750 0.00000
0.558000 -0.318750 1.07918
0.594000 -0.318750 0.00000
0.630000 -0.318750 0.00000
0.666000 -0.318750 0.00000
0.702000 -0.318750 0.00000
0.738000 -0.318750 0.00000
0.774000 -0.318750 0.00000
0.810000 -0.318750 0.00000
0.846000 -0.318750 0.00000
0.882000 -0.318750 0.00000
0.918000 -0.318750 0.00000
0.954000 -0.318750 0.00000
0.990000 -0.318750 0.00000
1.026000 -0.318750 0.00000
1.062000 -0.318750 0.84510
1.098000 -0.318750 1.25527
1.134000 -0.318750 1.44716
1.170000 -0.318750 1.46240
1.206000 -0.318750 1.43136
1.242000 -0.318750 1.17609
1.278000 -0.318750 0.60206
1.314000 -0.318750 0.00000
1.350000 -0.318750 0.00000
1.386000 -0.318750 0.00000
1.422000 -0.318750 1.38021
1.458000 -0.318750 1.36173
1.494000 -0.318750 1.30103
1.530000 -0.318750 1.04139
1.566000 -0.318750 1.79239
1.602000 -0.318750 1.79239
1.638000 -0.318750 1.98677
1.674000 -0.318750 1.39794
1.710000 -0.318750 1.66276
1.746000 -0.318750 1.57978
1.782000 -0.318750 1.64345
1.818000 -0.318750 1.74036
1.854000 -0.318750 1.49136
1.890000 -0.318750 1.14613
1.926000 -0.318750 0.84510
1.962000 -0.318750 0.47712
1.998000 -0.318750 0.00000
2.034000 -0.318750 0.00000
2.070000 -0.318750 0.60206
2.106000 -0.318750 1.38021
2.142000 -0.318750 1.60206
2.178000 -0.318750 1.85126
2.214000 -0.318750 1.88649
2.250000 -0.318750 1.74036
2.286000 -0.318750 1.54407
2.322000 -0.318750 1.39794
2.358000 -0.318750 1.38021
2.394000 -0.318750 1.43136
2.430000 -0.318750 1.56820
2.466000 -0.318750 1.69020
2.502000 -0.318750 1.68124
2.538000 -0.318750 1.68124
2.574000 -0.318750 1.73239
2.610000 -0.318750 1.88649
2.646000 -0.318750 1.97313
2.682000 -0.318750 2.02119
2.718000 -0.318750 2.07555
2.754000 -0.318750 2.02938
2.790000 -0.318750 2.03342
2.826000 -0.318750 1.98677
2.862000 -0.318750 1.94939
2.898000 -0.318750 1.89209
2.934000 -0.318750 1.63347
2.970000 -0.318750 1.41497
3.006000 -0.318750 1.55630
3.042000 -0.318750 1.23045
3.078000 -0.318750 1.27875
3.114000 -0.318750 1.63347
3.150000 -0.318750 1.68124
3.186000 -0.318750 1.86332
3.222000 -0.318750 1.91381
3.258000 -0.318750 1.93450
3.294000 -0.318750 1.88081
3.330000 -0.318750 1.81291
3.366000 -0.318750 1.73239
3.402000 -0.318750 1.67210
3.438000 -0.318750 1.71600
3.474000 -0.318750 1.68124
3.510000 -0.318750 1.77815
3.546000 -0.318750 1.74819
3.582000 -0.318750 1.66276
3.618000 -0.318750 1.74036
3.654000 -0.318750 1.77815
3.690000 -0.318750 1.79239
3.726000 -0.318750 1.82607
3.762000 -0.318750 1.92942
3.798000 -0.318750 2.03342
3.834000 -0.318750 2.03743
3.870000 -0.318750 1.95904
3.906000 -0.318750 2.01284
3.942000 -0.318750 1.82607
3.978000 -0.318750 1.75587
4.014000 -0.318750 1.74036
4.050000 -0.318750 1.41497
4.086000 -0.318750 1.53148
4.122000 -0.318750 1.44716
4.158000 -0.318750 1.32222
4.194000 -0.318750 1.20412
4.230000 -0.318750 1.14613
4.266000 -0.318750 1.14613
4.302000 -0.318750 1.25527
4.338000 -0.318750 1.34242
4.374000 -0.318750 1.30103
4.410000 -0.318750 1.55630
4.446000 -0.318750 1.54407
4.482000 -0.318750 1.44716
4.518000 -0.318750 1.49136
4.554000 -0.318750 1.43136
4.590000 -0.318750 1.39794
4.626000 -0.318750 0.95424
4.662000 -0.318750 0.84510
4.698000 -0.318750 0.47712
4.734000 -0.318750 1.00000
4.770000 -0.318750 1.00000
4.806000 -0.318750 0.90309
4.842000 -0.318750 0.90309
4.878000 -0.318750 0.84510
4.914000 -0.318750 1.00000
4.950000 -0.318750 1.00000
4.986000 -0.318750 1.39794
5.022000 -0.318750 1.43136
5.058000 -0.318750 1.27875
5.094000 -0.318750 1.56820
5.130000 -0.318750 1.41497
5.166000 -0.318750 1.00000
5.202000 -0.318750 0.90309
5.238000 -0.318750 1.56820
5.274000 -0.318750 1.07918
5.310000 -0.318750 0.00000
5.346000 -0.318750 0.00000
5.382000 -0.318750 0.00000
0.018000 -0.288393 0.00000
0.054000 -0.288393 0.00000
0.090000 -0.288393 0.00000
0.126000 -0.288393 0.00000
0.162000 -0.288393 0.00000
0.198000 -0.288393 0.00000
0.234000 -0.288393 0.00000
0.270000 -0.288393 0.00000
0.306000 -0.288393 0.00000
0.342000 -0.288393 0.00000
0.378000 -0.288393 0.00000
0.414000 -0.288393 0.00000
0.450000 -0.288393 0.00000
0.486000 -0.288393 0.00000
0.522000 -0.288393 0.00000
0.558000 -0.288393 0.00000
0.594000 -0.288393 0.00000
0.630000 -0.288393 0.00000
0.666000 -0.288393 0.00000
0.702000 -0.288393 0.00000
0.738000 -0.288393 0.00000
0.774000 -0.288393 0.00000
0.810000 -0.288393 0.00000
0.846000 -0.288393 0.00000
0.882000 -0.288393 0.00000
0.918000 -0.288393 0.00000
0.954000 -0.288393 0.00000
0.990000 -0.288393 0.00000
1.026000 -0.288393 0.00000
1.062000 -0.288393 0.00000
1.098000 -0.288393 0.00000
1.134000 -0.288393 0.00000
1.170000 -0.288393 0.47712
1.206000 -0.288393 1.20412
1.242000 -0.288393 1.38021
1.278000 -0.288393 1.23045
1.314000 -0.288393 0.95424
1.350000 -0.288393 0.30103
1.386000 -0.288393 0.00000
1.422000 -0.288393 0.00000
1.458000 -0.288393 0.00000
1.494000 -0.288393 1.23045
1.530000 -0.288393 1.47712
1.566000 -0.288393 0.69897
1.602000 -0.288393 0.00000
1.638000 -0.288393 0.77815
1.674000 -0.288393 1.20412
1.710000 -0.288393 1.39794
1.746000 -0.288393 2.00860
1.782000 -0.288393 1.39794
1.818000 -0.288393 1.55630
1.854000 -0.288393 1.47712
1.890000 -0.288393 1.74036
1.926000 -0.288393 1.54407
1.962000 -0.288393 1.49136
1.998000 -0.288393 1.07918
2.034000 -0.288393 0.60206
2.070000 -0.288393 0.47712
2.106000 -0.288393 0.00000
2.142000 -0.288393 0.00000
2.178000 -0.288393 0.00000
2.214000 -0.288393 0.00000
2.250000 -0.288393 1.11394
2.286000 -0.288393 1.55630
2.322000 -0.288393 1.63347
2.358000 -0.288393 1.57978
2.394000 -0.288393 1.36173
2.430000 -0.288393 1.17609
2.466000 -0.288393 1.00000
2.502000 -0.288393 0.90309
2.538000 -0.288393 1.04139
2.574000 -0.288393 1.25527
2.610000 -0.288393 1.75587
2.646000 -0.288393 1.62325
2.682000 -0.288393 1.17609
2.718000 -0.288393 1.43136
2.754000 -0.288393 1.77815
2.790000 -0.288393 1.56820
2.826000 -0.288393 1.97772
2.862000 -0.288393 1.85126
2.898000 -0.288393 1.62325
2.934000 -0.288393 1.68124
2.970000 -0.288393 1.74819
3.006000 -0.288393 1.51851
3.042000 -0.288393 1.46240
3.078000 -0.288393 1.34242
3.114000 -0.288393 1.11394
3.150000 -0.288393 1.17609
3.186000 -0.288393 0.30103
3.222000 -0.288393 1.07918
3.258000 -0.288393 1.00000
3.294000 -0.288393 1.27875
3.330000 -0.288393 1.53148
3.366000 -0.288393 1.32222
3.402000 -0.288393 1.34242
3.438000 -0.288393 0.95424
3.474000 -0.288393 0.69897
3.510000 -0.288393 0.00000
3.546000 -0.288393 0.95424
3.582000 -0.288393 0.84510
3.618000 -0.288393 1.23045
3.654000 -0.288393 1.11394
3.690000 -0.288393 0.95424
3.726000 -0.288393 0.69897
3.762000 -0.288393 0.60206
3.798000 -0.288393 0.00000
3.834000 -0.288393 0.00000
3.870000 -0.288393 0.00000
3.906000 -0.288393 0.47712
3.942000 -0.288393 0.47712
3.978000 -0.288393 0.30103
4.014000 -0.288393 0.90309
4.050000 -0.288393 1.04139
4.086000 -0.288393 0.60206
4.122000 -0.288393 0.30103
4.158000 -0.288393 0.30103
4.194000 -0.288393 0.00000
4.230000 -0.288393 1.23045
4.266000 -0.288393 1.39794
4.302000 -0.288393 1.00000
4.338000 -0.288393 1.00000
4.374000 -0.288393 1.00000
4.410000 -0.288393 0.00000
4.446000 -0.288393 0.00000
4.482000 -0.288393 0.00000
4.518000 -0.288393 0.00000
4.554000 -0.288393 0.00000
4.590000 -0.288393 0.00000
4.626000 -0.288393 0.60206
4.662000 -0.288393 0.69897
4.698000 -0.288393 0.77815
4.734000 -0.288393 0.47712
4.770000 -0.288393 0.00000
4.806000 -0.288393 0.00000
4.842000 -0.288393 0.00000
4.878000 -0.288393 0.00000
4.914000 -0.288393 0.00000
4.950000 -0.288393 0.00000
4.986000 -0.288393 0.00000
5.022000 -0.288393 0.00000
5.058000 -0.288393 0.00000
5.094000 -0.288393 0.00000
5.130000 -0.288393 0.00000
5.166000 -0.288393 0.00000
5.202000 -0.288393 0.00000
5.238000 -0.288393 0.00000
5.274000 -0.288393 0.47712
5.310000 -0.288393 1.00000
5.346000 -0.288393 1.00000
5.382000 -0.288393 0.00000
0.018000 -0.258036 0.00000
0.054000 -0.258036 0.00000
0.090000 -0.258036 0.00000
0.126000 -0.258036 0.00000
0.162000 -0.258036 0.00000
0.198000 -0.258036 0.00000
0.234000 -0.258036 0.00000
0.270000 -0.258036 0.00000
0.306000 -0.258036 0.00000
0.342000 -0.258036 0.00000
0.378000 -0.258036 0.00000
0.414000 -0.258036 0.00000
0.450000 -0.258036 0.00000
0.486000 -0.258036 0.00000
0.522000 -0.258036 0.00000
0.558000 -0.258036 0.00000
0.594000 -0.258036 1.77815
0.630000 -0.258036 1.53148
0.666000 -0.258036 0.00000
0.702000 -0.258036 0.00000
0.738000 -0.258036 0.00000
0.774000 -0.258036 0.00000
0.810000 -0.258036 0.00000
0.846000 -0.258036 0.00000
0.882000 -0.258036 0.00000
0.918000 -0.258036 0.00000
0.954000 -0.258036 0.00000
0.990000 -0.258036 0.00000
1.026000 -0.258036 0.00000
1.062000 -0.258036 0.00000
1.098000 -0.258036 0.00000
1.134000 -0.258036 0.00000
1.170000 -0.258036 1.20412
1.206000 -0.258036 0.90309
1.242000 -0.258036 0.77815
1.278000 -0.258036 0.77815
1.314000 -0.258036 0.69897
1.350000 -0.258036 0.60206
1.386000 -0.258036 0.00000
1.422000 -0.258036 0.00000
1.458000 -0.258036 0.00000
1.494000 -0.258036 0.00000
1.530000 -0.258036 0.00000
1.566000 -0.258036 0.00000
1.602000 -0.258036 1.00000
1.638000 -0.258036 1.56820
1.674000 -0.258036 1.43136
1.710000 -0.258036 0.60206
1.746000 -0.258036 1.32222
1.782000 -0.258036 0.00000
1.818000 -0.258036 0.00000
1.854000 -0.258036 0.00000
1.890000 -0.258036 1.46240
1.926000 -0.258036 1.50515
1.962000 -0.258036 1.43136
1.998000 -0.258036 1.44716
2.034000 -0.258036 1.53148
2.070000 -0.258036 0.84510
2.106000 -0.258036 1.20412
2.142000 -0.258036 0.60206
2.178000 -0.258036 0.30103
2.214000 -0.258036 0.00000
2.250000 -0.258036 0.00000
2.286000 -0.258036 0.00000
2.322000 -0.258036 0.00000
2.358000 -0.258036 0.30103
2.394000 -0.258036 1.47712
2.430000 -0.258036 1.60206
2.466000 -0.258036 1.55630
2.502000 -0.258036 1.39794
2.538000 -0.258036 1.20412
2.574000 -0.258036 0.90309
2.610000 -0.258036 0.60206
2.646000 -0.258036 0.69897
2.682000 -0.258036 0.90309
2.718000 -0.258036 1.30103
2.754000 -0.258036 0.84510
2.790000 -0.258036 0.84510
2.826000 -0.258036 0.60206
2.862000 -0.258036 0.30103
2.898000 -0.258036 0.00000
2.934000 -0.258036 0.00000
2.970000 -0.258036 0.00000
3.006000 -0.258036 0.00000
3.042000 -0.258036 0.47712
3.078000 -0.258036 0.00000
3.114000 -0.258036 0.00000
3.150000 -0.258036 0.00000
3.186000 -0.258036 0.00000
3.222000 -0.258036 0.00000
3.258000 -0.258036 0.00000
3.294000 -0.258036 0.00000
3.330000 -0.258036 0.00000
3.366000 -0.258036 0.00000
3.402000 -0.258036 0.00000
3.438000 -0.258036 0.00000
3.474000 -0.258036 1.00000
3.510000 -0.258036 0.00000
3.546000 -0.258036 0.00000
3.582000 -0.258036 0.00000
3.618000 -0.258036 0.00000
3.654000 -0.258036 0.00000
3.690000 -0.258036 0.00000
3.726000 -0.258036 0.00000
3.762000 -0.258036 0.00000
3.798000 -0.258036 0.00000
3.834000 -0.258036 0.00000
3.870000 -0.258036 0.00000
3.906000 -0.258036 0.00000
3.942000 -0.258036 0.00000
3.978000 -0.258036 0.00000
4.014000 -0.258036 0.00000
4.050000 -0.258036 0.00000
4.086000 -0.258036 0.00000
4.122000 -0.258036 0.00000
4.158000 -0.258036 0.00000
4.194000 -0.258036 0.00000
4.230000 -0.258036 0.00000
4.266000 -0.258036 0.00000
4.302000 -0.258036 0.00000
4.338000 -0.258036 0.00000
4.374000 -0.258036 0.00000
4.410000 -0.258036 0.00000
4.446000 -0.258036 0.00000
4.482000 -0.258036 0.00000
4.518000 -0.258036 0.00000
4.554000 -0.258036 0.00000
4.590000 -0.258036 0.00000
4.626000 -0.258036 0.00000
4.662000 -0.258036 0.00000
4.698000 -0.258036 0.00000
4.734000 -0.258036 0.00000
4.770000 -0.258036 0.00000
4.806000 -0.258036 0.00000
4.842000 -0.258036 0.00000
4.878000 -0.258036 0.00000
4.914000 -0.258036 0.00000
4.950000 -0.258036 0.00000
4.986000 -0.258036 0.00000
5.022000 -0.258036 0.00000
5.058000 -0.258036 0.00000
5.094000 -0.258036 0.00000
5.130000 -0.258036 0.00000
5.166000 -0.258036 0.00000
5.202000 -0.258036 0.00000
5.238000 -0.258036 0.00000
5.274000 -0.258036 0.00000
5.310000 -0.258036 0.00000
5.346000 -0.258036 0.00000
5.382000 -0.258036 0.00000
0.018000 -0.227679 0.00000
0.054000 -0.227679 0.00000
0.090000 -0.227679 0.00000
0.126000 -0.227679 0.00000
0.162000 -0.227679 0.00000
0.198000 -0.227679 0.00000
0.234000 -0.227679 0.00000
0.270000 -0.227679 0.00000
0.306000 -0.227679 0.00000
0.342000 -0.227679 0.00000
0.378000 -0.227679 0.00000
0.414000 -0.227679 0.00000
0.450000 -0.227679 0.00000
0.486000 -0.227679 0.00000
0.522000 -0.227679 0.00000
0.558000 -0.227679 0.00000
0.594000 -0.227679 0.00000
0.630000 -0.227679 0.00000
0.666000 -0.227679 0.00000
0.702000 -0.227679 0.00000
0.738000 -0.227679 0.00000
0.774000 -0.227679 0.00000
0.810000 -0.227679 0.00000
0.846000 -0.227679 0.00000
0.882000 -0.227679 0.00000
0.918000 -0.227679 0.00000
0.954000 -0.227679 0.00000
0.990000 -0.227679 0.00000
1.026000 -0.227679 0.00000
1.062000 -0.227679 0.00000
1.098000 -0.227679 0.00000
1.134000 -0.227679 0.00000
1.170000 -0.227679 0.00000
1.206000 -0.227679 0.00000
1.242000 -0.227679 0.00000
1.278000 -0.227679 0.00000
1.314000 -0.227679 0.00000
1.350000 -0.227679 0.00000
1.386000 -0.227679 0.00000
1.422000 -0.227679 0.00000
1.458000 -0.227679 0.00000
1.494000 -0.227679 0.00000
1.530000 -0.227679 0.00000
1.566000 -0.227679 0.00000
1.602000 -0.227679 0.00000
1.638000 -0.227679 0.00000
1.674000 -0.227679 0.00000
1.710000 -0.227679 0.00000
1.746000 -0.227679 0.00000
1.782000 -0.227679 1.41497
1.818000 -0.227679 1.60206
1.854000 -0.227679 2.07555
1.890000 -0.227679 1.11394
1.926000 -0.227679 0.00000
1.962000 -0.227679 0.00000
1.998000 -0.227679 0.00000
2.034000 -0.227679 0.30103
2.070000 -0.227679 0.47712
2.106000 -0.227679 0.00000
2.142000 -0.227679 0.00000
2.178000 -0.227679 0.00000
2.214000 -0.227679 0.00000
2.250000 -0.227679 0.00000
2.286000 -0.227679 0.00000
2.322000 -0.227679 0.00000
2.358000 -0.227679 0.00000
2.394000 -0.227679 0.00000
2.430000 -0.227679 0.00000
2.466000 -0.227679 0.00000
2.502000 -0.227679 0.00000
2.538000 -0.227679 0.00000
2.574000 -0.227679 0.00000
2.610000 -0.227679 0.00000
2.646000 -0.227679 0.00000
2.682000 -0.227679 0.00000
2.718000 -0.227679 0.00000
2.754000 -0.227679 0.00000
2.790000 -0.227679 0.00000
2.826000 -0.227679 0.00000
2.862000 -0.227679 0.00000
2.898000 -0.227679 0.00000
2.934000 -0.227679 0.00000
2.970000 -0.227679 0.00000
3.006000 -0.227679 0.00000
3.042000 -0.227679 0.00000
3.078000 -0.227679 0.00000
3.114000 -0.227679 0.00000
3.150000 -0.227679 0.00000
3.186000 -0.227679 0.00000
3.222000 -0.227679 0.00000
3.258000 -0.227679 0.00000
3.294000 -0.227679 0.00000
3.330000 -0.227679 0.00000
3.366000 -0.227679 0.00000
3.402000 -0.227679 0.00000
3.438000 -0.227679 0.00000
3.474000 -0.227679 0.00000
3.510000 -0.227679 0.00000
3.546000 -0.227679 0.00000
3.582000 -0.227679 0.00000
3.618000 -0.227679 0.00000
3.654000 -0.227679 0.00000
3.690000 -0.227679 0.00000
3.726000 -0.227679 0.00000
3.762000 -0.227679 0.00000
3.798000 -0.227679 0.00000
3.834000 -0.227679 0.00000
3.870000 -0.227679 0.00000
3.906000 -0.227679 0.00000
3.942000 -0.227679 0.00000
3.978000 -0.227679 0.00000
4.014000 -0.227679 0.00000
4.050000 -0.227679 0.00000
4.086000 -0.227679 0.00000
4.122000 -0.227679 0.00000
4.158000 -0.227679 0.00000
4.194000 -0.227679 0.00000
4.230000 -0.227679 0.00000
4.266000 -0.227679 0.00000
4.302000 -0.227679 0.00000
4.338000 -0.227679 0.00000
4.374000 -0.227679 0.00000
4.410000 -0.227679 0.00000
4.446000 -0.227679 0.00000
4.482000 -0.227679 0.00000
4.518000 -0.227679 0.00000
4.554000 -0.227679 0.00000
4.590000 -0.227679 0.00000
4.626000 -0.227679 0.00000
4.662000 -0.227679 0.00000
4.698000 -0.227679 0.00000
4.734000 -0.227679 0.00000
4.770000 -0.227679 0.00000
4.806000 -0.227679 0.00000
4.842000 -0.227679 0.00000
4.878000 -0.227679 0.00000
4.914000 -0.227679 0.00000
4.950000 -0.227679 0.00000
4.986000 -0.227679 0.00000
5.022000 -0.227679 0.00000
5.058000 -0.227679 0.00000
5.094000 -0.227679 0.00000
5.130000 -0.227679 0.00000
5.166000 -0.227679 0.00000
5.202000 -0.227679 0.00000
5.238000 -0.227679 0.00000
5.274000 -0.227679 0.00000
5.310000 -0.227679 0.00000
5.346000 -0.227679 0.00000
5.382000 -0.227679 0.00000
0.018000 -0.197321 0.00000
0.054000 -0.197321 0.00000
0.090000 -0.197321 0.00000
0.126000 -0.197321 0.00000
0.162000 -0.197321 0.00000
0.198000 -0.197321 0.00000
0.234000 -0.197321 0.00000
0.270000 -0.197321 0.00000
0.306000 -0.197321 0.00000
0.342000 -0.197321 0.00000
0.378000 -0.197321 0.00000
0.414000 -0.197321 0.00000
0.450000 -0.197321 0.00000
0.486000 -0.197321 0.00000
0.522000 -0.197321 0.00000
0.558000 -0.197321 0.00000
0.594000 -0.197321 0.00000
0.630000 -0.197321 0.00000
0.666000 -0.197321 0.00000
0.702000 -0.197321 0.00000
0.738000 -0.197321 0.00000
0.774000 -0.197321 0.00000
0.810000 -0.197321 0.00000
0.846000 -0.197321 0.00000
0.882000 -0.197321 0.00000
0.918000 -0.197321 0.00000
0.954000 -0.197321 0.00000
0.990000 -0.197321 0.00000
1.026000 -0.197321 0.00000
1.062000 -0.197321 0.00000
1.098000 -0.197321 0.00000
1.134000 -0.197321 0.00000
1.170000 -0.197321 0.00000
1.206000 -0.197321 0.00000
1.242000 -0.197321 0.00000
1.278000 -0.197321 0.00000
1.314000 -0.197321 0.00000
1.350000 -0.197321 0.00000
1.386000 -0.197321 0.00000
1.422000 -0.197321 0.00000
1.458000 -0.197321 0.00000
1.494000 -0.197321 0.00000
1.530000 -0.197321 0.00000
1.566000 -0.197321 0.00000
1.602000 -0.197321 0.00000
1.638000 -0.197321 0.00000
1.674000 -0.197321 0.00000
1.710000 -0.197321 0.00000
1.746000 -0.197321 1.00000
1.782000 -0.197321 1.07918
1.818000 -0.197321 0.00000
1.854000 -0.197321 0.00000
1.890000 -0.197321 0.00000
1.926000 -0.197321 0.00000
1.962000 -0.197321 0.00000
1.998000 -0.197321 0.00000
2.034000 -0.197321 0.00000
2.070000 -0.197321 0.00000
2.106000 -0.197321 0.00000
2.142000 -0.197321 0.00000
2.178000 -0.197321 0.00000
2.214000 -0.197321 0.00000
2.250000 -0.197321 0.00000
2.286000 -0.197321 0.00000
2.322000 -0.197321 0.00000
2.358000 -0.197321 0.00000
2.394000 -0.197321 0.00000
2.430000 -0.197321 0.00000
2.466000 -0.197321 0.00000
2.502000 -0.197321 0.00000
2.538000 -0.197321 0.00000
2.574000 -0.197321 0.00000
2.610000 -0.197321 0.00000
2.646000 -0.197321 0.00000
2.682000 -0.197321 0.00000
2.718000 -0.197321 0.00000
2.754000 -0.197321 0.00000
2.790000 -0.197321 0.00000
2.826000 -0.197321 0.00000
2.862000 -0.197321 0.00000
2.898000 -0.197321 0.00000
2.934000 -0.197321 0.00000
2.970000 -0.197321 0.00000
3.006000 -0.197321 0.00000
3.042000 -0.197321 0.00000
3.078000 -0.197321 0.00000
3.114000 -0.197321 0.00000
3.150000 -0.197321 0.00000
3.186000 -0.197321 0.00000
3.222000 -0.197321 0.00000
3.258000 -0.197321 0.00000
3.294000 -0.197321 0.00000
3.330000 -0.197321 0.00000
3.366000 -0.197321 0.00000
3.402000 -0.197321 0.00000
3.438000 -0.197321 0.00000
3.474000 -0.197321 0.00000
3.510000 -0.197321 0.00000
3.546000 -0.197321 0.00000
3.582000 -0.197321 0.00000
3.618000 -0.197321 0.00000
3.654000 -0.197321 0.00000
3.690000 -0.197321 0.00000
3.726000 -0.197321 0.00000
3.762000 -0.197321 0.00000
3.798000 -0.197321 0.00000
3.834000 -0.197321 0.00000
3.870000 -0.197321 0.00000
3.906000 -0.197321 0.00000
3.942000 -0.197321 0.00000
3.978000 -0.197321 0.00000
4.014000 -0.197321 0.00000
4.050000 -0.197321 0.00000
4.086000 -0.197321 0.00000
4.122000 -0.197321 0.00000
4.158000 -0.197321 0.00000
4.194000 -0.197321 0.00000
4.230000 -0.197321 0.00000
4.266000 -0.197321 0.00000
4.302000 -0.197321 0.00000
4.338000 -0.197321 0.00000
4.374000 -0.197321 0.00000
4.410000 -0.197321 0.00000
4.446000 -0.197321 0.00000
4.482000 -0.197321 0.00000
4.518000 -0.197321 0.00000
4.554000 -0.197321 0.00000
4.590000 -0.197321 0.00000
4.626000 -0.197321 0.00000
4.662000 -0.197321 0.00000
4.698000 -0.197321 0.00000
4.734000 -0.197321 0.00000
4.770000 -0.197321 0.00000
4.806000 -0.197321 0.00000
4.842000 -0.197321 0.00000
4.878000 -0.197321 0.00000
4.914000 -0.197321 0.00000
4.950000 -0.197321 0.00000
4.986000 -0.197321 0.00000
5.022000 -0.197321 0.00000
5.058000 -0.197321 0.00000
5.094000 -0.197321 0.00000
5.130000 -0.197321 0.00000
5.166000 -0.197321 0.00000
5.202000 -0.197321 0.00000
5.238000 -0.197321 0.00000
5.274000 -0.197321 0.00000
5.310000 -0.197321 0.00000
5.346000 -0.197321 0.00000
5.382000 -0.197321 0.00000
0.018000 -0.166964 0.00000
0.054000 -0.166964 0.00000
0.090000 -0.166964 0.00000
0.126000 -0.166964 0.00000
0.162000 -0.166964 0.00000
0.198000 -0.166964 0.00000
0.234000 -0.166964 0.00000
0.270000 -0.166964 0.00000
0.306000 -0.166964 0.00000
0.342000 -0.166964 0.00000
0.378000 -0.166964 0.00000
0.414000 -0.166964 0.00000
0.450000 -0.166964 0.00000
0.486000 -0.166964 0.00000
0.522000 -0.166964 0.00000
0.558000 -0.166964 0.00000
0.594000 -0.166964 0.00000
0.630000 -0.166964 0.00000
0.666000 -0.166964 0.00000
0.702000 -0.166964 0.00000
0.738000 -0.166964 0.00000
0.774000 -0.166964 0.00000
0.810000 -0.166964 0.00000
0.846000 -0.166964 0.00000
0.882000 -0.166964 0.00000
0.918000 -0.166964 0.00000
0.954000 -0.166964 0.00000
0.990000 -0.166964 0.00000
1.026000 -0.166964 0.00000
1.062000 -0.166964 0.00000
1.098000 -0.166964 0.00000
1.134000 -0.166964 0.00000
1.170000 -0.166964 0.00000
1.206000 -0.166964 0.00000
1.242000 -0.166964 0.00000
1.278000 -0.166964 0.00000
1.314000 -0.166964 0.00000
1.350000 -0.166964 0.00000
1.386000 -0.166964 0.00000
1.422000 -0.166964 0.00000
1.458000 -0.166964 0.00000
1.494000 -0.166964 0.00000
1.530000 -0.166964 0.00000
1.566000 -0.166964 0.00000
1.602000 -0.166964 0.00000
1.638000 -0.166964 0.00000
1.674000 -0.166964 0.00000
1.710000 -0.166964 0.00000
1.746000 -0.166964 0.00000
1.782000 -0.166964 0.00000
1.818000 -0.166964 0.00000
1.854000 -0.166964 0.00000
1.890000 -0.166964 0.00000
1.926000 -0.166964 0.00000
1.962000 -0.166964 0.00000
1.998000 -0.166964 0.00000
2.034000 -0.166964 0.00000
2.070000 -0.166964 0.00000
2.106000 -0.166964 0.00000
2.142000 -0.166964 0.00000
2.178000 -0.166964 0.00000
2.214000 -0.166964 0.00000
2.250000 -0.166964 0.00000
2.286000 -0.166964 0.00000
2.322000 -0.166964 0.00000
2.358000 -0.166964 0.00000
2.394000 -0.166964 0.00000
2.430000 -0.166964 0.00000
2.466000 -0.166964 0.00000
2.502000 -0.166964 0.00000
2.538000 -0.166964 0.00000
2.574000 -0.166964 0.00000
2.610000 -0.166964 0.00000
2.646000 -0.166964 0.00000
2.682000 -0.166964 0.00000
2.718000 -0.166964 0.00000
2.754000 -0.166964 0.00000
2.790000 -0.166964 0.00000
2.826000 -0.166964 0.00000
2.862000 -0.166964 0.00000
2.898000 -0.166964 0.00000
2.934000 -0.166964 0.00000
2.970000 -0.166964 0.00000
3.006000 -0.166964 0.00000
3.042000 -0.166964 0.00000
3.078000 -0.166964 0.00000
3.114000 -0.166964 0.00000
3.150000 -0.166964 0.00000
3.186000 -0.166964 0.00000
3.222000 -0.166964 0.00000
3.258000 -0.166964 0.00000
3.294000 -0.166964 0.00000
3.330000 -0.166964 0.00000
3.366000 -0.166964 0.00000
3.402000 -0.166964 0.00000
3.438000 -0.166964 0.00000
3.474000 -0.166964 0.00000
3.510000 -0.166964 0.00000
3.546000 -0.166964 0.00000
3.582000 -0.166964 0.00000
3.618000 -0.166964 0.00000
3.654000 -0.166964 0.00000
3.690000 -0.166964 0.00000
3.726000 -0.166964 0.00000
3.762000 -0.166964 0.00000
3.798000 -0.166964 0.00000
3.834000 -0.166964 0.00000
3.870000 -0.166964 0.00000
3.906000 -0.166964 0.00000
3.942000 -0.166964 0.00000
3.978000 -0.166964 0.00000
4.014000 -0.166964 0.00000
4.050000 -0.166964 0.00000
4.086000 -0.166964 0.00000
4.122000 -0.166964 0.00000
4.158000 -0.166964 0.00000
4.194000 -0.166964 0.00000
4.230000 -0.166964 0.00000
4.266000 -0.166964 0.00000
4.302000 -0.166964 0.00000
4.338000 -0.166964 0.00000
4.374000 -0.166964 0.00000
4.410000 -0.166964 0.00000
4.446000 -0.166964 0.00000
4.482000 -0.166964 0.00000
4.518000 -0.166964 0.00000
4.554000 -0.166964 0.00000
4.590000 -0.166964 0.00000
4.626000 -0.166964 0.00000
4.662000 -0.166964 0.00000
4.698000 -0.166964 0.00000
4.734000 -0.166964 0.00000
4.770000 -0.166964 0.00000
4.806000 -0.166964 0.00000
4.842000 -0.166964 0.00000
4.878000 -0.166964 0.00000
4.914000 -0.166964 0.00000
4.950000 -0.166964 0.00000
4.986000 -0.166964 0.00000
5.022000 -0.166964 0.00000
5.058000 -0.166964 0.00000
5.094000 -0.166964 0.00000
5.130000 -0.166964 0.00000
5.166000 -0.166964 0.00000
5.202000 -0.166964 0.00000
5.238000 -0.166964 0.00000
5.274000 -0.166964 0.00000
5.310000 -0.166964 0.00000
5.346000 -0.166964 0.00000
5.382000 -0.166964 0.00000
0.018000 -0.136607 0.00000
0.054000 -0.136607 0.00000
0.090000 -0.136607 0.00000
0.126000 -0.136607 0.00000
0.162000 -0.136607 0.00000
0.198000 -0.136607 0.00000
0.234000 -0.136607 0.00000
0.270000 -0.136607 0.00000
0.306000 -0.136607 0.00000
0.342000 -0.136607 0.00000
0.378000 -0.136607 0.00000
0.414000 -0.136607 0.00000
0.450000 -0.136607 0.00000
0.486000 -0.136607 0.00000
0.522000 -0.136607 0.00000
0.558000 -0.136607 0.00000
0.594000 -0.136607 0.00000
0.630000 -0.136607 0.00000
0.666000 -0.136607 0.00000
0.702000 -0.136607 0.00000
0.738000 -0.136607 0.00000
0.774000 -0.136607 0.00000
0.810000 -0.136607 0.00000
0.846000 -0.136607 0.00000
0.882000 -0.136607 0.00000
0.918000 -0.136607 0.00000
0.954000 -0.136607 0.00000
0.990000 -0.136607 0.00000
1.026000 -0.136607 0.00000
1.062000 -0.136607 0.00000
1.098000 -0.136607 0.00000
1.134000 -0.136607 0.00000
1.170000 -0.136607 0.00000
1.206000 -0.136607 0.00000
1.242000 -0.136607 0.00000
1.278000 -0.136607 0.00000
1.314000 -0.136607 0.00000
1.350000 -0.136607 0.00000
1.386000 -0.136607 0.00000
1.422000 -0.136607 0.00000
1.458000 -0.136607 0.00000
1.494000 -0.136607 0.00000
1.530000 -0.136607 0.00000
1.566000 -0.136607 0.00000
1.602000 -0.136607 0.00000
1.638000 -0.136607 0.00000
1.674000 -0.136607 0.00000
1.710000 -0.136607 0.00000
1.746000 -0.136607 0.00000
1.782000 -0.136607 0.00000
1.818000 -0.136607 0.00000
1.854000 -0.136607 0.00000
1.890000 -0.136607 0.00000
1.926000 -0.136607 0.00000
1.962000 -0.136607 0.00000
1.998000 -0.136607 0.00000
2.034000 -0.136607 0.00000
2.070000 -0.136607 0.00000
2.106000 -0.136607 0.00000
2.142000 -0.136607 0.00000
2.178000 -0.136607 0.00000
2.214000 -0.136607 0.00000
2.250000 -0.136607 0.00000
2.286000 -0.136607 0.00000
2.322000 -0.136607 0.00000
2.358000 -0.136607 0.00000
2.394000 -0.136607 0.00000
2.430000 -0.136607 0.00000
2.466000 -0.136607 0.00000
2.502000 -0.136607 0.00000
2.538000 -0.136607 0.00000
2.574000 -0.136607 0.00000
2.610000 -0.136607 0.00000
2.646000 -0.136607 0.00000
2.682000 -0.136607 0.00000
2.718000 -0.136607 0.00000
2.754000 -0.136607 0.00000
2.790000 -0.136607 0.00000
2.826000 -0.136607 0.00000
2.862000 -0.136607 0.00000
2.898000 -0.136607 0.00000
2.934000 -0.136607 0.00000
2.970000 -0.136607 0.00000
3.006000 -0.136607 0.00000
3.042000 -0.136607 0.00000
3.078000 -0.136607 0.00000
3.114000 -0.136607 0.00000
3.150000 -0.136607 0.00000
3.186000 -0.136607 0.00000
3.222000 -0.136607 0.00000
3.258000 -0.136607 0.00000
3.294000 -0.136607 0.00000
3.330000 -0.136607 0.00000
3.366000 -0.136607 0.00000
3.402000 -0.136607 0.00000
3.438000 -0.136607 0.00000
3.474000 -0.136607 0.00000
3.510000 -0.136607 0.00000
3.546000 -0.136607 0.00000
3.582000 -0.136607 0.00000
3.618000 -0.136607 0.00000
3.654000 -0.136607 0.00000
3.690000 -0.136607 0.00000
3.726000 -0.136607 0.00000
3.762000 -0.136607 0.00000
3.798000 -0.136607 0.00000
3.834000 -0.136607 0.00000
3.870000 -0.136607 0.00000
3.906000 -0.136607 0.00000
3.942000 -0.136607 0.00000
3.978000 -0.136607 0.00000
4.014000 -0.136607 0.00000
4.050000 -0.136607 0.00000
4.086000 -0.136607 0.00000
4.122000 -0.136607 0.00000
4.158000 -0.136607 0.00000
4.194000 -0.136607 0.00000
4.230000 -0.136607 0.00000
4.266000 -0.136607 0.00000
4.302000 -0.136607 0.00000
4.338000 -0.136607 0.00000
4.374000 -0.136607 0.00000
4.410000 -0.136607 0.00000
4.446000 -0.136607 0.00000
4.482000 -0.136607 0.00000
4.518000 -0.136607 0.00000
4.554000 -0.136607 0.00000
4.590000 -0.136607 0.00000
4.626000 -0.136607 0.00000
4.662000 -0.136607 0.00000
4.698000 -0.136607 0.00000
4.734000 -0.136607 0.00000
4.770000 -0.136607 0.00000
4.806000 -0.136607 0.00000
4.842000 -0.136607 0.00000
4.878000 -0.136607 0.00000
4.914000 -0.136607 0.00000
4.950000 -0.136607 0.00000
4.986000 -0.136607 0.00000
5.022000 -0.136607 0.00000
5.058000 -0.136607 0.00000
5.094000 -0.136607 0.00000
5.130000 -0.136607 0.00000
5.166000 -0.136607 0.00000
5.202000 -0.136607 0.00000
5.238000 -0.136607 0.00000
5.274000 -0.136607 0.00000
5.310000 -0.136607 0.00000
5.346000 -0.136607 0.00000
5.382000 -0.136607 0.00000
0.018000 -0.106250 0.00000
0.054000 -0.106250 0.00000
0.090000 -0.106250 0.00000
0.126000 -0.106250 0.00000
0.162000 -0.106250 0.00000
0.198000 -0.106250 0.00000
0.234000 -0.106250 0.00000
0.270000 -0.106250 0.00000
0.306000 -0.106250 0.00000
0.342000 -0.106250 0.00000
0.378000 -0.106250 0.00000
0.414000 -0.106250 0.00000
0.450000 -0.106250 0.00000
0.486000 -0.106250 0.00000
0.522000 -0.106250 0.00000
0.558000 -0.106250 0.00000
0.594000 -0.106250 0.00000
0.630000 -0.106250 0.00000
0.666000 -0.106250 1.92428
0.702000 -0.106250 1.00000
0.738000 -0.106250 0.00000
0.774000 -0.106250 0.00000
0.810000 -0.106250 0.00000
0.846000 -0.106250 0.00000
0.882000 -0.106250 0.00000
0.918000 -0.106250 0.00000
0.954000 -0.106250 0.00000
0.990000 -0.106250 0.00000
1.026000 -0.106250 0.00000
1.062000 -0.106250 0.00000
1.098000 -0.106250 0.00000
1.134000 -0.106250 0.00000
1.170000 -0.106250 0.00000
1.206000 -0.106250 0.00000
1.242000 -0.106250 0.00000
1.278000 -0.106250 0.00000
1.314000 -0.106250 0.00000
1.350000 -0.106250 0.00000
1.386000 -0.106250 0.00000
1.422000 -0.106250 0.00000
1.458000 -0.106250 0.00000
1.494000 -0.106250 0.00000
1.530000 -0.106250 0.00000
1.566000 -0.106250 0.00000
1.602000 -0.106250 0.00000
1.638000 -0.106250 0.00000
1.674000 -0.106250 0.00000
1.710000 -0.106250 0.00000
1.746000 -0.106250 0.00000
1.782000 -0.106250 0.00000
1.818000 -0.106250 0.00000
1.854000 -0.106250 0.00000
1.890000 -0.106250 0.00000
1.926000 -0.106250 0.00000
1.962000 -0.106250 0.00000
1.998000 -0.106250 0.00000
2.034000 -0.106250 0.00000
2.070000 -0.106250 0.00000
2.106000 -0.106250 0.00000
2.142000 -0.106250 0.00000
2.178000 -0.106250 0.00000
2.214000 -0.106250 0.00000
2.250000 -0.106250 0.00000
2.286000 -0.106250 0.00000
2.322000 -0.106250 0.00000
2.358000 -0.106250 0.00000
2.394000 -0.106250 0.00000
2.430000 -0.106250 0.00000
2.466000 -0.106250 0.00000
2.502000 -0.106250 0.00000
2.538000 -0.106250 0.00000
2.574000 -0.106250 0.00000
2.610000 -0.106250 0.00000
2.646000 -0.106250 0.00000
2.682000 -0.106250 0.00000
2.718000 -0.106250 0.00000
2.754000 -0.106250 0.00000
2.790000 -0.106250 0.00000
2.826000 -0.106250 0.00000
2.862000 -0.106250 0.00000
2.898000 -0.106250 0.00000
2.934000 -0.106250 0.00000
2.970000 -0.106250 0.00000
3.006000 -0.106250 0.00000
3.042000 -0.106250 0.00000
3.078000 -0.106250 0.00000
3.114000 -0.106250 0.00000
3.150000 -0.106250 0.00000
3.186000 -0.106250 0.00000
3.222000 -0.106250 0.00000
3.258000 -0.106250 0.00000
3.294000 -0.106250 0.00000
3.330000 -0.106250 0.00000
3.366000 -0.106250 0.00000
3.402000 -0.106250 0.00000
3.438000 -0.106250 0.00000
3.474000 -0.106250 0.00000
3.510000 -0.106250 0.00000
3.546000 -0.106250 0.00000
3.582000 -0.106250 0.00000
3.618000 -0.106250 0.00000
3.654000 -0.106250 0.00000
3.690000 -0.106250 0.00000
3.726000 -0.106250 0.00000
3.762000 -0.106250 0.00000
3.798000 -0.106250 0.00000
3.834000 -0.106250 0.00000
3.870000 -0.106250 0.00000
3.906000 -0.106250 0.00000
3.942000 -0.106250 0.00000
3.978000 -0.106250 0.00000
4.014000 -0.106250 0.00000
4.050000 -0.106250 0.00000
4.086000 -0.106250 0.00000
4.122000 -0.106250 0.00000
4.158000 -0.106250 0.00000
4.194000 -0.106250 0.00000
4.230000 -0.106250 0.00000
4.266000 -0.106250 0.00000
4.302000 -0.106250 0.00000
4.338000 -0.106250 0.00000
4.374000 -0.106250 0.00000
4.410000 -0.106250 0.00000
4.446000 -0.106250 0.00000
4.482000 -0.106250 0.00000
4.518000 -0.106250 0.00000
4.554000 -0.106250 0.00000
4.590000 -0.106250 0.00000
4.626000 -0.106250 0.00000
4.662000 -0.106250 0.00000
4.698000 -0.106250 0.00000
4.734000 -0.106250 0.00000
4.770000 -0.106250 0.00000
4.806000 -0.106250 0.00000
4.842000 -0.106250 0.00000
4.878000 -0.106250 0.00000
4.914000 -0.106250 0.00000
4.950000 -0.106250 0.00000
4.986000 -0.106250 0.00000
5.022000 -0.106250 0.00000
5.058000 -0.106250 0.00000
5.094000 -0.106250 0.00000
5.130000 -0.106250 0.00000
5.166000 -0.106250 0.00000
5.202000 -0.106250 0.00000
5.238000 -0.106250 0.00000
5.274000 -0.106250 0.00000
5.310000 -0.106250 0.00000
5.346000 -0.106250 0.00000
5.382000 -0.106250 0.00000
0.018000 -0.075893 0.00000
0.054000 -0.075893 0.00000
0.090000 -0.075893 0.00000
0.126000 -0.075893 0.00000
0.162000 -0.075893 0.00000
0.198000 -0.075893 0.00000
0.234000 -0.075893 0.00000
0.270000 -0.075893 0.00000
0.306000 -0.075893 0.00000
0.342000 -0.075893 0.00000
0.378000 -0.075893 0.00000
0.414000 -0.075893 0.00000
0.450000 -0.075893 0.00000
0.486000 -0.075893 0.00000
0.522000 -0.075893 0.00000
0.558000 -0.075893 0.00000
0.594000 -0.075893 0.00000
0.630000 -0.075893 0.00000
0.666000 -0.075893 0.00000
0.702000 -0.075893 0.00000
0.738000 -0.075893 0.00000
0.774000 -0.075893 0.00000
0.810000 -0.075893 0.00000
0.846000 -0.075893 0.00000
0.882000 -0.075893 0.00000
0.918000 -0.075893 0.00000
0.954000 -0.075893 0.00000
0.990000 -0.075893 0.00000
1.026000 -0.075893 0.00000
1.062000 -0.075893 0.00000
1.098000 -0.075893 0.00000
1.134000 -0.075893 0.00000
1.170000 -0.075893 0.00000
1.206000 -0.075893 0.00000
1.242000 -0.075893 0.00000
1.278000 -0.075893 0.00000
1.314000 -0.075893 0.00000
1.350000 -0.075893 0.00000
1.386000 -0.075893 0.00000
1.422000 -0.075893 0.00000
1.458000 -0.075893 0.00000
1.494000 -0.075893 0.00000
1.530000 -0.075893 0.00000
1.566000 -0.075893 0.00000
1.602000 -0.075893 0.00000
1.638000 -0.075893 0.00000
1.674000 -0.075893 0.00000
1.710000 -0.075893 0.00000
1.746000 -0.075893 0.00000
1.782000 -0.075893 0.00000
1.818000 -0.075893 0.00000
1.854000 -0.075893 0.00000
1.890000 -0.075893 0.00000
1.926000 -0.075893 0.00000
1.962000 -0.075893 0.00000
1.998000 -0.075893 0.00000
2.034000 -0.075893 0.00000
2.070000 -0.075893 0.00000
2.106000 -0.075893 0.00000
2.142000 -0.075893 0.00000
2.178000 -0.075893 0.00000
2.214000 -0.075893 0.00000
2.250000 -0.075893 0.00000
2.286000 -0.075893 0.00000
2.322000 -0.075893 0.00000
2.358000 -0.075893 0.00000
2.394000 -0.075893 0.00000
2.430000 -0.075893 0.00000
2.466000 -0.075893 0.00000
2.502000 -0.075893 0.00000
2.538000 -0.075893 0.00000
2.574000 -0.075893 0.00000
2.610000 -0.075893 0.00000
2.646000 -0.075893 0.00000
2.682000 -0.075893 0.00000
2.718000 -0.075893 0.00000
2.754000 -0.075893 0.00000
2.790000 -0.075893 0.00000
2.826000 -0.075893 0.00000
2.862000 -0.075893 0.00000
2.898000 -0.075893 0.00000
2.934000 -0.075893 0.00000
2.970000 -0.075893 0.00000
3.006000 -0.075893 0.00000
3.042000 -0.075893 0.00000
3.078000 -0.075893 0.00000
3.114000 -0.075893 0.00000
3.150000 -0.075893 0.00000
3.186000 -0.075893 0.00000
3.222000 -0.075893 0.00000
3.258000 -0.075893 0.00000
3.294000 -0.075893 0.00000
3.330000 -0.075893 0.00000
3.366000 -0.075893 0.00000
3.402000 -0.075893 0.00000
3.438000 -0.075893 0.00000
3.474000 -0.075893 0.00000
3.510000 -0.075893 0.00000
3.546000 -0.075893 0.00000
3.582000 -0.075893 0.00000
3.618000 -0.075893 0.00000
3.654000 -0.075893 0.00000
3.690000 -0.075893 0.00000
3.726000 -0.075893 0.00000
3.762000 -0.075893 0.00000
3.798000 -0.075893 0.00000
3.834000 -0.075893 0.00000
3.870000 -0.075893 0.00000
3.906000 -0.075893 0.00000
3.942000 -0.075893 0.00000
3.978000 -0.075893 0.00000
4.014000 -0.075893 0.00000
4.050000 -0.075893 0.00000
4.086000 -0.075893 0.00000
4.122000 -0.075893 0.00000
4.158000 -0.075893 0.00000
4.194000 -0.075893 0.00000
4.230000 -0.075893 0.00000
4.266000 -0.075893 0.00000
4.302000 -0.075893 0.00000
4.338000 -0.075893 0.00000
4.374000 -0.075893 0.00000
4.410000 -0.075893 0.00000
4.446000 -0.075893 0.00000
4.482000 -0.075893 0.00000
4.518000 -0.075893 0.00000
4.554000 -0.075893 0.00000
4.590000 -0.075893 0.00000
4.626000 -0.075893 0.00000
4.662000 -0.075893 0.00000
4.698000 -0.075893 0.00000
4.734000 -0.075893 0.00000
4.770000 -0.075893 0.00000
4.806000 -0.075893 0.00000
4.842000 -0.075893 0.00000
4.878000 -0.075893 0.00000
4.914000 -0.075893 0.00000
4.950000 -0.075893 0.00000
4.986000 -0.075893 0.00000
5.022000 -0.075893 0.00000
5.058000 -0.075893 0.00000
5.094000 -0.075893 0.00000
5.130000 -0.075893 0.00000
5.166000 -0.075893 0.00000
5.202000 -0.075893 0.00000
5.238000 -0.075893 0.00000
5.274000 -0.075893 0.00000
5.310000 -0.075893 0.00000
5.346000 -0.075893 0.00000
5.382000 -0.075893 0.00000
0.018000 -0.045536 0.00000
0.054000 -0.045536 0.00000
0.090000 -0.045536 0.00000
0.126000 -0.045536 0.00000
0.162000 -0.045536 0.00000
0.198000 -0.045536 0.00000
0.234000 -0.045536 0.00000
0.270000 -0.045536 0.00000
0.306000 -0.045536 0.00000
0.342000 -0.045536 0.00000
0.378000 -0.045536 0.00000
0.414000 -0.045536 0.00000
0.450000 -0.045536 0.90309
0.486000 -0.045536 0.47712
0.522000 -0.045536 1.00000
0.558000 -0.045536 0.95424
0.594000 -0.045536 0.00000
0.630000 -0.045536 0.00000
0.666000 -0.045536 0.00000
0.702000 -0.045536 0.00000
0.738000 -0.045536 0.00000
0.774000 -0.045536 0.00000
0.810000 -0.045536 0.00000
0.846000 -0.045536 0.00000
0.882000 -0.045536 0.00000
0.918000 -0.045536 0.00000
0.954000 -0.045536 0.00000
0.990000 -0.045536 0.00000
1.026000 -0.045536 0.00000
1.062000 -0.045536 0.00000
1.098000 -0.045536 0.00000
1.134000 -0.045536 0.00000
1.170000 -0.045536 0.00000
1.206000 -0.045536 0.00000
1.242000 -0.045536 0.00000
1.278000 -0.045536 0.00000
1.314000 -0.045536 0.00000
1.350000 -0.045536 0.00000
1.386000 -0.045536 0.00000
1.422000 -0.045536 0.00000
1.458000 -0.045536 0.00000
1.494000 -0.045536 0.00000
1.530000 -0.045536 0.00000
1.566000 -0.045536 0.00000
1.602000 -0.045536 0.00000
1.638000 -0.045536 0.00000
1.674000 -0.045536 0.00000
1.710000 -0.045536 0.00000
1.746000 -0.045536 0.00000
1.782000 -0.045536 0.00000
1.818000 -0.045536 0.00000
1.854000 -0.045536 0.00000
1.890000 -0.045536 0.00000
1.926000 -0.045536 0.00000
1.962000 -0.045536 0.00000
1.998000 -0.045536 0.00000
2.034000 -0.045536 0.00000
2.070000 -0.045536 0.00000
2.106000 -0.045536 0.00000
2.142000 -0.045536 0.00000
2.178000 -0.045536 0.00000
2.214000 -0.045536 0.00000
2.250000 -0.045536 0.00000
2.286000 -0.045536 0.00000
2.322000 -0.045536 0.00000
2.358000 -0.045536 0.00000
2.394000 -0.045536 0.00000
2.430000 -0.045536 0.00000
2.466000 -0.045536 0.00000
2.502000 -0.045536 0.00000
2.538000 -0.045536 0.00000
2.574000 -0.045536 0.00000
2.610000 -0.045536 0.00000
2.646000 -0.045536 0.00000
2.682000 -0.045536 0.00000
2.718000 -0.045536 0.00000
2.754000 -0.045536 0.00000
2.790000 -0.045536 0.00000
2.826000 -0.045536 0.00000
2.862000 -0.045536 0.00000
2.898000 -0.045536 0.00000
2.934000 -0.045536 0.00000
2.970000 -0.045536 0.00000
3.006000 -0.045536 0.00000
3.042000 -0.045536 0.00000
3.078000 -0.045536 0.00000
3.114000 -0.045536 0.00000
3.150000 -0.045536 0.00000
3.186000 -0.045536 0.00000
3.222000 -0.045536 0.00000
3.258000 -0.045536 0.00000
3.294000 -0.045536 0.00000
3.330000 -0.045536 0.00000
3.366000 -0.045536 0.00000
3.402000 -0.045536 0.00000
3.438000 -0.045536 0.00000
3.474000 -0.045536 0.00000
3.510000 -0.045536 0.00000
3.546000 -0.045536 0.00000
3.582000 -0.045536 0.00000
3.618000 -0.045536 0.00000
3.654000 -0.045536 0.00000
3.690000 -0.045536 0.00000
3.726000 -0.045536 0.00000
3.762000 -0.045536 0.00000
3.798000 -0.045536 0.00000
3.834000 -0.045536 0.00000
3.870000 -0.045536 0.00000
3.906000 -0.045536 0.00000
3.942000 -0.045536 0.00000
3.978000 -0.045536 0.00000
4.014000 -0.045536 0.00000
4.050000 -0.045536 0.00000
4.086000 -0.045536 0.00000
4.122000 -0.045536 0.00000
4.158000 -0.045536 0.00000
4.194000 -0.045536 0.00000
4.230000 -0.045536 0.00000
4.266000 -0.045536 0.00000
4.302000 -0.045536 0.00000
4.338000 -0.045536 0.00000
4.374000 -0.045536 0.00000
4.410000 -0.045536 0.00000
4.446000 -0.045536 0.00000
4.482000 -0.045536 0.00000
4.518000 -0.045536 0.00000
4.554000 -0.045536 0.00000
4.590000 -0.045536 0.00000
4.626000 -0.045536 0.00000
4.662000 -0.045536 0.00000
4.698000 -0.045536 0.00000
4.734000 -0.045536 0.00000
4.770000 -0.045536 0.00000
4.806000 -0.045536 0.00000
4.842000 -0.045536 0.00000
4.878000 -0.045536 0.00000
4.914000 -0.045536 0.00000
4.950000 -0.045536 0.00000
4.986000 -0.045536 0.00000
5.022000 -0.045536 0.00000
5.058000 -0.045536 0.00000
5.094000 -0.045536 0.00000
5.130000 -0.045536 0.00000
5.166000 -0.045536 0.00000
5.202000 -0.045536 0.00000
5.238000 -0.045536 0.00000
5.274000 -0.045536 0.00000
5.310000 -0.045536 0.00000
5.346000 -0.045536 0.00000
5.382000 -0.045536 0.00000
0.018000 -0.015179 0.00000
0.054000 -0.015179 0.00000
0.090000 -0.015179 0.00000
0.126000 -0.015179 0.30103
0.162000 -0.015179 0.00000
0.198000 -0.015179 0.00000
0.234000 -0.015179 0.00000
0.270000 -0.015179 0.00000
0.306000 -0.015179 0.47712
0.342000 -0.015179 0.69897
0.378000 -0.015179 0.00000
0.414000 -0.015179 0.30103
0.450000 -0.015179 0.77815
0.486000 -0.015179 0.00000
0.522000 -0.015179 0.00000
0.558000 -0.015179 0.00000
0.594000 -0.015179 0.00000
0.630000 -0.015179 0.00000
0.666000 -0.015179 0.00000
0.702000 -0.015179 0.00000
0.738000 -0.015179 0.00000
0.774000 -0.015179 0.00000
0.810000 -0.015179 0.00000
0.846000 -0.015179 0.00000
0.882000 -0.015179 0.00000
0.918000 -0.015179 0.00000
0.954000 -0.015179 0.00000
0.990000 -0.015179 0.00000
1.026000 -0.015179 0.00000
1.062000 -0.015179 0.00000
1.098000 -0.015179 0.00000
1.134000 -0.015179 0.00000
1.170000 -0.015179 0.00000
1.206000 -0.015179 0.00000
1.242000 -0.015179 0.00000
1.278000 -0.015179 0.00000
1.314000 -0.015179 0.00000
1.350000 -0.015179 0.00000
1.386000 -0.015179 0.00000
1.422000 -0.015179 0.00000
1.458000 -0.015179 0.00000
1.494000 -0.015179 0.00000
1.530000 -0.015179 0.00000
1.566000 -0.015179 0.00000
1.602000 -0.015179 0.00000
1.638000 -0.015179 0.00000
1.674000 -0.015179 0.00000
1.710000 -0.015179 0.00000
1.746000 -0.015179 0.00000
1.782000 -0.015179 0.00000
1.818000 -0.015179 0.00000
1.854000 -0.015179 0.00000
1.890000 -0.015179 0.00000
1.926000 -0.015179 0.00000
1.962000 -0.015179 0.00000
1.998000 -0.015179 0.00000
2.034000 -0.015179 0.00000
2.070000 -0.015179 0.00000
2.106000 -0.015179 0.00000
2.142000 -0.015179 0.00000
2.178000 -0.015179 0.00000
2.214000 -0.015179 0.00000
2.250000 -0.015179 0.00000
2.286000 -0.015179 0.00000
2.322000 -0.015179 0.00000
2.358000 -0.015179 0.00000
2.394000 -0.015179 0.00000
2.430000 -0.015179 0.00000
2.466000 -0.015179 0.00000
2.502000 -0.015179 0.00000
2.538000 -0.015179 0.00000
2.574000 -0.015179 0.00000
2.610000 -0.015179 0.00000
2.646000 -0.015179 0.00000
2.682000 -0.015179 0.00000
2.718000 -0.015179 0.00000
2.754000 -0.015179 0.00000
2.790000 -0.015179 0.00000
2.826000 -0.015179 0.00000
2.862000 -0.015179 0.00000
2.898000 -0.015179 0.00000
2.934000 -0.015179 0.00000
2.970000 -0.015179 0.00000
3.006000 -0.015179 0.00000
3.042000 -0.015179 0.00000
3.078000 -0.015179 0.00000
3.114000 -0.015179 0.00000
3.150000 -0.015179 0.00000
3.186000 -0.015179 0.00000
3.222000 -0.015179 0.00000
3.258000 -0.015179 0.00000
3.294000 -0.015179 0.00000
3.330000 -0.015179 0.00000
3.366000 -0.015179 0.00000
3.402000 -0.015179 0.00000
3.438000 -0.015179 0.00000
3.474000 -0.015179 0.00000
3.510000 -0.015179 0.00000
3.546000 -0.015179 0.00000
3.582000 -0.015179 0.00000
3.618000 -0.015179 0.00000
3.654000 -0.015179 0.00000
3.690000 -0.015179 0.00000
3.726000 -0.015179 0.00000
3.762000 -0.015179 0.00000
3.798000 -0.015179 0.00000
3.834000 -0.015179 0.00000
3.870000 -0.015179 0.00000
3.906000 -0.015179 0.00000
3.942000 -0.015179 0.00000
3.978000 -0.015179 0.00000
4.014000 -0.015179 0.00000
4.050000 -0.015179 0.00000
4.086000 -0.015179 0.00000
4.122000 -0.015179 0.00000
4.158000 -0.015179 0.00000
4.194000 -0.015179 0.00000
4.230000 -0.015179 0.00000
4.266000 -0.015179 0.00000
4.302000 -0.015179 0.00000
4.338000 -0.015179 0.00000
4.374000 -0.015179 0.00000
4.410000 -0.015179 0.00000
4.446000 -0.015179 0.00000
4.482000 -0.015179 0.00000
4.518000 -0.015179 0.00000
4.554000 -0.015179 0.00000
4.590000 -0.015179 0.00000
4.626000 -0.015179 0.00000
4.662000 -0.015179 0.00000
4.698000 -0.015179 0.00000
4.734000 -0.015179 0.00000
4.770000 -0.015179 0.00000
4.806000 -0.015179 0.00000
4.842000 -0.015179 0.00000
4.878000 -0.015179 0.00000
4.914000 -0.015179 0.00000
4.950000 -0.015179 0.00000
4.986000 -0.015179 0.00000
5.022000 -0.015179 0.00000
5.058000 -0.015179 0.00000
5.094000 -0.015179 0.00000
5.130000 -0.015179 0.00000
5.166000 -0.015179 0.00000
5.202000 -0.015179 0.00000
5.238000 -0.015179 0.00000
5.274000 -0.015179 0.00000
5.310000 -0.015179 0.00000
5.346000 -0.015179 0.00000
5.382000 -0.015179 0.00000
